device_id,latitude,longitude,timestamp,store_id,store_name,distance_km
DEV883,18.594252,73.780617,2026-09-18 06:01:00,STORE001,GeoMart Wakad,1.9302455637566183
DEV752,18.59642,73.752861,2026-09-18 06:02:00,STORE001,GeoMart Wakad,1.1063750579582472
DEV287,18.594586,73.761368,2026-09-18 06:13:00,STORE001,GeoMart Wakad,0.5200779003548686
DEV373,18.606854,73.765148,2026-09-18 06:13:00,STORE001,GeoMart Wakad,0.9021855159412248
DEV905,18.603927,73.765611,2026-09-18 06:17:00,STORE001,GeoMart Wakad,0.6130762736666612
DEV345,18.599585,73.76172,2026-09-18 06:21:00,STORE001,GeoMart Wakad,0.14976080718558474
DEV973,18.605104,73.754046,2026-09-18 06:24:00,STORE001,GeoMart Wakad,1.1623709351812332
DEV596,18.587725,73.763928,2026-09-18 06:25:00,STORE001,GeoMart Wakad,1.257531819756565
DEV858,18.596049,73.774585,2026-09-18 06:38:00,STORE001,GeoMart Wakad,1.2642527976873303
DEV306,18.601175,73.777642,2026-09-18 06:43:00,STORE001,GeoMart Wakad,1.5619139445762813
DEV612,18.602849,73.755646,2026-09-18 06:54:00,STORE001,GeoMart Wakad,0.8853352661010028
DEV026,18.58704,73.774651,2026-09-18 06:59:00,STORE001,GeoMart Wakad,1.810078861085972
DEV762,18.614455,73.770631,2026-09-18 07:03:00,STORE001,GeoMart Wakad,1.8973673566259095
DEV986,18.59549,73.772542,2026-09-18 07:20:00,STORE001,GeoMart Wakad,1.078702890346676
DEV700,18.611271,73.751704,2026-09-18 07:21:00,STORE001,GeoMart Wakad,1.8107669218049691
DEV891,18.598867,73.775026,2026-09-18 07:22:00,STORE001,GeoMart Wakad,1.267478749157921
DEV672,18.59946,73.758704,2026-09-18 07:27:00,STORE001,GeoMart Wakad,0.45562496841899736
DEV446,18.595983,73.766184,2026-09-18 07:27:00,STORE001,GeoMart Wakad,0.47449154207684935
DEV242,18.61049,73.758895,2026-09-18 07:28:00,STORE001,GeoMart Wakad,1.3488817329375606
DEV938,18.595672,73.759181,2026-09-18 07:29:00,STORE001,GeoMart Wakad,0.5467464121005224
DEV541,18.589954,73.763477,2026-09-18 07:32:00,STORE001,GeoMart Wakad,1.0071247489687172
DEV340,18.601485,73.760535,2026-09-18 07:34:00,STORE001,GeoMart Wakad,0.37925897446485785
DEV344,18.602977,73.775179,2026-09-18 07:40:00,STORE001,GeoMart Wakad,1.3575478126169118
DEV230,18.603715,73.755231,2026-09-18 07:41:00,STORE001,GeoMart Wakad,0.9722231152730105
DEV407,18.605467,73.766472,2026-09-18 07:44:00,STORE001,GeoMart Wakad,0.8068354364880824
DEV562,18.604357,73.77616,2026-09-18 07:44:00,STORE001,GeoMart Wakad,1.5093904936953277
DEV567,18.599238,73.75681,2026-09-18 07:49:00,STORE001,GeoMart Wakad,0.6528857268100151
DEV363,18.605589,73.760591,2026-09-18 07:52:00,STORE001,GeoMart Wakad,0.7754015740216854
DEV753,18.606711,73.759018,2026-09-18 08:04:00,STORE001,GeoMart Wakad,0.9546084347878688
DEV108,18.586955,73.75632,2026-09-18 08:07:00,STORE001,GeoMart Wakad,1.5131013604459853
DEV247,18.603066,73.758787,2026-09-18 08:10:00,STORE001,GeoMart Wakad,0.6336725483519065
DEV506,18.587388,73.757464,2026-09-18 08:11:00,STORE001,GeoMart Wakad,1.4168962496504391
DEV584,18.585997,73.767419,2026-09-18 08:16:00,STORE001,GeoMart Wakad,1.519023951038568
DEV491,18.606199,73.76433,2026-09-18 08:18:00,STORE001,GeoMart Wakad,0.8126705641240344
DEV935,18.59433,73.780832,2026-09-18 08:19:00,STORE001,GeoMart Wakad,1.949721731395335
DEV164,18.589309,73.755694,2026-09-18 08:20:00,STORE001,GeoMart Wakad,1.324415286909112
DEV870,18.581519,73.761831,2026-09-18 08:22:00,STORE001,GeoMart Wakad,1.9476991567785535
DEV039,18.607297,73.77751,2026-09-18 08:31:00,STORE001,GeoMart Wakad,1.7858957846587518
DEV236,18.614255,73.754897,2026-09-18 08:31:00,STORE001,GeoMart Wakad,1.8990884471119038
DEV190,18.613003,73.757486,2026-09-18 08:35:00,STORE001,GeoMart Wakad,1.6619572823916782
DEV146,18.596997,73.767314,2026-09-18 08:36:00,STORE001,GeoMart Wakad,0.5062685385947956
DEV896,18.597399,73.756014,2026-09-18 08:37:00,STORE001,GeoMart Wakad,0.7574588879828479
DEV355,18.602308,73.776509,2026-09-18 08:38:00,STORE001,GeoMart Wakad,1.4704188735731876
DEV367,18.596894,73.779003,2026-09-18 08:41:00,STORE001,GeoMart Wakad,1.7027093425008084
DEV122,18.611056,73.753473,2026-09-18 08:47:00,STORE001,GeoMart Wakad,1.674848816691489
DEV688,18.58239,73.767155,2026-09-18 08:54:00,STORE001,GeoMart Wakad,1.898151344285135
DEV842,18.589595,73.76946,2026-09-18 08:59:00,STORE001,GeoMart Wakad,1.2478754702669543
DEV757,18.610945,73.758999,2026-09-18 08:59:00,STORE001,GeoMart Wakad,1.3935417895679643
DEV227,18.588005,73.751179,2026-09-18 09:05:00,STORE001,GeoMart Wakad,1.7455110020979352
DEV543,18.596712,73.774079,2026-09-18 09:26:00,STORE001,GeoMart Wakad,1.1949940927086142
DEV445,18.608779,73.765704,2026-09-18 09:31:00,STORE001,GeoMart Wakad,1.1240938679866512
DEV516,18.589767,73.77713,2026-09-18 09:32:00,STORE001,GeoMart Wakad,1.8087724217401417
DEV371,18.596584,73.778237,2026-09-18 09:34:00,STORE001,GeoMart Wakad,1.6281200465619945
DEV832,18.581558,73.759605,2026-09-18 09:35:00,STORE001,GeoMart Wakad,1.972191695207793
DEV528,18.590559,73.760634,2026-09-18 09:37:00,STORE001,GeoMart Wakad,0.9711540886876913
DEV162,18.606786,73.777748,2026-09-18 09:39:00,STORE001,GeoMart Wakad,1.7790873136741694
DEV726,18.585432,73.769159,2026-09-18 09:39:00,STORE001,GeoMart Wakad,1.6424054389072344
DEV079,18.610047,73.757409,2026-09-18 09:41:00,STORE001,GeoMart Wakad,1.3623708115806306
DEV388,18.595364,73.778301,2026-09-18 09:44:00,STORE001,GeoMart Wakad,1.6624656360686667
DEV870,18.607173,73.774308,2026-09-18 09:49:00,STORE001,GeoMart Wakad,1.4986819052825313
DEV311,18.597413,73.76393,2026-09-18 09:57:00,STORE001,GeoMart Wakad,0.2018576827780393
DEV163,18.604096,73.762833,2026-09-18 10:09:00,STORE001,GeoMart Wakad,0.5669225900091615
DEV012,18.611159,73.766975,2026-09-18 10:18:00,STORE001,GeoMart Wakad,1.4154270421463708
DEV232,18.589173,73.770838,2026-09-18 10:23:00,STORE001,GeoMart Wakad,1.3698113370884422
DEV610,18.605699,73.762865,2026-09-18 10:24:00,STORE001,GeoMart Wakad,0.7450306653945455
DEV852,18.611616,73.775262,2026-09-18 10:28:00,STORE001,GeoMart Wakad,1.9072932827080609
DEV122,18.594842,73.770559,2026-09-18 10:29:00,STORE001,GeoMart Wakad,0.9210827944625777
DEV928,18.593147,73.776104,2026-09-18 10:30:00,STORE001,GeoMart Wakad,1.5266951058346805
DEV195,18.588108,73.771505,2026-09-18 10:32:00,STORE001,GeoMart Wakad,1.5067491151621302
DEV673,18.596774,73.755587,2026-09-18 10:33:00,STORE001,GeoMart Wakad,0.8195169317035195
DEV524,18.596507,73.77778,2026-09-18 10:40:00,STORE001,GeoMart Wakad,1.5821157485984547
DEV239,18.590783,73.757933,2026-09-18 10:41:00,STORE001,GeoMart Wakad,1.0582986510695451
DEV184,18.605873,73.768367,2026-09-18 10:42:00,STORE001,GeoMart Wakad,0.9507759971915648
DEV864,18.605016,73.766546,2026-09-18 10:46:00,STORE001,GeoMart Wakad,0.7662522780227904
DEV441,18.586718,73.775916,2026-09-18 10:54:00,STORE001,GeoMart Wakad,1.928234802188772
DEV116,18.583387,73.766909,2026-09-18 11:03:00,STORE001,GeoMart Wakad,1.7842989784587415
DEV464,18.601755,73.763252,2026-09-18 11:04:00,STORE001,GeoMart Wakad,0.3074910315288582
DEV428,18.611135,73.773822,2026-09-18 11:10:00,STORE001,GeoMart Wakad,1.7667501390875302
DEV087,18.601806,73.768765,2026-09-18 11:11:00,STORE001,GeoMart Wakad,0.6829897320676601
DEV537,18.59767,73.761953,2026-09-18 11:12:00,STORE001,GeoMart Wakad,0.18451676181534826
DEV712,18.595551,73.773238,2026-09-18 11:27:00,STORE001,GeoMart Wakad,1.1451011656317993
DEV205,18.588845,73.752035,2026-09-18 11:29:00,STORE001,GeoMart Wakad,1.6157018121495226
DEV769,18.587672,73.768979,2026-09-18 11:34:00,STORE001,GeoMart Wakad,1.408439332105112
DEV858,18.610436,73.752636,2026-09-18 11:34:00,STORE001,GeoMart Wakad,1.6762856609986767
DEV019,18.604318,73.767857,2026-09-18 11:36:00,STORE001,GeoMart Wakad,0.7820979147267251
DEV790,18.593444,73.761227,2026-09-18 11:36:00,STORE001,GeoMart Wakad,0.6454382599921997
DEV179,18.586777,73.762128,2026-09-18 11:42:00,STORE001,GeoMart Wakad,1.3622391137624785
DEV912,18.606907,73.776559,2026-09-18 11:42:00,STORE001,GeoMart Wakad,1.6777459978938039
DEV850,18.587927,73.757259,2026-09-18 11:48:00,STORE001,GeoMart Wakad,1.371893017763181
DEV971,18.601193,73.778735,2026-09-18 11:48:00,STORE001,GeoMart Wakad,1.6760975299788154
DEV980,18.589655,73.752816,2026-09-18 11:54:00,STORE001,GeoMart Wakad,1.4938977544062282
DEV412,18.603499,73.761145,2026-09-18 11:57:00,STORE001,GeoMart Wakad,0.5371061170300377
DEV295,18.602335,73.755174,2026-09-18 11:57:00,STORE001,GeoMart Wakad,0.9042901493643761
DEV928,18.597905,73.75874,2026-09-18 11:58:00,STORE001,GeoMart Wakad,0.46517071564585705
DEV919,18.608151,73.763745,2026-09-18 12:05:00,STORE001,GeoMart Wakad,1.0205691807762873
DEV364,18.610233,73.766013,2026-09-18 12:06:00,STORE001,GeoMart Wakad,1.2887796499014437
DEV793,18.610907,73.774809,2026-09-18 12:12:00,STORE001,GeoMart Wakad,1.8170579159072757
DEV490,18.606857,73.773301,2026-09-18 12:12:00,STORE001,GeoMart Wakad,1.393466339160807
DEV057,18.592508,73.75697,2026-09-18 12:15:00,STORE001,GeoMart Wakad,0.9617520104053181
DEV366,18.608614,73.773304,2026-09-18 12:19:00,STORE001,GeoMart Wakad,1.5237993508591103
DEV113,18.587978,73.751916,2026-09-18 12:27:00,STORE001,GeoMart Wakad,1.6931205508904386
DEV313,18.585962,73.754533,2026-09-18 12:42:00,STORE001,GeoMart Wakad,1.7023788044112809
DEV301,18.583585,73.770707,2026-09-18 12:47:00,STORE001,GeoMart Wakad,1.8967869283639387
DEV806,18.610408,73.766282,2026-09-18 12:54:00,STORE001,GeoMart Wakad,1.314818822087841
DEV565,18.599126,73.761254,2026-09-18 12:56:00,STORE001,GeoMart Wakad,0.18453940448404452
DEV993,18.610031,73.769953,2026-09-18 12:57:00,STORE001,GeoMart Wakad,1.4287858646675429
DEV665,18.603224,73.756591,2026-09-18 13:09:00,STORE001,GeoMart Wakad,0.8226785003249009
DEV696,18.590959,73.766303,2026-09-18 13:10:00,STORE001,GeoMart Wakad,0.9594914669907674
DEV372,18.590202,73.750353,2026-09-18 13:18:00,STORE001,GeoMart Wakad,1.6533618064550124
DEV709,18.607084,73.757208,2026-09-18 13:19:00,STORE001,GeoMart Wakad,1.0865531653823066
DEV930,18.605234,73.763462,2026-09-18 13:21:00,STORE001,GeoMart Wakad,0.6948969496253006
DEV303,18.609091,73.762298,2026-09-18 13:30:00,STORE001,GeoMart Wakad,1.1245041748673945
DEV767,18.607266,73.765317,2026-09-18 13:31:00,STORE001,GeoMart Wakad,0.9510183231443872
DEV877,18.605897,73.780062,2026-09-18 13:36:00,STORE001,GeoMart Wakad,1.9548076170754063
DEV993,18.597697,73.754741,2026-09-18 13:36:00,STORE001,GeoMart Wakad,0.8823765598305031
DEV195,18.605915,73.768326,2026-09-18 13:37:00,STORE001,GeoMart Wakad,0.9519800310627418
DEV191,18.584543,73.752375,2026-09-18 13:40:00,STORE001,GeoMart Wakad,1.9591155812151857
DEV092,18.582871,73.76811,2026-09-18 13:43:00,STORE001,GeoMart Wakad,1.8725790934873778
DEV278,18.609948,73.770291,2026-09-18 13:48:00,STORE001,GeoMart Wakad,1.4395632678931145
DEV973,18.614112,73.754637,2026-09-18 13:54:00,STORE001,GeoMart Wakad,1.8974694954737437
DEV575,18.593395,73.778536,2026-09-18 14:11:00,STORE001,GeoMart Wakad,1.7519377101939604
DEV235,18.591576,73.774269,2026-09-18 14:15:00,STORE001,GeoMart Wakad,1.4463595643741682
DEV658,18.589337,73.773878,2026-09-18 14:15:00,STORE001,GeoMart Wakad,1.5712489825115965
DEV472,18.597418,73.762554,2026-09-18 14:23:00,STORE001,GeoMart Wakad,0.18208171892286967
DEV798,18.60764,73.754433,2026-09-18 14:31:00,STORE001,GeoMart Wakad,1.3183696845760693
DEV029,18.588775,73.756474,2026-09-18 14:39:00,STORE001,GeoMart Wakad,1.3288109485273087
DEV329,18.586516,73.757991,2026-09-18 14:43:00,STORE001,GeoMart Wakad,1.4851484854878652
DEV986,18.597251,73.760043,2026-09-18 14:46:00,STORE001,GeoMart Wakad,0.36733841237071974
DEV405,18.593916,73.780027,2026-09-18 14:46:00,STORE001,GeoMart Wakad,1.8814028002375582
DEV550,18.591979,73.75148,2026-09-18 14:48:00,STORE001,GeoMart Wakad,1.443436322838697
DEV192,18.594834,73.773254,2026-09-18 14:49:00,STORE001,GeoMart Wakad,1.1757600884161685
DEV558,18.609708,73.752555,2026-09-18 15:06:00,STORE001,GeoMart Wakad,1.6215224256830827
DEV391,18.58317,73.760094,2026-09-18 15:11:00,STORE001,GeoMart Wakad,1.7866619863458855
DEV148,18.603887,73.754456,2026-09-18 15:14:00,STORE001,GeoMart Wakad,1.051688537762024
DEV384,18.585945,73.757125,2026-09-18 15:17:00,STORE001,GeoMart Wakad,1.578184475840069
DEV282,18.609257,73.751977,2026-09-18 15:21:00,STORE001,GeoMart Wakad,1.6279552920378566
DEV102,18.603987,73.766132,2026-09-18 15:29:00,STORE001,GeoMart Wakad,0.6453280337420253
DEV902,18.587088,73.762264,2026-09-18 15:31:00,STORE001,GeoMart Wakad,1.3268232770262594
DEV408,18.605686,73.766984,2026-09-18 15:32:00,STORE001,GeoMart Wakad,0.8538126529718986
DEV250,18.606292,73.753125,2026-09-18 15:35:00,STORE001,GeoMart Wakad,1.3192677532804786
DEV566,18.598174,73.773946,2026-09-18 15:36:00,STORE001,GeoMart Wakad,1.1572267248790316
DEV129,18.5875,73.766302,2026-09-18 15:46:00,STORE001,GeoMart Wakad,1.325249211933199
DEV772,18.588797,73.75235,2026-09-18 15:49:00,STORE001,GeoMart Wakad,1.5959163188831649
DEV869,18.605318,73.769906,2026-09-18 15:50:00,STORE001,GeoMart Wakad,1.0115489976926786
DEV401,18.59852,73.772902,2026-09-18 15:53:00,STORE001,GeoMart Wakad,1.0449140932113596
DEV531,18.594395,73.758012,2026-09-18 15:55:00,STORE001,GeoMart Wakad,0.7338515854115009
DEV519,18.58282,73.757762,2026-09-18 15:55:00,STORE001,GeoMart Wakad,1.881924142208133
DEV077,18.5878,73.777691,2026-09-18 16:04:00,STORE001,GeoMart Wakad,1.987011632060811
DEV772,18.594311,73.750206,2026-09-18 16:06:00,STORE001,GeoMart Wakad,1.44564646404418
DEV081,18.613354,73.770577,2026-09-18 16:10:00,STORE001,GeoMart Wakad,1.7846830716008484
DEV527,18.599672,73.76213,2026-09-18 16:13:00,STORE001,GeoMart Wakad,0.11827952582237358
DEV904,18.592253,73.780434,2026-09-18 16:24:00,STORE001,GeoMart Wakad,1.9846303965117544
DEV468,18.59273,73.764183,2026-09-18 16:35:00,STORE001,GeoMart Wakad,0.7082520939335397
DEV547,18.603575,73.759923,2026-09-18 16:38:00,STORE001,GeoMart Wakad,0.6032794149918049
DEV366,18.583397,73.771041,2026-09-18 16:44:00,STORE001,GeoMart Wakad,1.9308874676326253
DEV722,18.604785,73.752537,2026-09-18 16:50:00,STORE001,GeoMart Wakad,1.2765692287179577
DEV387,18.599681,73.76777,2026-09-18 16:52:00,STORE001,GeoMart Wakad,0.5083694403398273
DEV277,18.593847,73.761928,2026-09-18 16:53:00,STORE001,GeoMart Wakad,0.5840192559907902
DEV093,18.614228,73.756325,2026-09-18 16:54:00,STORE001,GeoMart Wakad,1.8335757835516064
DEV421,18.612624,73.754054,2026-09-18 16:58:00,STORE001,GeoMart Wakad,1.7843145854847917
DEV283,18.582313,73.765948,2026-09-18 17:01:00,STORE001,GeoMart Wakad,1.881342517394235
DEV586,18.598561,73.76203,2026-09-18 17:03:00,STORE001,GeoMart Wakad,0.1132830538098494
DEV976,18.602662,73.756232,2026-09-18 17:08:00,STORE001,GeoMart Wakad,0.8213053964800477
DEV912,18.609655,73.753215,2026-09-18 17:09:00,STORE001,GeoMart Wakad,1.5706854343484242
DEV194,18.607309,73.750067,2026-09-18 17:09:00,STORE001,GeoMart Wakad,1.6465860427315535
DEV953,18.610484,73.770706,2026-09-18 17:38:00,STORE001,GeoMart Wakad,1.5133153415029594
DEV022,18.588676,73.777861,2026-09-18 17:38:00,STORE001,GeoMart Wakad,1.9418739553692488
DEV066,18.588776,73.75148,2026-09-18 17:39:00,STORE001,GeoMart Wakad,1.6632762799668297
DEV596,18.614156,73.763061,2026-09-18 17:39:00,STORE001,GeoMart Wakad,1.6852825684761004
DEV025,18.601338,73.759061,2026-09-18 17:44:00,STORE001,GeoMart Wakad,0.4898063290445333
DEV768,18.60181,73.753726,2026-09-18 17:51:00,STORE001,GeoMart Wakad,1.0260880515466053
DEV772,18.589176,73.773619,2026-09-18 17:54:00,STORE001,GeoMart Wakad,1.5638972719867075
DEV388,18.594594,73.768826,2026-09-18 17:55:00,STORE001,GeoMart Wakad,0.7855049214254622
DEV704,18.595487,73.754916,2026-09-18 17:56:00,STORE001,GeoMart Wakad,0.9372461558741482
DEV974,18.606088,73.771942,2026-09-18 17:57:00,STORE001,GeoMart Wakad,1.2285016187442757
DEV405,18.583323,73.757592,2026-09-18 18:03:00,STORE001,GeoMart Wakad,1.8340157279621372
DEV529,18.606368,73.776784,2026-09-18 18:04:00,STORE001,GeoMart Wakad,1.6677429276252962
DEV541,18.597922,73.775351,2026-09-18 18:08:00,STORE001,GeoMart Wakad,1.3071547326321755
DEV885,18.597444,73.774541,2026-09-18 18:11:00,STORE001,GeoMart Wakad,1.2285290817624677
DEV422,18.603311,73.766038,2026-09-18 18:12:00,STORE001,GeoMart Wakad,0.5764477832496531
DEV579,18.599048,73.764161,2026-09-18 18:13:00,STORE001,GeoMart Wakad,0.12247141089607856
DEV912,18.608141,73.750002,2026-09-18 18:29:00,STORE001,GeoMart Wakad,1.7057156281713084
DEV196,18.596846,73.777149,2026-09-18 18:34:00,STORE001,GeoMart Wakad,1.510252830198988
DEV823,18.601308,73.77662,2026-09-18 18:36:00,STORE001,GeoMart Wakad,1.4581325494679724
DEV902,18.589912,73.762283,2026-09-18 18:40:00,STORE001,GeoMart Wakad,1.0133608102964289
DEV684,18.61435,73.770689,2026-09-18 18:40:00,STORE001,GeoMart Wakad,1.8894122269374864
DEV170,18.596336,73.765042,2026-09-18 18:42:00,STORE001,GeoMart Wakad,0.3661429862518498
DEV030,18.584064,73.766044,2026-09-18 18:52:00,STORE001,GeoMart Wakad,1.691509085381733
DEV416,18.596039,73.76509,2026-09-18 18:52:00,STORE001,GeoMart Wakad,0.39613099360041476
DEV082,18.608612,73.755047,2026-09-18 19:11:00,STORE001,GeoMart Wakad,1.358233397105476
DEV091,18.583466,73.771336,2026-09-18 19:26:00,STORE001,GeoMart Wakad,1.9378919074847378
DEV215,18.599402,73.762454,2026-09-18 19:26:00,STORE001,GeoMart Wakad,0.07286396353807403
DEV150,18.613293,73.757734,2026-09-18 19:27:00,STORE001,GeoMart Wakad,1.6834104586726815
DEV952,18.611836,73.76933,2026-09-18 19:40:00,STORE001,GeoMart Wakad,1.575491613790312
DEV068,18.593091,73.751161,2026-09-18 20:03:00,STORE001,GeoMart Wakad,1.4101370028290416
DEV462,18.584808,73.752764,2026-09-18 20:04:00,STORE001,GeoMart Wakad,1.9115767829729675
DEV283,18.611202,73.756276,2026-09-18 20:09:00,STORE001,GeoMart Wakad,1.530693719192032
DEV657,18.601377,73.753341,2026-09-18 20:21:00,STORE001,GeoMart Wakad,1.051687255974355
DEV342,18.611538,73.760096,2026-09-18 20:24:00,STORE001,GeoMart Wakad,1.4273558639601767
DEV429,18.610789,73.769146,2026-09-18 20:34:00,STORE001,GeoMart Wakad,1.4621562740352865
DEV853,18.600331,73.764237,2026-09-18 20:35:00,STORE001,GeoMart Wakad,0.19722806836870777
DEV145,18.59362,73.755031,2026-09-18 20:35:00,STORE001,GeoMart Wakad,1.0311262911234722
DEV312,18.600472,73.765553,2026-09-18 20:39:00,STORE001,GeoMart Wakad,0.314929505364958
DEV620,18.614747,73.758001,2026-09-18 20:40:00,STORE001,GeoMart Wakad,1.828518795805615
DEV596,18.58794,73.76696,2026-09-18 20:41:00,STORE001,GeoMart Wakad,1.2987020590890408
DEV168,18.601682,73.756433,2026-09-18 20:43:00,STORE001,GeoMart Wakad,0.7535955446747186
DEV494,18.600596,73.777748,2026-09-18 20:45:00,STORE001,GeoMart Wakad,1.5643488421754894
DEV227,18.611807,73.752986,2026-09-18 20:46:00,STORE001,GeoMart Wakad,1.7724754385652255
DEV840,18.594338,73.78074,2026-09-18 20:46:00,STORE001,GeoMart Wakad,1.9401399457612147
DEV620,18.609141,73.771221,2026-09-18 20:54:00,STORE001,GeoMart Wakad,1.4220177963115705
DEV908,18.616039,73.766365,2026-09-18 20:54:00,STORE001,GeoMart Wakad,1.9275501131184722
DEV028,18.585941,73.756254,2026-09-18 21:02:00,STORE001,GeoMart Wakad,1.6168055924697187
DEV830,18.604286,73.760057,2026-09-18 21:05:00,STORE001,GeoMart Wakad,0.6645861544573298
DEV621,18.602292,73.779406,2026-09-18 21:08:00,STORE001,GeoMart Wakad,1.76729839811042
DEV087,18.590788,73.776538,2026-09-18 21:08:00,STORE001,GeoMart Wakad,1.693957260549469
DEV077,18.59718,73.766877,2026-09-18 21:12:00,STORE001,GeoMart Wakad,0.45596210694256994
DEV912,18.597096,73.773597,2026-09-18 21:12:00,STORE001,GeoMart Wakad,1.136689876081777
DEV283,18.601037,73.768703,2026-09-18 21:18:00,STORE001,GeoMart Wakad,0.6422863824756833
DEV128,18.601012,73.76424,2026-09-18 21:19:00,STORE001,GeoMart Wakad,0.2590941077733149
DEV822,18.591364,73.775708,2026-09-18 21:25:00,STORE001,GeoMart Wakad,1.5857677075288732
DEV877,18.582276,73.76486,2026-09-18 21:27:00,STORE001,GeoMart Wakad,1.869927610898809
DEV229,18.607001,73.768211,2026-09-18 21:29:00,STORE001,GeoMart Wakad,1.0455108273598455
DEV340,18.588134,73.764105,2026-09-18 21:33:00,STORE001,GeoMart Wakad,1.213843478609747
DEV425,18.612087,73.755917,2026-09-18 21:35:00,STORE001,GeoMart Wakad,1.635478888733903
DEV838,18.582224,73.760166,2026-09-18 21:36:00,STORE001,GeoMart Wakad,1.8891669092427115
DEV311,18.60937,73.767964,2026-09-18 21:36:00,STORE001,GeoMart Wakad,1.2662081478830811
DEV406,18.584141,73.763963,2026-09-18 21:40:00,STORE001,GeoMart Wakad,1.6553596854046972
DEV191,18.60491,73.775262,2026-09-18 21:40:00,STORE001,GeoMart Wakad,1.449740940191595
DEV741,18.599621,73.780335,2026-09-18 21:40:00,STORE001,GeoMart Wakad,1.8281962496461592
DEV183,18.608434,73.776804,2026-09-18 21:43:00,STORE001,GeoMart Wakad,1.7935077880218704
DEV889,18.584763,73.758373,2026-09-18 21:46:00,STORE001,GeoMart Wakad,1.6564874823213267
DEV467,18.588737,73.768411,2026-09-18 21:46:00,STORE001,GeoMart Wakad,1.2757469665410257
DEV277,18.599284,73.768728,2026-09-18 21:48:00,STORE001,GeoMart Wakad,0.6044854441075407
DEV323,18.600229,73.77109,2026-09-18 21:51:00,STORE001,GeoMart Wakad,0.8634659589523147
DEV087,18.601728,73.770577,2026-09-18 22:06:00,STORE001,GeoMart Wakad,0.8541912138121573
DEV058,18.602507,73.766217,2026-09-18 22:21:00,STORE001,GeoMart Wakad,0.516729783790404
DEV273,18.596106,73.759751,2026-09-18 22:24:00,STORE001,GeoMart Wakad,0.4698902670342538
DEV115,18.593015,73.750952,2026-09-18 22:28:00,STORE001,GeoMart Wakad,1.43356682759731
DEV047,18.597902,73.777803,2026-09-18 22:35:00,STORE001,GeoMart Wakad,1.5648287689240823
DEV189,18.594529,73.75405,2026-09-18 22:40:00,STORE001,GeoMart Wakad,1.0662303134947437
DEV466,18.616828,73.761855,2026-09-18 22:44:00,STORE001,GeoMart Wakad,1.9860519662909522
DEV494,18.581953,73.767959,2026-09-18 22:53:00,STORE001,GeoMart Wakad,1.966272577130143
DEV676,18.590558,73.773162,2026-09-18 22:56:00,STORE001,GeoMart Wakad,1.4241352936880627
DEV883,18.594252,73.780617,2026-09-18 06:01:00,STORE001,GeoMart Wakad,1.9302455637566183
DEV752,18.59642,73.752861,2026-09-18 06:02:00,STORE001,GeoMart Wakad,1.1063750579582472
DEV287,18.594586,73.761368,2026-09-18 06:13:00,STORE001,GeoMart Wakad,0.5200779003548686
DEV373,18.606854,73.765148,2026-09-18 06:13:00,STORE001,GeoMart Wakad,0.9021855159412248
DEV905,18.603927,73.765611,2026-09-18 06:17:00,STORE001,GeoMart Wakad,0.6130762736666612
DEV345,18.599585,73.76172,2026-09-18 06:21:00,STORE001,GeoMart Wakad,0.14976080718558474
DEV973,18.605104,73.754046,2026-09-18 06:24:00,STORE001,GeoMart Wakad,1.1623709351812332
DEV596,18.587725,73.763928,2026-09-18 06:25:00,STORE001,GeoMart Wakad,1.257531819756565
DEV858,18.596049,73.774585,2026-09-18 06:38:00,STORE001,GeoMart Wakad,1.2642527976873303
DEV306,18.601175,73.777642,2026-09-18 06:43:00,STORE001,GeoMart Wakad,1.5619139445762813
DEV612,18.602849,73.755646,2026-09-18 06:54:00,STORE001,GeoMart Wakad,0.8853352661010028
DEV026,18.58704,73.774651,2026-09-18 06:59:00,STORE001,GeoMart Wakad,1.810078861085972
DEV762,18.614455,73.770631,2026-09-18 07:03:00,STORE001,GeoMart Wakad,1.8973673566259095
DEV986,18.59549,73.772542,2026-09-18 07:20:00,STORE001,GeoMart Wakad,1.078702890346676
DEV700,18.611271,73.751704,2026-09-18 07:21:00,STORE001,GeoMart Wakad,1.8107669218049691
DEV891,18.598867,73.775026,2026-09-18 07:22:00,STORE001,GeoMart Wakad,1.267478749157921
DEV672,18.59946,73.758704,2026-09-18 07:27:00,STORE001,GeoMart Wakad,0.45562496841899736
DEV446,18.595983,73.766184,2026-09-18 07:27:00,STORE001,GeoMart Wakad,0.47449154207684935
DEV242,18.61049,73.758895,2026-09-18 07:28:00,STORE001,GeoMart Wakad,1.3488817329375606
DEV938,18.595672,73.759181,2026-09-18 07:29:00,STORE001,GeoMart Wakad,0.5467464121005224
DEV541,18.589954,73.763477,2026-09-18 07:32:00,STORE001,GeoMart Wakad,1.0071247489687172
DEV340,18.601485,73.760535,2026-09-18 07:34:00,STORE001,GeoMart Wakad,0.37925897446485785
DEV344,18.602977,73.775179,2026-09-18 07:40:00,STORE001,GeoMart Wakad,1.3575478126169118
DEV230,18.603715,73.755231,2026-09-18 07:41:00,STORE001,GeoMart Wakad,0.9722231152730105
DEV407,18.605467,73.766472,2026-09-18 07:44:00,STORE001,GeoMart Wakad,0.8068354364880824
DEV562,18.604357,73.77616,2026-09-18 07:44:00,STORE001,GeoMart Wakad,1.5093904936953277
DEV567,18.599238,73.75681,2026-09-18 07:49:00,STORE001,GeoMart Wakad,0.6528857268100151
DEV363,18.605589,73.760591,2026-09-18 07:52:00,STORE001,GeoMart Wakad,0.7754015740216854
DEV753,18.606711,73.759018,2026-09-18 08:04:00,STORE001,GeoMart Wakad,0.9546084347878688
DEV108,18.586955,73.75632,2026-09-18 08:07:00,STORE001,GeoMart Wakad,1.5131013604459853
DEV247,18.603066,73.758787,2026-09-18 08:10:00,STORE001,GeoMart Wakad,0.6336725483519065
DEV506,18.587388,73.757464,2026-09-18 08:11:00,STORE001,GeoMart Wakad,1.4168962496504391
DEV584,18.585997,73.767419,2026-09-18 08:16:00,STORE001,GeoMart Wakad,1.519023951038568
DEV491,18.606199,73.76433,2026-09-18 08:18:00,STORE001,GeoMart Wakad,0.8126705641240344
DEV935,18.59433,73.780832,2026-09-18 08:19:00,STORE001,GeoMart Wakad,1.949721731395335
DEV164,18.589309,73.755694,2026-09-18 08:20:00,STORE001,GeoMart Wakad,1.324415286909112
DEV870,18.581519,73.761831,2026-09-18 08:22:00,STORE001,GeoMart Wakad,1.9476991567785535
DEV039,18.607297,73.77751,2026-09-18 08:31:00,STORE001,GeoMart Wakad,1.7858957846587518
DEV236,18.614255,73.754897,2026-09-18 08:31:00,STORE001,GeoMart Wakad,1.8990884471119038
DEV190,18.613003,73.757486,2026-09-18 08:35:00,STORE001,GeoMart Wakad,1.6619572823916782
DEV146,18.596997,73.767314,2026-09-18 08:36:00,STORE001,GeoMart Wakad,0.5062685385947956
DEV896,18.597399,73.756014,2026-09-18 08:37:00,STORE001,GeoMart Wakad,0.7574588879828479
DEV355,18.602308,73.776509,2026-09-18 08:38:00,STORE001,GeoMart Wakad,1.4704188735731876
DEV367,18.596894,73.779003,2026-09-18 08:41:00,STORE001,GeoMart Wakad,1.7027093425008084
DEV122,18.611056,73.753473,2026-09-18 08:47:00,STORE001,GeoMart Wakad,1.674848816691489
DEV688,18.58239,73.767155,2026-09-18 08:54:00,STORE001,GeoMart Wakad,1.898151344285135
DEV842,18.589595,73.76946,2026-09-18 08:59:00,STORE001,GeoMart Wakad,1.2478754702669543
DEV757,18.610945,73.758999,2026-09-18 08:59:00,STORE001,GeoMart Wakad,1.3935417895679643
DEV227,18.588005,73.751179,2026-09-18 09:05:00,STORE001,GeoMart Wakad,1.7455110020979352
DEV543,18.596712,73.774079,2026-09-18 09:26:00,STORE001,GeoMart Wakad,1.1949940927086142
DEV445,18.608779,73.765704,2026-09-18 09:31:00,STORE001,GeoMart Wakad,1.1240938679866512
DEV516,18.589767,73.77713,2026-09-18 09:32:00,STORE001,GeoMart Wakad,1.8087724217401417
DEV371,18.596584,73.778237,2026-09-18 09:34:00,STORE001,GeoMart Wakad,1.6281200465619945
DEV832,18.581558,73.759605,2026-09-18 09:35:00,STORE001,GeoMart Wakad,1.972191695207793
DEV528,18.590559,73.760634,2026-09-18 09:37:00,STORE001,GeoMart Wakad,0.9711540886876913
DEV162,18.606786,73.777748,2026-09-18 09:39:00,STORE001,GeoMart Wakad,1.7790873136741694
DEV726,18.585432,73.769159,2026-09-18 09:39:00,STORE001,GeoMart Wakad,1.6424054389072344
DEV079,18.610047,73.757409,2026-09-18 09:41:00,STORE001,GeoMart Wakad,1.3623708115806306
DEV388,18.595364,73.778301,2026-09-18 09:44:00,STORE001,GeoMart Wakad,1.6624656360686667
DEV870,18.607173,73.774308,2026-09-18 09:49:00,STORE001,GeoMart Wakad,1.4986819052825313
DEV311,18.597413,73.76393,2026-09-18 09:57:00,STORE001,GeoMart Wakad,0.2018576827780393
DEV163,18.604096,73.762833,2026-09-18 10:09:00,STORE001,GeoMart Wakad,0.5669225900091615
DEV012,18.611159,73.766975,2026-09-18 10:18:00,STORE001,GeoMart Wakad,1.4154270421463708
DEV232,18.589173,73.770838,2026-09-18 10:23:00,STORE001,GeoMart Wakad,1.3698113370884422
DEV610,18.605699,73.762865,2026-09-18 10:24:00,STORE001,GeoMart Wakad,0.7450306653945455
DEV852,18.611616,73.775262,2026-09-18 10:28:00,STORE001,GeoMart Wakad,1.9072932827080609
DEV122,18.594842,73.770559,2026-09-18 10:29:00,STORE001,GeoMart Wakad,0.9210827944625777
DEV928,18.593147,73.776104,2026-09-18 10:30:00,STORE001,GeoMart Wakad,1.5266951058346805
DEV195,18.588108,73.771505,2026-09-18 10:32:00,STORE001,GeoMart Wakad,1.5067491151621302
DEV673,18.596774,73.755587,2026-09-18 10:33:00,STORE001,GeoMart Wakad,0.8195169317035195
DEV524,18.596507,73.77778,2026-09-18 10:40:00,STORE001,GeoMart Wakad,1.5821157485984547
DEV239,18.590783,73.757933,2026-09-18 10:41:00,STORE001,GeoMart Wakad,1.0582986510695451
DEV184,18.605873,73.768367,2026-09-18 10:42:00,STORE001,GeoMart Wakad,0.9507759971915648
DEV864,18.605016,73.766546,2026-09-18 10:46:00,STORE001,GeoMart Wakad,0.7662522780227904
DEV441,18.586718,73.775916,2026-09-18 10:54:00,STORE001,GeoMart Wakad,1.928234802188772
DEV116,18.583387,73.766909,2026-09-18 11:03:00,STORE001,GeoMart Wakad,1.7842989784587415
DEV464,18.601755,73.763252,2026-09-18 11:04:00,STORE001,GeoMart Wakad,0.3074910315288582
DEV428,18.611135,73.773822,2026-09-18 11:10:00,STORE001,GeoMart Wakad,1.7667501390875302
DEV087,18.601806,73.768765,2026-09-18 11:11:00,STORE001,GeoMart Wakad,0.6829897320676601
DEV537,18.59767,73.761953,2026-09-18 11:12:00,STORE001,GeoMart Wakad,0.18451676181534826
DEV712,18.595551,73.773238,2026-09-18 11:27:00,STORE001,GeoMart Wakad,1.1451011656317993
DEV205,18.588845,73.752035,2026-09-18 11:29:00,STORE001,GeoMart Wakad,1.6157018121495226
DEV769,18.587672,73.768979,2026-09-18 11:34:00,STORE001,GeoMart Wakad,1.408439332105112
DEV858,18.610436,73.752636,2026-09-18 11:34:00,STORE001,GeoMart Wakad,1.6762856609986767
DEV019,18.604318,73.767857,2026-09-18 11:36:00,STORE001,GeoMart Wakad,0.7820979147267251
DEV790,18.593444,73.761227,2026-09-18 11:36:00,STORE001,GeoMart Wakad,0.6454382599921997
DEV179,18.586777,73.762128,2026-09-18 11:42:00,STORE001,GeoMart Wakad,1.3622391137624785
DEV912,18.606907,73.776559,2026-09-18 11:42:00,STORE001,GeoMart Wakad,1.6777459978938039
DEV850,18.587927,73.757259,2026-09-18 11:48:00,STORE001,GeoMart Wakad,1.371893017763181
DEV971,18.601193,73.778735,2026-09-18 11:48:00,STORE001,GeoMart Wakad,1.6760975299788154
DEV980,18.589655,73.752816,2026-09-18 11:54:00,STORE001,GeoMart Wakad,1.4938977544062282
DEV412,18.603499,73.761145,2026-09-18 11:57:00,STORE001,GeoMart Wakad,0.5371061170300377
DEV295,18.602335,73.755174,2026-09-18 11:57:00,STORE001,GeoMart Wakad,0.9042901493643761
DEV928,18.597905,73.75874,2026-09-18 11:58:00,STORE001,GeoMart Wakad,0.46517071564585705
DEV919,18.608151,73.763745,2026-09-18 12:05:00,STORE001,GeoMart Wakad,1.0205691807762873
DEV364,18.610233,73.766013,2026-09-18 12:06:00,STORE001,GeoMart Wakad,1.2887796499014437
DEV793,18.610907,73.774809,2026-09-18 12:12:00,STORE001,GeoMart Wakad,1.8170579159072757
DEV490,18.606857,73.773301,2026-09-18 12:12:00,STORE001,GeoMart Wakad,1.393466339160807
DEV057,18.592508,73.75697,2026-09-18 12:15:00,STORE001,GeoMart Wakad,0.9617520104053181
DEV366,18.608614,73.773304,2026-09-18 12:19:00,STORE001,GeoMart Wakad,1.5237993508591103
DEV113,18.587978,73.751916,2026-09-18 12:27:00,STORE001,GeoMart Wakad,1.6931205508904386
DEV313,18.585962,73.754533,2026-09-18 12:42:00,STORE001,GeoMart Wakad,1.7023788044112809
DEV301,18.583585,73.770707,2026-09-18 12:47:00,STORE001,GeoMart Wakad,1.8967869283639387
DEV806,18.610408,73.766282,2026-09-18 12:54:00,STORE001,GeoMart Wakad,1.314818822087841
DEV565,18.599126,73.761254,2026-09-18 12:56:00,STORE001,GeoMart Wakad,0.18453940448404452
DEV993,18.610031,73.769953,2026-09-18 12:57:00,STORE001,GeoMart Wakad,1.4287858646675429
DEV665,18.603224,73.756591,2026-09-18 13:09:00,STORE001,GeoMart Wakad,0.8226785003249009
DEV696,18.590959,73.766303,2026-09-18 13:10:00,STORE001,GeoMart Wakad,0.9594914669907674
DEV372,18.590202,73.750353,2026-09-18 13:18:00,STORE001,GeoMart Wakad,1.6533618064550124
DEV709,18.607084,73.757208,2026-09-18 13:19:00,STORE001,GeoMart Wakad,1.0865531653823066
DEV930,18.605234,73.763462,2026-09-18 13:21:00,STORE001,GeoMart Wakad,0.6948969496253006
DEV303,18.609091,73.762298,2026-09-18 13:30:00,STORE001,GeoMart Wakad,1.1245041748673945
DEV767,18.607266,73.765317,2026-09-18 13:31:00,STORE001,GeoMart Wakad,0.9510183231443872
DEV877,18.605897,73.780062,2026-09-18 13:36:00,STORE001,GeoMart Wakad,1.9548076170754063
DEV993,18.597697,73.754741,2026-09-18 13:36:00,STORE001,GeoMart Wakad,0.8823765598305031
DEV195,18.605915,73.768326,2026-09-18 13:37:00,STORE001,GeoMart Wakad,0.9519800310627418
DEV191,18.584543,73.752375,2026-09-18 13:40:00,STORE001,GeoMart Wakad,1.9591155812151857
DEV092,18.582871,73.76811,2026-09-18 13:43:00,STORE001,GeoMart Wakad,1.8725790934873778
DEV278,18.609948,73.770291,2026-09-18 13:48:00,STORE001,GeoMart Wakad,1.4395632678931145
DEV973,18.614112,73.754637,2026-09-18 13:54:00,STORE001,GeoMart Wakad,1.8974694954737437
DEV575,18.593395,73.778536,2026-09-18 14:11:00,STORE001,GeoMart Wakad,1.7519377101939604
DEV235,18.591576,73.774269,2026-09-18 14:15:00,STORE001,GeoMart Wakad,1.4463595643741682
DEV658,18.589337,73.773878,2026-09-18 14:15:00,STORE001,GeoMart Wakad,1.5712489825115965
DEV472,18.597418,73.762554,2026-09-18 14:23:00,STORE001,GeoMart Wakad,0.18208171892286967
DEV798,18.60764,73.754433,2026-09-18 14:31:00,STORE001,GeoMart Wakad,1.3183696845760693
DEV029,18.588775,73.756474,2026-09-18 14:39:00,STORE001,GeoMart Wakad,1.3288109485273087
DEV329,18.586516,73.757991,2026-09-18 14:43:00,STORE001,GeoMart Wakad,1.4851484854878652
DEV986,18.597251,73.760043,2026-09-18 14:46:00,STORE001,GeoMart Wakad,0.36733841237071974
DEV405,18.593916,73.780027,2026-09-18 14:46:00,STORE001,GeoMart Wakad,1.8814028002375582
DEV550,18.591979,73.75148,2026-09-18 14:48:00,STORE001,GeoMart Wakad,1.443436322838697
DEV192,18.594834,73.773254,2026-09-18 14:49:00,STORE001,GeoMart Wakad,1.1757600884161685
DEV558,18.609708,73.752555,2026-09-18 15:06:00,STORE001,GeoMart Wakad,1.6215224256830827
DEV391,18.58317,73.760094,2026-09-18 15:11:00,STORE001,GeoMart Wakad,1.7866619863458855
DEV148,18.603887,73.754456,2026-09-18 15:14:00,STORE001,GeoMart Wakad,1.051688537762024
DEV384,18.585945,73.757125,2026-09-18 15:17:00,STORE001,GeoMart Wakad,1.578184475840069
DEV282,18.609257,73.751977,2026-09-18 15:21:00,STORE001,GeoMart Wakad,1.6279552920378566
DEV102,18.603987,73.766132,2026-09-18 15:29:00,STORE001,GeoMart Wakad,0.6453280337420253
DEV902,18.587088,73.762264,2026-09-18 15:31:00,STORE001,GeoMart Wakad,1.3268232770262594
DEV408,18.605686,73.766984,2026-09-18 15:32:00,STORE001,GeoMart Wakad,0.8538126529718986
DEV250,18.606292,73.753125,2026-09-18 15:35:00,STORE001,GeoMart Wakad,1.3192677532804786
DEV566,18.598174,73.773946,2026-09-18 15:36:00,STORE001,GeoMart Wakad,1.1572267248790316
DEV129,18.5875,73.766302,2026-09-18 15:46:00,STORE001,GeoMart Wakad,1.325249211933199
DEV772,18.588797,73.75235,2026-09-18 15:49:00,STORE001,GeoMart Wakad,1.5959163188831649
DEV869,18.605318,73.769906,2026-09-18 15:50:00,STORE001,GeoMart Wakad,1.0115489976926786
DEV401,18.59852,73.772902,2026-09-18 15:53:00,STORE001,GeoMart Wakad,1.0449140932113596
DEV531,18.594395,73.758012,2026-09-18 15:55:00,STORE001,GeoMart Wakad,0.7338515854115009
DEV519,18.58282,73.757762,2026-09-18 15:55:00,STORE001,GeoMart Wakad,1.881924142208133
DEV077,18.5878,73.777691,2026-09-18 16:04:00,STORE001,GeoMart Wakad,1.987011632060811
DEV772,18.594311,73.750206,2026-09-18 16:06:00,STORE001,GeoMart Wakad,1.44564646404418
DEV081,18.613354,73.770577,2026-09-18 16:10:00,STORE001,GeoMart Wakad,1.7846830716008484
DEV527,18.599672,73.76213,2026-09-18 16:13:00,STORE001,GeoMart Wakad,0.11827952582237358
DEV904,18.592253,73.780434,2026-09-18 16:24:00,STORE001,GeoMart Wakad,1.9846303965117544
DEV468,18.59273,73.764183,2026-09-18 16:35:00,STORE001,GeoMart Wakad,0.7082520939335397
DEV547,18.603575,73.759923,2026-09-18 16:38:00,STORE001,GeoMart Wakad,0.6032794149918049
DEV366,18.583397,73.771041,2026-09-18 16:44:00,STORE001,GeoMart Wakad,1.9308874676326253
DEV722,18.604785,73.752537,2026-09-18 16:50:00,STORE001,GeoMart Wakad,1.2765692287179577
DEV387,18.599681,73.76777,2026-09-18 16:52:00,STORE001,GeoMart Wakad,0.5083694403398273
DEV277,18.593847,73.761928,2026-09-18 16:53:00,STORE001,GeoMart Wakad,0.5840192559907902
DEV093,18.614228,73.756325,2026-09-18 16:54:00,STORE001,GeoMart Wakad,1.8335757835516064
DEV421,18.612624,73.754054,2026-09-18 16:58:00,STORE001,GeoMart Wakad,1.7843145854847917
DEV283,18.582313,73.765948,2026-09-18 17:01:00,STORE001,GeoMart Wakad,1.881342517394235
DEV586,18.598561,73.76203,2026-09-18 17:03:00,STORE001,GeoMart Wakad,0.1132830538098494
DEV976,18.602662,73.756232,2026-09-18 17:08:00,STORE001,GeoMart Wakad,0.8213053964800477
DEV912,18.609655,73.753215,2026-09-18 17:09:00,STORE001,GeoMart Wakad,1.5706854343484242
DEV194,18.607309,73.750067,2026-09-18 17:09:00,STORE001,GeoMart Wakad,1.6465860427315535
DEV953,18.610484,73.770706,2026-09-18 17:38:00,STORE001,GeoMart Wakad,1.5133153415029594
DEV022,18.588676,73.777861,2026-09-18 17:38:00,STORE001,GeoMart Wakad,1.9418739553692488
DEV066,18.588776,73.75148,2026-09-18 17:39:00,STORE001,GeoMart Wakad,1.6632762799668297
DEV596,18.614156,73.763061,2026-09-18 17:39:00,STORE001,GeoMart Wakad,1.6852825684761004
DEV025,18.601338,73.759061,2026-09-18 17:44:00,STORE001,GeoMart Wakad,0.4898063290445333
DEV768,18.60181,73.753726,2026-09-18 17:51:00,STORE001,GeoMart Wakad,1.0260880515466053
DEV772,18.589176,73.773619,2026-09-18 17:54:00,STORE001,GeoMart Wakad,1.5638972719867075
DEV388,18.594594,73.768826,2026-09-18 17:55:00,STORE001,GeoMart Wakad,0.7855049214254622
DEV704,18.595487,73.754916,2026-09-18 17:56:00,STORE001,GeoMart Wakad,0.9372461558741482
DEV974,18.606088,73.771942,2026-09-18 17:57:00,STORE001,GeoMart Wakad,1.2285016187442757
DEV405,18.583323,73.757592,2026-09-18 18:03:00,STORE001,GeoMart Wakad,1.8340157279621372
DEV529,18.606368,73.776784,2026-09-18 18:04:00,STORE001,GeoMart Wakad,1.6677429276252962
DEV541,18.597922,73.775351,2026-09-18 18:08:00,STORE001,GeoMart Wakad,1.3071547326321755
DEV885,18.597444,73.774541,2026-09-18 18:11:00,STORE001,GeoMart Wakad,1.2285290817624677
DEV422,18.603311,73.766038,2026-09-18 18:12:00,STORE001,GeoMart Wakad,0.5764477832496531
DEV579,18.599048,73.764161,2026-09-18 18:13:00,STORE001,GeoMart Wakad,0.12247141089607856
DEV912,18.608141,73.750002,2026-09-18 18:29:00,STORE001,GeoMart Wakad,1.7057156281713084
DEV196,18.596846,73.777149,2026-09-18 18:34:00,STORE001,GeoMart Wakad,1.510252830198988
DEV823,18.601308,73.77662,2026-09-18 18:36:00,STORE001,GeoMart Wakad,1.4581325494679724
DEV902,18.589912,73.762283,2026-09-18 18:40:00,STORE001,GeoMart Wakad,1.0133608102964289
DEV684,18.61435,73.770689,2026-09-18 18:40:00,STORE001,GeoMart Wakad,1.8894122269374864
DEV170,18.596336,73.765042,2026-09-18 18:42:00,STORE001,GeoMart Wakad,0.3661429862518498
DEV030,18.584064,73.766044,2026-09-18 18:52:00,STORE001,GeoMart Wakad,1.691509085381733
DEV416,18.596039,73.76509,2026-09-18 18:52:00,STORE001,GeoMart Wakad,0.39613099360041476
DEV082,18.608612,73.755047,2026-09-18 19:11:00,STORE001,GeoMart Wakad,1.358233397105476
DEV091,18.583466,73.771336,2026-09-18 19:26:00,STORE001,GeoMart Wakad,1.9378919074847378
DEV215,18.599402,73.762454,2026-09-18 19:26:00,STORE001,GeoMart Wakad,0.07286396353807403
DEV150,18.613293,73.757734,2026-09-18 19:27:00,STORE001,GeoMart Wakad,1.6834104586726815
DEV952,18.611836,73.76933,2026-09-18 19:40:00,STORE001,GeoMart Wakad,1.575491613790312
DEV068,18.593091,73.751161,2026-09-18 20:03:00,STORE001,GeoMart Wakad,1.4101370028290416
DEV462,18.584808,73.752764,2026-09-18 20:04:00,STORE001,GeoMart Wakad,1.9115767829729675
DEV283,18.611202,73.756276,2026-09-18 20:09:00,STORE001,GeoMart Wakad,1.530693719192032
DEV657,18.601377,73.753341,2026-09-18 20:21:00,STORE001,GeoMart Wakad,1.051687255974355
DEV342,18.611538,73.760096,2026-09-18 20:24:00,STORE001,GeoMart Wakad,1.4273558639601767
DEV429,18.610789,73.769146,2026-09-18 20:34:00,STORE001,GeoMart Wakad,1.4621562740352865
DEV853,18.600331,73.764237,2026-09-18 20:35:00,STORE001,GeoMart Wakad,0.19722806836870777
DEV145,18.59362,73.755031,2026-09-18 20:35:00,STORE001,GeoMart Wakad,1.0311262911234722
DEV312,18.600472,73.765553,2026-09-18 20:39:00,STORE001,GeoMart Wakad,0.314929505364958
DEV620,18.614747,73.758001,2026-09-18 20:40:00,STORE001,GeoMart Wakad,1.828518795805615
DEV596,18.58794,73.76696,2026-09-18 20:41:00,STORE001,GeoMart Wakad,1.2987020590890408
DEV168,18.601682,73.756433,2026-09-18 20:43:00,STORE001,GeoMart Wakad,0.7535955446747186
DEV494,18.600596,73.777748,2026-09-18 20:45:00,STORE001,GeoMart Wakad,1.5643488421754894
DEV227,18.611807,73.752986,2026-09-18 20:46:00,STORE001,GeoMart Wakad,1.7724754385652255
DEV840,18.594338,73.78074,2026-09-18 20:46:00,STORE001,GeoMart Wakad,1.9401399457612147
DEV620,18.609141,73.771221,2026-09-18 20:54:00,STORE001,GeoMart Wakad,1.4220177963115705
DEV908,18.616039,73.766365,2026-09-18 20:54:00,STORE001,GeoMart Wakad,1.9275501131184722
DEV028,18.585941,73.756254,2026-09-18 21:02:00,STORE001,GeoMart Wakad,1.6168055924697187
DEV830,18.604286,73.760057,2026-09-18 21:05:00,STORE001,GeoMart Wakad,0.6645861544573298
DEV621,18.602292,73.779406,2026-09-18 21:08:00,STORE001,GeoMart Wakad,1.76729839811042
DEV087,18.590788,73.776538,2026-09-18 21:08:00,STORE001,GeoMart Wakad,1.693957260549469
DEV077,18.59718,73.766877,2026-09-18 21:12:00,STORE001,GeoMart Wakad,0.45596210694256994
DEV912,18.597096,73.773597,2026-09-18 21:12:00,STORE001,GeoMart Wakad,1.136689876081777
DEV283,18.601037,73.768703,2026-09-18 21:18:00,STORE001,GeoMart Wakad,0.6422863824756833
DEV128,18.601012,73.76424,2026-09-18 21:19:00,STORE001,GeoMart Wakad,0.2590941077733149
DEV822,18.591364,73.775708,2026-09-18 21:25:00,STORE001,GeoMart Wakad,1.5857677075288732
DEV877,18.582276,73.76486,2026-09-18 21:27:00,STORE001,GeoMart Wakad,1.869927610898809
DEV229,18.607001,73.768211,2026-09-18 21:29:00,STORE001,GeoMart Wakad,1.0455108273598455
DEV340,18.588134,73.764105,2026-09-18 21:33:00,STORE001,GeoMart Wakad,1.213843478609747
DEV425,18.612087,73.755917,2026-09-18 21:35:00,STORE001,GeoMart Wakad,1.635478888733903
DEV838,18.582224,73.760166,2026-09-18 21:36:00,STORE001,GeoMart Wakad,1.8891669092427115
DEV311,18.60937,73.767964,2026-09-18 21:36:00,STORE001,GeoMart Wakad,1.2662081478830811
DEV406,18.584141,73.763963,2026-09-18 21:40:00,STORE001,GeoMart Wakad,1.6553596854046972
DEV191,18.60491,73.775262,2026-09-18 21:40:00,STORE001,GeoMart Wakad,1.449740940191595
DEV741,18.599621,73.780335,2026-09-18 21:40:00,STORE001,GeoMart Wakad,1.8281962496461592
DEV183,18.608434,73.776804,2026-09-18 21:43:00,STORE001,GeoMart Wakad,1.7935077880218704
DEV889,18.584763,73.758373,2026-09-18 21:46:00,STORE001,GeoMart Wakad,1.6564874823213267
DEV467,18.588737,73.768411,2026-09-18 21:46:00,STORE001,GeoMart Wakad,1.2757469665410257
DEV277,18.599284,73.768728,2026-09-18 21:48:00,STORE001,GeoMart Wakad,0.6044854441075407
DEV323,18.600229,73.77109,2026-09-18 21:51:00,STORE001,GeoMart Wakad,0.8634659589523147
DEV087,18.601728,73.770577,2026-09-18 22:06:00,STORE001,GeoMart Wakad,0.8541912138121573
DEV058,18.602507,73.766217,2026-09-18 22:21:00,STORE001,GeoMart Wakad,0.516729783790404
DEV273,18.596106,73.759751,2026-09-18 22:24:00,STORE001,GeoMart Wakad,0.4698902670342538
DEV115,18.593015,73.750952,2026-09-18 22:28:00,STORE001,GeoMart Wakad,1.43356682759731
DEV047,18.597902,73.777803,2026-09-18 22:35:00,STORE001,GeoMart Wakad,1.5648287689240823
DEV189,18.594529,73.75405,2026-09-18 22:40:00,STORE001,GeoMart Wakad,1.0662303134947437
DEV466,18.616828,73.761855,2026-09-18 22:44:00,STORE001,GeoMart Wakad,1.9860519662909522
DEV494,18.581953,73.767959,2026-09-18 22:53:00,STORE001,GeoMart Wakad,1.966272577130143
DEV676,18.590558,73.773162,2026-09-18 22:56:00,STORE001,GeoMart Wakad,1.4241352936880627
DEV752,18.59642,73.752861,2026-09-18 06:02:00,STORE002,GeoMart Hinjewadi,1.5817122526778542
DEV108,18.586955,73.75632,2026-09-18 08:07:00,STORE002,GeoMart Hinjewadi,1.8956672132803984
DEV164,18.589309,73.755694,2026-09-18 08:20:00,STORE002,GeoMart Hinjewadi,1.7824172933505804
DEV896,18.597399,73.756014,2026-09-18 08:37:00,STORE002,GeoMart Hinjewadi,1.930880413342211
DEV227,18.588005,73.751179,2026-09-18 09:05:00,STORE002,GeoMart Hinjewadi,1.3420053990715877
DEV673,18.596774,73.755587,2026-09-18 10:33:00,STORE002,GeoMart Hinjewadi,1.8646775225956524
DEV205,18.588845,73.752035,2026-09-18 11:29:00,STORE002,GeoMart Hinjewadi,1.4088894999774488
DEV850,18.587927,73.757259,2026-09-18 11:48:00,STORE002,GeoMart Hinjewadi,1.9688487561507308
DEV980,18.589655,73.752816,2026-09-18 11:54:00,STORE002,GeoMart Hinjewadi,1.4766758806836848
DEV057,18.592508,73.75697,2026-09-18 12:15:00,STORE002,GeoMart Hinjewadi,1.9099806022410044
DEV113,18.587978,73.751916,2026-09-18 12:27:00,STORE002,GeoMart Hinjewadi,1.4178141416535694
DEV313,18.585962,73.754533,2026-09-18 12:42:00,STORE002,GeoMart Hinjewadi,1.7475430765303062
DEV372,18.590202,73.750353,2026-09-18 13:18:00,STORE002,GeoMart Hinjewadi,1.212154113687319
DEV993,18.597697,73.754741,2026-09-18 13:36:00,STORE002,GeoMart Hinjewadi,1.8190955534743432
DEV191,18.584543,73.752375,2026-09-18 13:40:00,STORE002,GeoMart Hinjewadi,1.601523131223641
DEV276,18.579153,73.751535,2026-09-18 14:20:00,STORE002,GeoMart Hinjewadi,1.8888646751879568
DEV029,18.588775,73.756474,2026-09-18 14:39:00,STORE002,GeoMart Hinjewadi,1.8717059785671164
DEV550,18.591979,73.75148,2026-09-18 14:48:00,STORE002,GeoMart Hinjewadi,1.3286610180363985
DEV001,18.57999,73.753275,2026-09-18 15:26:00,STORE002,GeoMart Hinjewadi,1.9619320950643941
DEV772,18.588797,73.75235,2026-09-18 15:49:00,STORE002,GeoMart Hinjewadi,1.4425024024507098
DEV772,18.594311,73.750206,2026-09-18 16:06:00,STORE002,GeoMart Hinjewadi,1.2407549290772149
DEV066,18.588776,73.75148,2026-09-18 17:39:00,STORE002,GeoMart Hinjewadi,1.3529670760522028
DEV768,18.60181,73.753726,2026-09-18 17:51:00,STORE002,GeoMart Hinjewadi,1.9578773562518574
DEV704,18.595487,73.754916,2026-09-18 17:56:00,STORE002,GeoMart Hinjewadi,1.7539650828317102
DEV068,18.593091,73.751161,2026-09-18 20:03:00,STORE002,GeoMart Hinjewadi,1.3092059455389435
DEV462,18.584808,73.752764,2026-09-18 20:04:00,STORE002,GeoMart Hinjewadi,1.62488450884315
DEV657,18.601377,73.753341,2026-09-18 20:21:00,STORE002,GeoMart Hinjewadi,1.8965366339384764
DEV145,18.59362,73.755031,2026-09-18 20:35:00,STORE002,GeoMart Hinjewadi,1.7212385906643395
DEV028,18.585941,73.756254,2026-09-18 21:02:00,STORE002,GeoMart Hinjewadi,1.9202177488906251
DEV109,18.583006,73.753895,2026-09-18 21:31:00,STORE002,GeoMart Hinjewadi,1.8242310577777219
DEV115,18.593015,73.750952,2026-09-18 22:28:00,STORE002,GeoMart Hinjewadi,1.2861169647293258
DEV189,18.594529,73.75405,2026-09-18 22:40:00,STORE002,GeoMart Hinjewadi,1.639028076250936
DEV411,18.571938,73.778529,2026-09-18 06:01:00,STORE003,GeoMart Baner,1.68219422806083
DEV637,18.566999,73.78008,2026-09-18 06:05:00,STORE003,GeoMart Baner,1.1370507748251628
DEV391,18.55352,73.774324,2026-09-18 06:15:00,STORE003,GeoMart Baner,1.449453175177242
DEV484,18.563568,73.772619,2026-09-18 06:16:00,STORE003,GeoMart Baner,1.5787740416840077
DEV909,18.563904,73.774644,2026-09-18 06:18:00,STORE003,GeoMart Baner,1.3925777919047038
DEV775,18.571973,73.789042,2026-09-18 06:20:00,STORE003,GeoMart Baner,1.4617618593139101
DEV905,18.546318,73.784016,2026-09-18 06:22:00,STORE003,GeoMart Baner,1.4403891146218586
DEV931,18.552517,73.774922,2026-09-18 06:23:00,STORE003,GeoMart Baner,1.4448003663904376
DEV412,18.567875,73.788305,2026-09-18 06:27:00,STORE003,GeoMart Baner,0.9995248233247381
DEV759,18.574838,73.784491,2026-09-18 06:30:00,STORE003,GeoMart Baner,1.7778437496378197
DEV560,18.552104,73.785949,2026-09-18 06:41:00,STORE003,GeoMart Baner,0.7720298246221137
DEV561,18.552268,73.791016,2026-09-18 06:47:00,STORE003,GeoMart Baner,0.8705539328223391
DEV857,18.566922,73.776684,2026-09-18 06:51:00,STORE003,GeoMart Baner,1.3831174115428153
DEV990,18.543261,73.781942,2026-09-18 06:53:00,STORE003,GeoMart Baner,1.8234865401015399
DEV614,18.544069,73.79658,2026-09-18 06:56:00,STORE003,GeoMart Baner,1.9543160122758503
DEV996,18.544714,73.77897,2026-09-18 06:58:00,STORE003,GeoMart Baner,1.7901780365321158
DEV012,18.556849,73.802903,2026-09-18 07:02:00,STORE003,GeoMart Baner,1.7142343774845565
DEV119,18.549941,73.774105,2026-09-18 07:05:00,STORE003,GeoMart Baner,1.6749880777116994
DEV326,18.570247,73.790901,2026-09-18 07:10:00,STORE003,GeoMart Baner,1.3232125382224198
DEV725,18.551986,73.781263,2026-09-18 07:24:00,STORE003,GeoMart Baner,0.9741457362931832
DEV760,18.543865,73.794914,2026-09-18 07:28:00,STORE003,GeoMart Baner,1.8878298399760602
DEV341,18.566066,73.778634,2026-09-18 07:29:00,STORE003,GeoMart Baner,1.1654490801884536
DEV888,18.559284,73.792153,2026-09-18 07:30:00,STORE003,GeoMart Baner,0.5651550358449546
DEV602,18.572381,73.799394,2026-09-18 07:31:00,STORE003,GeoMart Baner,1.9940239221232228
DEV808,18.574983,73.789509,2026-09-18 07:32:00,STORE003,GeoMart Baner,1.8000220271292025
DEV832,18.560432,73.787741,2026-09-18 07:39:00,STORE003,GeoMart Baner,0.18759993325927812
DEV448,18.549138,73.778859,2026-09-18 07:45:00,STORE003,GeoMart Baner,1.3795956699396732
DEV574,18.560826,73.790045,2026-09-18 07:46:00,STORE003,GeoMart Baner,0.3977838799487319
DEV822,18.563555,73.784813,2026-09-18 07:53:00,STORE003,GeoMart Baner,0.5480921747990943
DEV700,18.565926,73.800566,2026-09-18 07:54:00,STORE003,GeoMart Baner,1.6427828657779804
DEV248,18.551669,73.785054,2026-09-18 07:56:00,STORE003,GeoMart Baner,0.8356901406097018
DEV497,18.562534,73.782308,2026-09-18 07:58:00,STORE003,GeoMart Baner,0.6153285509075682
DEV452,18.55046,73.786422,2026-09-18 08:02:00,STORE003,GeoMart Baner,0.9504403242296398
DEV180,18.569272,73.790323,2026-09-18 08:02:00,STORE003,GeoMart Baner,1.2010468636146667
DEV602,18.565014,73.786659,2026-09-18 08:10:00,STORE003,GeoMart Baner,0.668891437188209
DEV200,18.541605,73.78566,2026-09-18 08:13:00,STORE003,GeoMart Baner,1.937965495914592
DEV837,18.561376,73.782071,2026-09-18 08:15:00,STORE003,GeoMart Baner,0.564176560390967
DEV783,18.561032,73.803059,2026-09-18 08:23:00,STORE003,GeoMart Baner,1.7287194705218272
DEV426,18.551705,73.795552,2026-09-18 08:27:00,STORE003,GeoMart Baner,1.2284796628229422
DEV770,18.57096,73.775159,2026-09-18 08:29:00,STORE003,GeoMart Baner,1.8095009382004015
DEV400,18.556704,73.771509,2026-09-18 08:32:00,STORE003,GeoMart Baner,1.6319651756408888
DEV043,18.54727,73.795657,2026-09-18 08:32:00,STORE003,GeoMart Baner,1.6040512713341302
DEV059,18.551193,73.79235,2026-09-18 08:34:00,STORE003,GeoMart Baner,1.0468436048937912
DEV029,18.563867,73.788906,2026-09-18 08:34:00,STORE003,GeoMart Baner,0.5849477729479916
DEV127,18.56094,73.784501,2026-09-18 08:38:00,STORE003,GeoMart Baner,0.32444387487152254
DEV868,18.570669,73.789399,2026-09-18 08:41:00,STORE003,GeoMart Baner,1.3261395542745442
DEV769,18.562211,73.804747,2026-09-18 08:43:00,STORE003,GeoMart Baner,1.9252166891505713
DEV128,18.557385,73.788985,2026-09-18 08:48:00,STORE003,GeoMart Baner,0.2920607979711044
DEV598,18.570282,73.790073,2026-09-18 08:57:00,STORE003,GeoMart Baner,1.3010766609826452
DEV825,18.55528,73.780736,2026-09-18 09:00:00,STORE003,GeoMart Baner,0.7613897507857683
DEV021,18.559465,73.794663,2026-09-18 09:00:00,STORE003,GeoMart Baner,0.8304676851109317
DEV696,18.563587,73.79686,2026-09-18 09:02:00,STORE003,GeoMart Baner,1.1767214098316159
DEV104,18.574688,73.790992,2026-09-18 09:02:00,STORE003,GeoMart Baner,1.7995193270519618
DEV913,18.571028,73.783576,2026-09-18 09:03:00,STORE003,GeoMart Baner,1.3799525251320393
DEV411,18.544944,73.792969,2026-09-18 09:08:00,STORE003,GeoMart Baner,1.6928501912547487
DEV352,18.562619,73.78851,2026-09-18 09:08:00,STORE003,GeoMart Baner,0.44094061417559316
DEV907,18.561992,73.788937,2026-09-18 09:10:00,STORE003,GeoMart Baner,0.4017836693777046
DEV436,18.563809,73.782436,2026-09-18 09:21:00,STORE003,GeoMart Baner,0.7053758982289914
DEV222,18.574678,73.78913,2026-09-18 09:30:00,STORE003,GeoMart Baner,1.7605292012058202
DEV903,18.542538,73.785207,2026-09-18 09:32:00,STORE003,GeoMart Baner,1.838177730145914
DEV659,18.557838,73.770002,2026-09-18 09:35:00,STORE003,GeoMart Baner,1.7754312466807882
DEV606,18.572298,73.77962,2026-09-18 09:41:00,STORE003,GeoMart Baner,1.6611018167193539
DEV109,18.556662,73.801263,2026-09-18 09:44:00,STORE003,GeoMart Baner,1.5465964495069249
DEV906,18.551207,73.785929,2026-09-18 10:13:00,STORE003,GeoMart Baner,0.8713927808022158
DEV424,18.563112,73.769222,2026-09-18 10:14:00,STORE003,GeoMart Baner,1.9084975133654227
DEV610,18.550173,73.77846,2026-09-18 10:16:00,STORE003,GeoMart Baner,1.3176884262328719
DEV271,18.574497,73.788055,2026-09-18 10:20:00,STORE003,GeoMart Baner,1.7282580386981228
DEV769,18.575812,73.791628,2026-09-18 10:20:00,STORE003,GeoMart Baner,1.9374404952799504
DEV059,18.562839,73.773814,2026-09-18 10:23:00,STORE003,GeoMart Baner,1.43388601068118
DEV076,18.570505,73.782051,2026-09-18 10:29:00,STORE003,GeoMart Baner,1.3737501012580484
DEV515,18.546722,73.78817,2026-09-18 10:32:00,STORE003,GeoMart Baner,1.3728686474419824
DEV784,18.560986,73.804431,2026-09-18 10:37:00,STORE003,GeoMart Baner,1.871589024651869
DEV718,18.552495,73.777758,2026-09-18 10:41:00,STORE003,GeoMart Baner,1.196538522445509
DEV784,18.561488,73.801349,2026-09-18 10:42:00,STORE003,GeoMart Baner,1.5583867283061985
DEV485,18.547737,73.775453,2026-09-18 10:42:00,STORE003,GeoMart Baner,1.7318374412179853
DEV291,18.561791,73.798436,2026-09-18 10:42:00,STORE003,GeoMart Baner,1.265221111497462
DEV149,18.551832,73.789509,2026-09-18 11:09:00,STORE003,GeoMart Baner,0.8466583028636603
DEV109,18.558374,73.78065,2026-09-18 11:09:00,STORE003,GeoMart Baner,0.6520136683806811
DEV286,18.573829,73.790757,2026-09-18 11:16:00,STORE003,GeoMart Baner,1.7008451105660767
DEV058,18.54931,73.775927,2026-09-18 11:19:00,STORE003,GeoMart Baner,1.5731155701353599
DEV274,18.556565,73.789567,2026-09-18 11:21:00,STORE003,GeoMart Baner,0.3979785665597829
DEV073,18.56038,73.788045,2026-09-18 11:25:00,STORE003,GeoMart Baner,0.20191577623138016
DEV330,18.565462,73.771208,2026-09-18 11:25:00,STORE003,GeoMart Baner,1.7937636000050348
DEV125,18.554219,73.790594,2026-09-18 11:28:00,STORE003,GeoMart Baner,0.6652632033616467
DEV107,18.562723,73.775962,2026-09-18 11:30:00,STORE003,GeoMart Baner,1.2151393327575648
DEV167,18.574237,73.783243,2026-09-18 11:32:00,STORE003,GeoMart Baner,1.7352669061507051
DEV503,18.552361,73.773753,2026-09-18 11:32:00,STORE003,GeoMart Baner,1.560941890600457
DEV251,18.572205,73.780539,2026-09-18 11:36:00,STORE003,GeoMart Baner,1.609825821106343
DEV670,18.565953,73.779055,2026-09-18 11:38:00,STORE003,GeoMart Baner,1.124391232721975
DEV900,18.553706,73.774292,2026-09-18 11:41:00,STORE003,GeoMart Baner,1.443959483802395
DEV163,18.556754,73.772122,2026-09-18 11:49:00,STORE003,GeoMart Baner,1.5672793680734414
DEV985,18.561837,73.781366,2026-09-18 11:51:00,STORE003,GeoMart Baner,0.653928074957378
DEV842,18.566447,73.786376,2026-09-18 12:00:00,STORE003,GeoMart Baner,0.8292738872605935
DEV450,18.564731,73.783813,2026-09-18 12:00:00,STORE003,GeoMart Baner,0.7107993369126455
DEV918,18.565377,73.7838,2026-09-18 12:03:00,STORE003,GeoMart Baner,0.7764089822356902
DEV978,18.541685,73.782464,2026-09-18 12:05:00,STORE003,GeoMart Baner,1.9788550164537766
DEV128,18.554637,73.802551,2026-09-18 12:07:00,STORE003,GeoMart Baner,1.7297972959449093
DEV120,18.555499,73.801942,2026-09-18 12:10:00,STORE003,GeoMart Baner,1.6429578819428898
DEV402,18.548374,73.794561,2026-09-18 12:13:00,STORE003,GeoMart Baner,1.437155530437969
DEV306,18.554039,73.774681,2026-09-18 12:18:00,STORE003,GeoMart Baner,1.3915242475126675
DEV537,18.565532,73.801846,2026-09-18 12:21:00,STORE003,GeoMart Baner,1.7444078072915532
DEV846,18.546574,73.788419,2026-09-18 12:22:00,STORE003,GeoMart Baner,1.3922087844603166
DEV359,18.563856,73.779245,2026-09-18 12:22:00,STORE003,GeoMart Baner,0.9621743784032517
DEV608,18.572706,73.797829,2026-09-18 12:26:00,STORE003,GeoMart Baner,1.9168216708402552
DEV063,18.561741,73.805314,2026-09-18 12:27:00,STORE003,GeoMart Baner,1.9752455582547266
DEV025,18.551155,73.786925,2026-09-18 12:34:00,STORE003,GeoMart Baner,0.8724237150040607
DEV049,18.54991,73.77109,2026-09-18 12:40:00,STORE003,GeoMart Baner,1.9401589060927524
DEV634,18.551738,73.789347,2026-09-18 12:43:00,STORE003,GeoMart Baner,0.8509640185799078
DEV047,18.570841,73.782594,2026-09-18 12:55:00,STORE003,GeoMart Baner,1.3892982791670876
DEV486,18.554166,73.789316,2026-09-18 12:57:00,STORE003,GeoMart Baner,0.5993881058627973
DEV590,18.569824,73.784273,2026-09-18 12:58:00,STORE003,GeoMart Baner,1.2326971906585968
DEV253,18.559373,73.772305,2026-09-18 12:58:00,STORE003,GeoMart Baner,1.5285137592406168
DEV691,18.55876,73.798455,2026-09-18 13:01:00,STORE003,GeoMart Baner,1.2288720894359113
DEV461,18.557614,73.789537,2026-09-18 13:02:00,STORE003,GeoMart Baner,0.3270972837365394
DEV885,18.568489,73.800667,2026-09-18 13:04:00,STORE003,GeoMart Baner,1.8027482714781022
DEV596,18.544813,73.791287,2026-09-18 13:17:00,STORE003,GeoMart Baner,1.6469094634603663
DEV438,18.564147,73.785411,2026-09-18 13:17:00,STORE003,GeoMart Baner,0.5907520971469148
DEV825,18.565553,73.803858,2026-09-18 13:26:00,STORE003,GeoMart Baner,1.9401220864498452
DEV276,18.544217,73.791204,2026-09-18 13:27:00,STORE003,GeoMart Baner,1.7080967700011978
DEV443,18.568272,73.77932,2026-09-18 13:29:00,STORE003,GeoMart Baner,1.2979345117673682
DEV145,18.551291,73.782275,2026-09-18 13:32:00,STORE003,GeoMart Baner,0.9809819030665036
DEV888,18.574792,73.779042,2026-09-18 13:35:00,STORE003,GeoMart Baner,1.9370646233572406
DEV681,18.55787,73.774574,2026-09-18 13:35:00,STORE003,GeoMart Baner,1.2948868619143166
DEV388,18.560331,73.777124,2026-09-18 13:39:00,STORE003,GeoMart Baner,1.0306480612953524
DEV075,18.549775,73.77571,2026-09-18 13:45:00,STORE003,GeoMart Baner,1.5552814120366552
DEV611,18.54789,73.776565,2026-09-18 13:47:00,STORE003,GeoMart Baner,1.640196611594007
DEV012,18.571737,73.792218,2026-09-18 13:52:00,STORE003,GeoMart Baner,1.5271003239363115
DEV287,18.567097,73.798377,2026-09-18 13:55:00,STORE003,GeoMart Baner,1.516518293035914
DEV322,18.564606,73.791027,2026-09-18 13:58:00,STORE003,GeoMart Baner,0.766230730272076
DEV850,18.576104,73.788453,2026-09-18 14:00:00,STORE003,GeoMart Baner,1.9098426337597008
DEV679,18.56891,73.792117,2026-09-18 14:01:00,STORE003,GeoMart Baner,1.236281743956552
DEV906,18.542254,73.791064,2026-09-18 14:05:00,STORE003,GeoMart Baner,1.9155563861211429
DEV490,18.566785,73.783566,2026-09-18 14:06:00,STORE003,GeoMart Baner,0.9303570657294268
DEV589,18.570168,73.786895,2026-09-18 14:06:00,STORE003,GeoMart Baner,1.2418653150357615
DEV054,18.554592,73.791142,2026-09-18 14:10:00,STORE003,GeoMart Baner,0.6706262491781252
DEV924,18.562881,73.795867,2026-09-18 14:25:00,STORE003,GeoMart Baner,1.0486737843251712
DEV678,18.565744,73.803361,2026-09-18 14:27:00,STORE003,GeoMart Baner,1.8999517809692792
DEV787,18.549529,73.785838,2026-09-18 14:28:00,STORE003,GeoMart Baner,1.0579984348498124
DEV915,18.563944,73.799965,2026-09-18 14:30:00,STORE003,GeoMart Baner,1.4926581259534912
DEV305,18.546715,73.78249,2026-09-18 14:30:00,STORE003,GeoMart Baner,1.4396059592395736
DEV304,18.563126,73.771933,2026-09-18 14:37:00,STORE003,GeoMart Baner,1.6329232866787133
DEV884,18.548248,73.798242,2026-09-18 14:38:00,STORE003,GeoMart Baner,1.69829923098361
DEV216,18.571542,73.77706,2026-09-18 14:41:00,STORE003,GeoMart Baner,1.731761448943527
DEV287,18.561346,73.804804,2026-09-18 14:43:00,STORE003,GeoMart Baner,1.915676020644435
DEV795,18.563313,73.792163,2026-09-18 14:46:00,STORE003,GeoMart Baner,0.7413411437316088
DEV324,18.546562,73.780528,2026-09-18 14:51:00,STORE003,GeoMart Baner,1.5329556810555856
DEV614,18.55685,73.786779,2026-09-18 14:56:00,STORE003,GeoMart Baner,0.23907934088871635
DEV998,18.556297,73.773268,2026-09-18 14:59:00,STORE003,GeoMart Baner,1.4577725849896013
DEV919,18.554342,73.774245,2026-09-18 15:00:00,STORE003,GeoMart Baner,1.421211645011432
DEV988,18.545019,73.783114,2026-09-18 15:01:00,STORE003,GeoMart Baner,1.6024404109545838
DEV309,18.552162,73.801795,2026-09-18 15:08:00,STORE003,GeoMart Baner,1.7540569734871678
DEV093,18.563407,73.776383,2026-09-18 15:26:00,STORE003,GeoMart Baner,1.202449915612016
DEV659,18.553656,73.788754,2026-09-18 15:27:00,STORE003,GeoMart Baner,0.6289129765204899
DEV104,18.565964,73.786173,2026-09-18 15:31:00,STORE003,GeoMart Baner,0.7771768566607379
DEV311,18.543644,73.793057,2026-09-18 15:32:00,STORE003,GeoMart Baner,1.8304790491169243
DEV520,18.567717,73.794756,2026-09-18 15:37:00,STORE003,GeoMart Baner,1.2817300827247704
DEV287,18.554422,73.792426,2026-09-18 15:40:00,STORE003,GeoMart Baner,0.7815690336550178
DEV991,18.564599,73.773392,2026-09-18 15:46:00,STORE003,GeoMart Baner,1.5443942816243603
DEV351,18.575332,73.78864,2026-09-18 15:46:00,STORE003,GeoMart Baner,1.826362916943762
DEV192,18.557468,73.795352,2026-09-18 15:49:00,STORE003,GeoMart Baner,0.917444836477827
DEV787,18.556434,73.800898,2026-09-18 15:51:00,STORE003,GeoMart Baner,1.5132577481281202
DEV869,18.568882,73.793251,2026-09-18 15:53:00,STORE003,GeoMart Baner,1.2922142359433777
DEV620,18.564036,73.780423,2026-09-18 15:58:00,STORE003,GeoMart Baner,0.8748910767197989
DEV556,18.572039,73.778377,2026-09-18 15:59:00,STORE003,GeoMart Baner,1.7001208089274444
DEV348,18.549853,73.782391,2026-09-18 16:06:00,STORE003,GeoMart Baner,1.1182615241924536
DEV973,18.55422,73.804946,2026-09-18 16:06:00,STORE003,GeoMart Baner,1.9853114988162375
DEV966,18.548615,73.78554,2026-09-18 16:07:00,STORE003,GeoMart Baner,1.1623730874181517
DEV362,18.545059,73.797532,2026-09-18 16:07:00,STORE003,GeoMart Baner,1.9190972718054329
DEV072,18.576533,73.789313,2026-09-18 16:08:00,STORE003,GeoMart Baner,1.9674933835256012
DEV976,18.553581,73.795306,2026-09-18 16:11:00,STORE003,GeoMart Baner,1.0803100576371871
DEV915,18.57387,73.778271,2026-09-18 16:20:00,STORE003,GeoMart Baner,1.8820735421135324
DEV487,18.561977,73.773118,2026-09-18 16:36:00,STORE003,GeoMart Baner,1.4797413915114292
DEV170,18.554046,73.788036,2026-09-18 16:39:00,STORE003,GeoMart Baner,0.5660585438047019
DEV267,18.559481,73.797902,2026-09-18 16:46:00,STORE003,GeoMart Baner,1.1715082681346156
DEV630,18.573826,73.790316,2026-09-18 16:47:00,STORE003,GeoMart Baner,1.6897211029277235
DEV468,18.573186,73.789005,2026-09-18 16:47:00,STORE003,GeoMart Baner,1.5944426640213207
DEV157,18.558172,73.804544,2026-09-18 16:56:00,STORE003,GeoMart Baner,1.8727066177616805
DEV148,18.551827,73.796253,2026-09-18 17:01:00,STORE003,GeoMart Baner,1.2763810541154081
DEV310,18.569977,73.79131,2026-09-18 17:01:00,STORE003,GeoMart Baner,1.3098976806336227
DEV292,18.570396,73.783439,2026-09-18 17:17:00,STORE003,GeoMart Baner,1.315770604937595
DEV800,18.558708,73.794489,2026-09-18 17:17:00,STORE003,GeoMart Baner,0.8111666538964518
DEV266,18.557401,73.794679,2026-09-18 17:24:00,STORE003,GeoMart Baner,0.8493663912931441
DEV330,18.564745,73.794844,2026-09-18 17:26:00,STORE003,GeoMart Baner,1.0616298001941806
DEV191,18.565027,73.78801,2026-09-18 17:27:00,STORE003,GeoMart Baner,0.6822011750869361
DEV196,18.552881,73.798328,2026-09-18 17:35:00,STORE003,GeoMart Baner,1.3927297161725463
DEV013,18.569858,73.795785,2026-09-18 17:40:00,STORE003,GeoMart Baner,1.5345043847857442
DEV210,18.560973,73.77437,2026-09-18 17:48:00,STORE003,GeoMart Baner,1.3285083069672825
DEV601,18.546743,73.776001,2026-09-18 17:53:00,STORE003,GeoMart Baner,1.7758014450774473
DEV194,18.565876,73.779983,2026-09-18 18:00:00,STORE003,GeoMart Baner,1.0492553239448417
DEV007,18.560198,73.785941,2026-09-18 18:03:00,STORE003,GeoMart Baner,0.16107270926557005
DEV675,18.558188,73.784427,2026-09-18 18:08:00,STORE003,GeoMart Baner,0.265940698845531
DEV169,18.555137,73.776972,2026-09-18 18:10:00,STORE003,GeoMart Baner,1.1215237482492197
DEV628,18.566545,73.788661,2026-09-18 18:13:00,STORE003,GeoMart Baner,0.8615946926210307
DEV390,18.565854,73.787427,2026-09-18 18:15:00,STORE003,GeoMart Baner,0.7649904331627727
DEV439,18.559562,73.769423,2026-09-18 18:18:00,STORE003,GeoMart Baner,1.8328137703958716
DEV095,18.568827,73.78084,2026-09-18 18:21:00,STORE003,GeoMart Baner,1.2604387727000848
DEV703,18.548785,73.774004,2026-09-18 18:22:00,STORE003,GeoMart Baner,1.7634322306327421
DEV005,18.551897,73.776258,2026-09-18 18:22:00,STORE003,GeoMart Baner,1.3633621121814041
DEV804,18.552643,73.789786,2026-09-18 18:23:00,STORE003,GeoMart Baner,0.7737817401822865
DEV837,18.548832,73.782628,2026-09-18 18:27:00,STORE003,GeoMart Baner,1.2131540031400494
DEV574,18.561561,73.782362,2026-09-18 18:30:00,STORE003,GeoMart Baner,0.547673733856017
DEV376,18.568787,73.782497,2026-09-18 18:35:00,STORE003,GeoMart Baner,1.1790045846505335
DEV759,18.558273,73.790902,2026-09-18 18:45:00,STORE003,GeoMart Baner,0.4398941491747102
DEV853,18.567625,73.791436,2026-09-18 18:47:00,STORE003,GeoMart Baner,1.0763812169424354
DEV951,18.552652,73.796516,2026-09-18 18:51:00,STORE003,GeoMart Baner,1.2438824531174468
DEV923,18.558214,73.776172,2026-09-18 18:53:00,STORE003,GeoMart Baner,1.1237294113734886
DEV504,18.55511,73.787048,2026-09-18 18:54:00,STORE003,GeoMart Baner,0.4333375534915747
DEV688,18.56237,73.796928,2026-09-18 18:54:00,STORE003,GeoMart Baner,1.1314606298420502
DEV923,18.550783,73.794539,2026-09-18 18:57:00,STORE003,GeoMart Baner,1.2248945706259344
DEV229,18.564449,73.793853,2026-09-18 19:00:00,STORE003,GeoMart Baner,0.9590889145698794
DEV475,18.566915,73.781239,2026-09-18 19:02:00,STORE003,GeoMart Baner,1.05745086599723
DEV579,18.550343,73.800122,2026-09-18 19:21:00,STORE003,GeoMart Baner,1.7025851042805296
DEV275,18.560995,73.789788,2026-09-18 19:21:00,STORE003,GeoMart Baner,0.3852487669959197
DEV658,18.543518,73.788864,2026-09-18 19:24:00,STORE003,GeoMart Baner,1.7352152945810155
DEV177,18.572951,73.789477,2026-09-18 19:26:00,STORE003,GeoMart Baner,1.5767355677791894
DEV508,18.557554,73.777576,2026-09-18 19:35:00,STORE003,GeoMart Baner,0.9855326011675656
DEV049,18.567673,73.800452,2026-09-18 19:49:00,STORE003,GeoMart Baner,1.7323191604992896
DEV821,18.565413,73.771625,2026-09-18 19:51:00,STORE003,GeoMart Baner,1.7513513076338552
DEV628,18.5536,73.792674,2026-09-18 19:54:00,STORE003,GeoMart Baner,0.8625280698637462
DEV658,18.571979,73.793691,2026-09-18 19:56:00,STORE003,GeoMart Baner,1.6156841808545364
DEV593,18.560736,73.78807,2026-09-18 19:57:00,STORE003,GeoMart Baner,0.23491332839091267
DEV265,18.570263,73.79456,2026-09-18 20:03:00,STORE003,GeoMart Baner,1.4958465619996093
DEV335,18.563262,73.80289,2026-09-18 20:04:00,STORE003,GeoMart Baner,1.7610301159763273
DEV834,18.554938,73.788407,2026-09-18 20:15:00,STORE003,GeoMart Baner,0.48239556638198017
DEV893,18.568046,73.776754,2026-09-18 20:24:00,STORE003,GeoMart Baner,1.4605263345506898
DEV239,18.554477,73.801338,2026-09-18 20:29:00,STORE003,GeoMart Baner,1.6129218311059141
DEV808,18.561628,73.771957,2026-09-18 20:31:00,STORE003,GeoMart Baner,1.5916787303229698
DEV194,18.570121,73.781233,2026-09-18 20:33:00,STORE003,GeoMart Baner,1.368767497331586
DEV945,18.568286,73.781569,2026-09-18 20:37:00,STORE003,GeoMart Baner,1.1705601069053466
DEV225,18.552161,73.79924,2026-09-18 20:37:00,STORE003,GeoMart Baner,1.5159018006065217
DEV749,18.55764,73.790686,2026-09-18 20:37:00,STORE003,GeoMart Baner,0.4366568402382441
DEV815,18.554235,73.784061,2026-09-18 20:48:00,STORE003,GeoMart Baner,0.6034058887606454
DEV742,18.568965,73.776959,2026-09-18 20:53:00,STORE003,GeoMart Baner,1.5178442457345391
DEV288,18.563552,73.8018,2026-09-18 20:54:00,STORE003,GeoMart Baner,1.6602045957325138
DEV570,18.574245,73.790251,2026-09-18 21:05:00,STORE003,GeoMart Baner,1.7337568227364875
DEV438,18.571305,73.796699,2026-09-18 21:07:00,STORE003,GeoMart Baner,1.7207219719430114
DEV713,18.573218,73.776166,2026-09-18 21:08:00,STORE003,GeoMart Baner,1.9380146232410305
DEV483,18.564655,73.7749,2026-09-18 21:08:00,STORE003,GeoMart Baner,1.4031694660908702
DEV559,18.559413,73.78374,2026-09-18 21:09:00,STORE003,GeoMart Baner,0.32581422148652756
DEV419,18.563568,73.797173,2026-09-18 21:10:00,STORE003,GeoMart Baner,1.2056477306729516
DEV032,18.569777,73.785746,2026-09-18 21:15:00,STORE003,GeoMart Baner,1.2034869066806362
DEV655,18.545298,73.794471,2026-09-18 21:20:00,STORE003,GeoMart Baner,1.724891755585869
DEV296,18.563002,73.787226,2026-09-18 21:21:00,STORE003,GeoMart Baner,0.44726204680579806
DEV398,18.567007,73.780337,2026-09-18 21:22:00,STORE003,GeoMart Baner,1.12108090887091
DEV264,18.564786,73.803847,2026-09-18 21:23:00,STORE003,GeoMart Baner,1.9086392385178834
DEV776,18.560768,73.777338,2026-09-18 21:27:00,STORE003,GeoMart Baner,1.0165968447361171
DEV412,18.553017,73.79159,2026-09-18 21:40:00,STORE003,GeoMart Baner,0.8351975969001196
DEV404,18.569559,73.798632,2026-09-18 21:45:00,STORE003,GeoMart Baner,1.7129032879078194
DEV295,18.561999,73.779738,2026-09-18 21:48:00,STORE003,GeoMart Baner,0.8156956931897043
DEV883,18.56383,73.77708,2026-09-18 21:59:00,STORE003,GeoMart Baner,1.1568226040550778
DEV223,18.565056,73.798336,2026-09-18 21:59:00,STORE003,GeoMart Baner,1.3900205599430981
DEV929,18.56437,73.791721,2026-09-18 22:01:00,STORE003,GeoMart Baner,0.7909647947339333
DEV039,18.56338,73.79224,2026-09-18 22:01:00,STORE003,GeoMart Baner,0.7523501868700402
DEV942,18.551448,73.77942,2026-09-18 22:10:00,STORE003,GeoMart Baner,1.1447239473288018
DEV462,18.545805,73.786742,2026-09-18 22:12:00,STORE003,GeoMart Baner,1.4672297964067509
DEV061,18.559727,73.802558,2026-09-18 22:16:00,STORE003,GeoMart Baner,1.6630508162102635
DEV650,18.573737,73.795192,2026-09-18 22:18:00,STORE003,GeoMart Baner,1.862191527446554
DEV950,18.544047,73.782644,2026-09-18 22:25:00,STORE003,GeoMart Baner,1.7194495759684598
DEV206,18.566104,73.777927,2026-09-18 22:27:00,STORE003,GeoMart Baner,1.2242476396061517
DEV358,18.565658,73.793734,2026-09-18 22:29:00,STORE003,GeoMart Baner,1.0403529435095271
DEV613,18.546458,73.789097,2026-09-18 22:29:00,STORE003,GeoMart Baner,1.4154717882525225
DEV673,18.54848,73.780005,2026-09-18 22:43:00,STORE003,GeoMart Baner,1.3716588385110835
DEV339,18.564415,73.792439,2026-09-18 22:48:00,STORE003,GeoMart Baner,0.8460931494332248
DEV382,18.555013,73.793075,2026-09-18 22:52:00,STORE003,GeoMart Baner,0.7962966697292573
DEV334,18.55006,73.78476,2026-09-18 22:59:00,STORE003,GeoMart Baner,1.0170769277348426
DEV374,18.579705,73.760781,2026-09-18 06:00:00,STORE004,GeoMart Balewadi,1.963991417285788
DEV411,18.571938,73.778529,2026-09-18 06:01:00,STORE004,GeoMart Balewadi,0.45439391333482415
DEV637,18.566999,73.78008,2026-09-18 06:05:00,STORE004,GeoMart Balewadi,1.0073185645785714
DEV484,18.563568,73.772619,2026-09-18 06:16:00,STORE004,GeoMart Balewadi,1.5373171984797322
DEV909,18.563904,73.774644,2026-09-18 06:18:00,STORE004,GeoMart Balewadi,1.4212241499946487
DEV775,18.571973,73.789042,2026-09-18 06:20:00,STORE004,GeoMart Balewadi,1.1492791355689569
DEV182,18.580552,73.772865,2026-09-18 06:24:00,STORE004,GeoMart Balewadi,0.8211760492834066
DEV412,18.567875,73.788305,2026-09-18 06:27:00,STORE004,GeoMart Balewadi,1.3334851698277141
DEV759,18.574838,73.784491,2026-09-18 06:30:00,STORE004,GeoMart Balewadi,0.5930112054303559
DEV952,18.578555,73.79001,2026-09-18 06:32:00,STORE004,GeoMart Balewadi,1.1947368026535745
DEV645,18.584529,73.781316,2026-09-18 06:51:00,STORE004,GeoMart Balewadi,0.9792929135282423
DEV857,18.566922,73.776684,2026-09-18 06:51:00,STORE004,GeoMart Balewadi,1.038526459027398
DEV018,18.591419,73.788018,2026-09-18 06:58:00,STORE004,GeoMart Balewadi,1.9603458234236069
DEV026,18.58704,73.774651,2026-09-18 06:59:00,STORE004,GeoMart Balewadi,1.310378741196533
DEV933,18.586263,73.783358,2026-09-18 07:08:00,STORE004,GeoMart Balewadi,1.230164425089543
DEV326,18.570247,73.790901,2026-09-18 07:10:00,STORE004,GeoMart Balewadi,1.4081064191692172
DEV631,18.590994,73.784435,2026-09-18 07:17:00,STORE004,GeoMart Balewadi,1.762919128760236
DEV415,18.579905,73.794078,2026-09-18 07:27:00,STORE004,GeoMart Balewadi,1.647483002050525
DEV341,18.566066,73.778634,2026-09-18 07:29:00,STORE004,GeoMart Balewadi,1.1052838627338692
DEV700,18.580737,73.768048,2026-09-18 07:30:00,STORE004,GeoMart Balewadi,1.2688412890937761
DEV808,18.574983,73.789509,2026-09-18 07:32:00,STORE004,GeoMart Balewadi,1.113429348668314
DEV233,18.579119,73.776668,2026-09-18 07:33:00,STORE004,GeoMart Balewadi,0.42508489980469455
DEV832,18.560432,73.787741,2026-09-18 07:39:00,STORE004,GeoMart Balewadi,1.9610076907060356
DEV071,18.586667,73.785054,2026-09-18 07:44:00,STORE004,GeoMart Balewadi,1.3468562710409933
DEV623,18.579747,73.777355,2026-09-18 07:50:00,STORE004,GeoMart Balewadi,0.4512838656176644
DEV676,18.580173,73.763291,2026-09-18 07:51:00,STORE004,GeoMart Balewadi,1.7195288403580362
DEV822,18.563555,73.784813,2026-09-18 07:53:00,STORE004,GeoMart Balewadi,1.5134035449371281
DEV497,18.562534,73.782308,2026-09-18 07:58:00,STORE004,GeoMart Balewadi,1.5374132956548205
DEV180,18.569272,73.790323,2026-09-18 08:02:00,STORE004,GeoMart Balewadi,1.4085804789475456
DEV602,18.565014,73.786659,2026-09-18 08:10:00,STORE004,GeoMart Balewadi,1.4642430417467802
DEV837,18.561376,73.782071,2026-09-18 08:15:00,STORE004,GeoMart Balewadi,1.6580206251934775
DEV584,18.585997,73.767419,2026-09-18 08:16:00,STORE004,GeoMart Balewadi,1.6509424631339609
DEV870,18.581519,73.761831,2026-09-18 08:22:00,STORE004,GeoMart Balewadi,1.9108422107260752
DEV770,18.57096,73.775159,2026-09-18 08:29:00,STORE004,GeoMart Balewadi,0.6913613883991807
DEV288,18.575212,73.7708,2026-09-18 08:31:00,STORE004,GeoMart Balewadi,0.8687276018998963
DEV029,18.563867,73.788906,2026-09-18 08:34:00,STORE004,GeoMart Balewadi,1.7059871037307202
DEV127,18.56094,73.784501,2026-09-18 08:38:00,STORE004,GeoMart Balewadi,1.7721417631296514
DEV393,18.580786,73.792178,2026-09-18 08:39:00,STORE004,GeoMart Balewadi,1.487428145297824
DEV868,18.570669,73.789399,2026-09-18 08:41:00,STORE004,GeoMart Balewadi,1.2461157845496285
DEV497,18.582362,73.775404,2026-09-18 08:45:00,STORE004,GeoMart Balewadi,0.8025588995161121
DEV865,18.582557,73.792767,2026-09-18 08:53:00,STORE004,GeoMart Balewadi,1.6239183952065916
DEV688,18.58239,73.767155,2026-09-18 08:54:00,STORE004,GeoMart Balewadi,1.4364950474293507
DEV386,18.582964,73.783421,2026-09-18 08:54:00,STORE004,GeoMart Balewadi,0.903750957744658
DEV598,18.570282,73.790073,2026-09-18 08:57:00,STORE004,GeoMart Balewadi,1.3290827456918248
DEV842,18.589595,73.76946,2026-09-18 08:59:00,STORE004,GeoMart Balewadi,1.8155549611760782
DEV008,18.588162,73.790747,2026-09-18 08:59:00,STORE004,GeoMart Balewadi,1.833515366090612
DEV084,18.579906,73.777208,2026-09-18 09:00:00,STORE004,GeoMart Balewadi,0.4736192360802447
DEV104,18.574688,73.790992,2026-09-18 09:02:00,STORE004,GeoMart Balewadi,1.2723755297229944
DEV913,18.571028,73.783576,2026-09-18 09:03:00,STORE004,GeoMart Balewadi,0.733685156664425
DEV985,18.584108,73.774649,2026-09-18 09:03:00,STORE004,GeoMart Balewadi,1.0115003512406364
DEV352,18.562619,73.78851,2026-09-18 09:08:00,STORE004,GeoMart Balewadi,1.794065969352079
DEV907,18.561992,73.788937,2026-09-18 09:10:00,STORE004,GeoMart Balewadi,1.8770368696121107
DEV795,18.574111,73.772319,2026-09-18 09:11:00,STORE004,GeoMart Balewadi,0.7348529663863967
DEV435,18.580377,73.775643,2026-09-18 09:15:00,STORE004,GeoMart Balewadi,0.6017245684514474
DEV343,18.581577,73.775164,2026-09-18 09:15:00,STORE004,GeoMart Balewadi,0.7402951741348563
DEV436,18.563809,73.782436,2026-09-18 09:21:00,STORE004,GeoMart Balewadi,1.4031250241709106
DEV505,18.585009,73.779015,2026-09-18 09:26:00,STORE004,GeoMart Balewadi,1.001756341709554
DEV222,18.574678,73.78913,2026-09-18 09:30:00,STORE004,GeoMart Balewadi,1.0777968750439642
DEV020,18.588369,73.785767,2026-09-18 09:32:00,STORE004,GeoMart Balewadi,1.5493023979692986
DEV516,18.589767,73.77713,2026-09-18 09:32:00,STORE004,GeoMart Balewadi,1.543456331051603
DEV830,18.56735,73.765604,2026-09-18 09:35:00,STORE004,GeoMart Balewadi,1.7084704364747774
DEV073,18.577631,73.765903,2026-09-18 09:37:00,STORE004,GeoMart Balewadi,1.3923041639685934
DEV726,18.585432,73.769159,2026-09-18 09:39:00,STORE004,GeoMart Balewadi,1.4750628127885719
DEV606,18.572298,73.77962,2026-09-18 09:41:00,STORE004,GeoMart Balewadi,0.4167986027353124
DEV776,18.585575,73.789373,2026-09-18 09:45:00,STORE004,GeoMart Balewadi,1.5260666409615748
DEV908,18.567697,73.766501,2026-09-18 09:53:00,STORE004,GeoMart Balewadi,1.6087474748783592
DEV631,18.583143,73.782362,2026-09-18 10:03:00,STORE004,GeoMart Balewadi,0.8697264049927496
DEV844,18.588879,73.78573,2026-09-18 10:13:00,STORE004,GeoMart Balewadi,1.598123161303414
DEV424,18.563112,73.769222,2026-09-18 10:14:00,STORE004,GeoMart Balewadi,1.7652127407479203
DEV910,18.581964,73.783988,2026-09-18 10:18:00,STORE004,GeoMart Balewadi,0.8462786680546551
DEV271,18.574497,73.788055,2026-09-18 10:20:00,STORE004,GeoMart Balewadi,0.9689403233196949
DEV769,18.575812,73.791628,2026-09-18 10:20:00,STORE004,GeoMart Balewadi,1.3311798995341348
DEV059,18.562839,73.773814,2026-09-18 10:23:00,STORE004,GeoMart Balewadi,1.5621959880340726
DEV232,18.589173,73.770838,2026-09-18 10:23:00,STORE004,GeoMart Balewadi,1.6987040416392818
DEV076,18.570505,73.782051,2026-09-18 10:29:00,STORE004,GeoMart Balewadi,0.6904769890864935
DEV928,18.593147,73.776104,2026-09-18 10:30:00,STORE004,GeoMart Balewadi,1.930936181226148
DEV195,18.588108,73.771505,2026-09-18 10:32:00,STORE004,GeoMart Balewadi,1.5609896669887335
DEV234,18.59059,73.784928,2026-09-18 10:50:00,STORE004,GeoMart Balewadi,1.7384870229052496
DEV685,18.588773,73.790289,2026-09-18 10:52:00,STORE004,GeoMart Balewadi,1.852820672389881
DEV441,18.586718,73.775916,2026-09-18 10:54:00,STORE004,GeoMart Balewadi,1.235319297437234
DEV455,18.589039,73.78288,2026-09-18 10:55:00,STORE004,GeoMart Balewadi,1.5064394532280867
DEV341,18.571592,73.772186,2026-09-18 11:01:00,STORE004,GeoMart Balewadi,0.8695291984204969
DEV116,18.583387,73.766909,2026-09-18 11:03:00,STORE004,GeoMart Balewadi,1.516164265809354
DEV109,18.558374,73.78065,2026-09-18 11:09:00,STORE004,GeoMart Balewadi,1.9676235078203683
DEV708,18.582077,73.78752,2026-09-18 11:13:00,STORE004,GeoMart Balewadi,1.1238468000425925
DEV286,18.573829,73.790757,2026-09-18 11:16:00,STORE004,GeoMart Balewadi,1.2625121339168017
DEV073,18.56038,73.788045,2026-09-18 11:25:00,STORE004,GeoMart Balewadi,1.9813323353705645
DEV330,18.565462,73.771208,2026-09-18 11:25:00,STORE004,GeoMart Balewadi,1.430947708590306
DEV073,18.567427,73.769894,2026-09-18 11:26:00,STORE004,GeoMart Balewadi,1.35276526419288
DEV107,18.562723,73.775962,2026-09-18 11:30:00,STORE004,GeoMart Balewadi,1.5106648125428142
DEV167,18.574237,73.783243,2026-09-18 11:32:00,STORE004,GeoMart Balewadi,0.48830149212048457
DEV769,18.587672,73.768979,2026-09-18 11:34:00,STORE004,GeoMart Balewadi,1.673322891501751
DEV640,18.58289,73.79588,2026-09-18 11:35:00,STORE004,GeoMart Balewadi,1.9370924102047151
DEV251,18.572205,73.780539,2026-09-18 11:36:00,STORE004,GeoMart Balewadi,0.4520895181097928
DEV670,18.565953,73.779055,2026-09-18 11:38:00,STORE004,GeoMart Balewadi,1.1171904695768407
DEV775,18.581807,73.791039,2026-09-18 11:46:00,STORE004,GeoMart Balewadi,1.4237545122558575
DEV985,18.561837,73.781366,2026-09-18 11:51:00,STORE004,GeoMart Balewadi,1.5944780653590322
DEV889,18.573458,73.770133,2026-09-18 11:56:00,STORE004,GeoMart Balewadi,0.9764131726604608
DEV842,18.566447,73.786376,2026-09-18 12:00:00,STORE004,GeoMart Balewadi,1.316365542753239
DEV450,18.564731,73.783813,2026-09-18 12:00:00,STORE004,GeoMart Balewadi,1.3518572302616805
DEV354,18.582078,73.778851,2026-09-18 12:01:00,STORE004,GeoMart Balewadi,0.6760252039242822
DEV918,18.565377,73.7838,2026-09-18 12:03:00,STORE004,GeoMart Balewadi,1.2850173519078103
DEV359,18.563856,73.779245,2026-09-18 12:22:00,STORE004,GeoMart Balewadi,1.350598101871109
DEV176,18.575309,73.776164,2026-09-18 12:34:00,STORE004,GeoMart Balewadi,0.3086374927388704
DEV068,18.576391,73.771573,2026-09-18 12:37:00,STORE004,GeoMart Balewadi,0.7840253257708015
DEV568,18.584423,73.787123,2026-09-18 12:38:00,STORE004,GeoMart Balewadi,1.2689432971124162
DEV301,18.583585,73.770707,2026-09-18 12:47:00,STORE004,GeoMart Balewadi,1.2146437331613602
DEV114,18.575573,73.763333,2026-09-18 12:54:00,STORE004,GeoMart Balewadi,1.6520158631154989
DEV047,18.570841,73.782594,2026-09-18 12:55:00,STORE004,GeoMart Balewadi,0.6874476745569332
DEV590,18.569824,73.784273,2026-09-18 12:58:00,STORE004,GeoMart Balewadi,0.8834697777708681
DEV253,18.559373,73.772305,2026-09-18 12:58:00,STORE004,GeoMart Balewadi,1.9789428095615906
DEV875,18.576818,73.794899,2026-09-18 13:06:00,STORE004,GeoMart Balewadi,1.678247225255655
DEV779,18.572608,73.771754,2026-09-18 13:13:00,STORE004,GeoMart Balewadi,0.8518058241331731
DEV890,18.58777,73.787683,2026-09-18 13:15:00,STORE004,GeoMart Balewadi,1.596998914695226
DEV731,18.578971,73.781986,2026-09-18 13:17:00,STORE004,GeoMart Balewadi,0.45627960695801384
DEV438,18.564147,73.785411,2026-09-18 13:17:00,STORE004,GeoMart Balewadi,1.481131851271377
DEV627,18.567242,73.76705,2026-09-18 13:26:00,STORE004,GeoMart Balewadi,1.5921458742874812
DEV443,18.568272,73.77932,2026-09-18 13:29:00,STORE004,GeoMart Balewadi,0.8599761022585511
DEV003,18.589573,73.785482,2026-09-18 13:30:00,STORE004,GeoMart Balewadi,1.6566765994925732
DEV888,18.574792,73.779042,2026-09-18 13:35:00,STORE004,GeoMart Balewadi,0.13439640011432383
DEV388,18.560331,73.777124,2026-09-18 13:39:00,STORE004,GeoMart Balewadi,1.7534987760139726
DEV092,18.582871,73.76811,2026-09-18 13:43:00,STORE004,GeoMart Balewadi,1.378832743464474
DEV503,18.577364,73.794274,2026-09-18 13:51:00,STORE004,GeoMart Balewadi,1.6170306378463082
DEV012,18.571737,73.792218,2026-09-18 13:52:00,STORE004,GeoMart Balewadi,1.471651936606428
DEV800,18.571573,73.770867,2026-09-18 13:54:00,STORE004,GeoMart Balewadi,0.9885283336577683
DEV945,18.578289,73.783225,2026-09-18 13:56:00,STORE004,GeoMart Balewadi,0.5129258753668282
DEV322,18.564606,73.791027,2026-09-18 13:58:00,STORE004,GeoMart Balewadi,1.7922794733359035
DEV850,18.576104,73.788453,2026-09-18 14:00:00,STORE004,GeoMart Balewadi,0.9964308306082779
DEV679,18.56891,73.792117,2026-09-18 14:01:00,STORE004,GeoMart Balewadi,1.591562915637673
DEV490,18.566785,73.783566,2026-09-18 14:06:00,STORE004,GeoMart Balewadi,1.1320597169787894
DEV630,18.578705,73.776678,2026-09-18 14:06:00,STORE004,GeoMart Balewadi,0.3877734532952335
DEV589,18.570168,73.786895,2026-09-18 14:06:00,STORE004,GeoMart Balewadi,1.0550030963760186
DEV575,18.593395,73.778536,2026-09-18 14:11:00,STORE004,GeoMart Balewadi,1.9348538786749059
DEV025,18.577859,73.768596,2026-09-18 14:15:00,STORE004,GeoMart Balewadi,1.1159080215347712
DEV235,18.591576,73.774269,2026-09-18 14:15:00,STORE004,GeoMart Balewadi,1.8023215658286398
DEV658,18.589337,73.773878,2026-09-18 14:15:00,STORE004,GeoMart Balewadi,1.5782091523305424
DEV605,18.577932,73.787025,2026-09-18 14:20:00,STORE004,GeoMart Balewadi,0.8727002160800058
DEV894,18.575071,73.770754,2026-09-18 14:20:00,STORE004,GeoMart Balewadi,0.8752635207092438
DEV490,18.564243,73.767527,2026-09-18 14:36:00,STORE004,GeoMart Balewadi,1.7808793312873952
DEV304,18.563126,73.771933,2026-09-18 14:37:00,STORE004,GeoMart Balewadi,1.6137349017087046
DEV693,18.590313,73.786948,2026-09-18 14:39:00,STORE004,GeoMart Balewadi,1.798531867922847
DEV216,18.571542,73.77706,2026-09-18 14:41:00,STORE004,GeoMart Balewadi,0.5362261061812889
DEV927,18.587475,73.792713,2026-09-18 14:44:00,STORE004,GeoMart Balewadi,1.9279651933533826
DEV405,18.593916,73.780027,2026-09-18 14:46:00,STORE004,GeoMart Balewadi,1.9951067388115968
DEV795,18.563313,73.792163,2026-09-18 14:46:00,STORE004,GeoMart Balewadi,1.9786852045129157
DEV230,18.574749,73.766145,2026-09-18 14:50:00,STORE004,GeoMart Balewadi,1.362068060036544
DEV668,18.578913,73.797019,2026-09-18 14:52:00,STORE004,GeoMart Balewadi,1.9266437581907578
DEV881,18.5827,73.776951,2026-09-18 14:54:00,STORE004,GeoMart Balewadi,0.7756767992996387
DEV815,18.584333,73.785006,2026-09-18 14:55:00,STORE004,GeoMart Balewadi,1.1221803943848532
DEV119,18.580061,73.76212,2026-09-18 15:02:00,STORE004,GeoMart Balewadi,1.8355730657665739
DEV394,18.586775,73.778068,2026-09-18 15:05:00,STORE004,GeoMart Balewadi,1.2021454719353692
DEV561,18.580161,73.772731,2026-09-18 15:06:00,STORE004,GeoMart Balewadi,0.8066434657917148
DEV093,18.563407,73.776383,2026-09-18 15:26:00,STORE004,GeoMart Balewadi,1.4271892628183063
DEV495,18.577923,73.783363,2026-09-18 15:27:00,STORE004,GeoMart Balewadi,0.5071478406776441
DEV494,18.584192,73.784571,2026-09-18 15:30:00,STORE004,GeoMart Balewadi,1.0837596717839115
DEV104,18.565964,73.786173,2026-09-18 15:31:00,STORE004,GeoMart Balewadi,1.3479581996179562
DEV282,18.583393,73.781805,2026-09-18 15:32:00,STORE004,GeoMart Balewadi,0.8736108160707745
DEV520,18.567717,73.794756,2026-09-18 15:37:00,STORE004,GeoMart Balewadi,1.8990498922676446
DEV756,18.582517,73.780224,2026-09-18 15:44:00,STORE004,GeoMart Balewadi,0.7360514195011344
DEV991,18.564599,73.773392,2026-09-18 15:46:00,STORE004,GeoMart Balewadi,1.3987719902125653
DEV129,18.5875,73.766302,2026-09-18 15:46:00,STORE004,GeoMart Balewadi,1.8510417561491288
DEV351,18.575332,73.78864,2026-09-18 15:46:00,STORE004,GeoMart Balewadi,1.018787531990215
DEV587,18.580495,73.796283,2026-09-18 15:51:00,STORE004,GeoMart Balewadi,1.8889631463589276
DEV002,18.578076,73.785551,2026-09-18 15:52:00,STORE004,GeoMart Balewadi,0.7280487253144499
DEV869,18.568882,73.793251,2026-09-18 15:53:00,STORE004,GeoMart Balewadi,1.6978794496745138
DEV620,18.564036,73.780423,2026-09-18 15:58:00,STORE004,GeoMart Balewadi,1.3387650237641582
DEV556,18.572039,73.778377,2026-09-18 15:59:00,STORE004,GeoMart Balewadi,0.4453113179319561
DEV077,18.5878,73.777691,2026-09-18 16:04:00,STORE004,GeoMart Balewadi,1.3193337184519398
DEV072,18.576533,73.789313,2026-09-18 16:08:00,STORE004,GeoMart Balewadi,1.0886224535570241
DEV154,18.590343,73.784467,2026-09-18 16:10:00,STORE004,GeoMart Balewadi,1.6957659321866667
DEV498,18.587644,73.786242,2026-09-18 16:13:00,STORE004,GeoMart Balewadi,1.5029988450170328
DEV915,18.57387,73.778271,2026-09-18 16:20:00,STORE004,GeoMart Balewadi,0.2489975781605666
DEV904,18.592253,73.780434,2026-09-18 16:24:00,STORE004,GeoMart Balewadi,1.8135599575894306
DEV058,18.590382,73.790054,2026-09-18 16:26:00,STORE004,GeoMart Balewadi,1.978593058372468
DEV487,18.561977,73.773118,2026-09-18 16:36:00,STORE004,GeoMart Balewadi,1.678026664764503
DEV929,18.578903,73.78734,2026-09-18 16:38:00,STORE004,GeoMart Balewadi,0.9364389425931581
DEV155,18.588171,73.792944,2026-09-18 16:43:00,STORE004,GeoMart Balewadi,1.9978737836418565
DEV366,18.583397,73.771041,2026-09-18 16:44:00,STORE004,GeoMart Balewadi,1.1748330924760806
DEV114,18.579564,73.78635,2026-09-18 16:46:00,STORE004,GeoMart Balewadi,0.8701759586560872
DEV630,18.573826,73.790316,2026-09-18 16:47:00,STORE004,GeoMart Balewadi,1.2169859287230795
DEV468,18.573186,73.789005,2026-09-18 16:47:00,STORE004,GeoMart Balewadi,1.099996968352803
DEV117,18.574463,73.760631,2026-09-18 16:48:00,STORE004,GeoMart Balewadi,1.9436644641520529
DEV812,18.585493,73.791214,2026-09-18 17:00:00,STORE004,GeoMart Balewadi,1.6647782827509197
DEV283,18.582313,73.765948,2026-09-18 17:01:00,STORE004,GeoMart Balewadi,1.5444294067226914
DEV310,18.569977,73.79131,2026-09-18 17:01:00,STORE004,GeoMart Balewadi,1.46016875803074
DEV292,18.570396,73.783439,2026-09-18 17:17:00,STORE004,GeoMart Balewadi,0.7792412084278105
DEV023,18.585994,73.780393,2026-09-18 17:25:00,STORE004,GeoMart Balewadi,1.1209389656626194
DEV191,18.565027,73.78801,2026-09-18 17:27:00,STORE004,GeoMart Balewadi,1.546182187495464
DEV887,18.573145,73.762614,2026-09-18 17:35:00,STORE004,GeoMart Balewadi,1.7560635025258042
DEV022,18.588676,73.777861,2026-09-18 17:38:00,STORE004,GeoMart Balewadi,1.4146099334513447
DEV792,18.578464,73.767006,2026-09-18 17:40:00,STORE004,GeoMart Balewadi,1.2935305196579991
DEV013,18.569858,73.795785,2026-09-18 17:40:00,STORE004,GeoMart Balewadi,1.8964469067933127
DEV210,18.560973,73.77437,2026-09-18 17:48:00,STORE004,GeoMart Balewadi,1.7407382631764214
DEV772,18.589176,73.773619,2026-09-18 17:54:00,STORE004,GeoMart Balewadi,1.5710458068206563
DEV194,18.565876,73.779983,2026-09-18 18:00:00,STORE004,GeoMart Balewadi,1.1304956693660915
DEV325,18.579006,73.792585,2026-09-18 18:01:00,STORE004,GeoMart Balewadi,1.4703679043675228
DEV007,18.560198,73.785941,2026-09-18 18:03:00,STORE004,GeoMart Balewadi,1.9033361085447305
DEV628,18.566545,73.788661,2026-09-18 18:13:00,STORE004,GeoMart Balewadi,1.4636597466671877
DEV939,18.59176,73.786682,2026-09-18 18:15:00,STORE004,GeoMart Balewadi,1.930431854035914
DEV390,18.565854,73.787427,2026-09-18 18:15:00,STORE004,GeoMart Balewadi,1.4358910945912808
DEV095,18.568827,73.78084,2026-09-18 18:21:00,STORE004,GeoMart Balewadi,0.8208421216028674
DEV638,18.578612,73.788974,2026-09-18 18:22:00,STORE004,GeoMart Balewadi,1.0906536667831763
DEV574,18.561561,73.782362,2026-09-18 18:30:00,STORE004,GeoMart Balewadi,1.6441874976713107
DEV714,18.576092,73.772618,2026-09-18 18:31:00,STORE004,GeoMart Balewadi,0.6727524368994253
DEV858,18.576329,73.776384,2026-09-18 18:32:00,STORE004,GeoMart Balewadi,0.2781473474829276
DEV376,18.568787,73.782497,2026-09-18 18:35:00,STORE004,GeoMart Balewadi,0.8826931710041468
DEV009,18.580023,73.7779,2026-09-18 18:44:00,STORE004,GeoMart Balewadi,0.46211774349016893
DEV853,18.567625,73.791436,2026-09-18 18:47:00,STORE004,GeoMart Balewadi,1.6079376596670243
DEV352,18.575709,73.762242,2026-09-18 18:50:00,STORE004,GeoMart Balewadi,1.7666226686609392
DEV030,18.584064,73.766044,2026-09-18 18:52:00,STORE004,GeoMart Balewadi,1.6336360756134902
DEV726,18.5854,73.77711,2026-09-18 18:56:00,STORE004,GeoMart Balewadi,1.064045508844546
DEV475,18.566915,73.781239,2026-09-18 19:02:00,STORE004,GeoMart Balewadi,1.0374066228987637
DEV589,18.573098,73.766188,2026-09-18 19:02:00,STORE004,GeoMart Balewadi,1.3884389572292917
DEV670,18.577188,73.791836,2026-09-18 19:22:00,STORE004,GeoMart Balewadi,1.3593676521579807
DEV130,18.573524,73.774324,2026-09-18 19:23:00,STORE004,GeoMart Balewadi,0.5645476854396212
DEV091,18.583466,73.771336,2026-09-18 19:26:00,STORE004,GeoMart Balewadi,1.158323518485274
DEV177,18.572951,73.789477,2026-09-18 19:26:00,STORE004,GeoMart Balewadi,1.1551770799856436
DEV876,18.575984,73.766654,2026-09-18 19:31:00,STORE004,GeoMart Balewadi,1.3012929593340508
DEV334,18.589751,73.782802,2026-09-18 19:50:00,STORE004,GeoMart Balewadi,1.5806788663456477
DEV821,18.565413,73.771625,2026-09-18 19:51:00,STORE004,GeoMart Balewadi,1.4107238721140822
DEV996,18.583111,73.788077,2026-09-18 19:52:00,STORE004,GeoMart Balewadi,1.2411758324298563
DEV578,18.584165,73.790939,2026-09-18 19:55:00,STORE004,GeoMart Balewadi,1.5516996265766294
DEV658,18.571979,73.793691,2026-09-18 19:56:00,STORE004,GeoMart Balewadi,1.6117362653022105
DEV593,18.560736,73.78807,2026-09-18 19:57:00,STORE004,GeoMart Balewadi,1.9480158290108474
DEV581,18.571542,73.766103,2026-09-18 19:59:00,STORE004,GeoMart Balewadi,1.4469469297401045
DEV265,18.570263,73.79456,2026-09-18 20:03:00,STORE004,GeoMart Balewadi,1.7597767335439196
DEV774,18.584299,73.781044,2026-09-18 20:04:00,STORE004,GeoMart Balewadi,0.947620683205497
DEV213,18.581222,73.786846,2026-09-18 20:05:00,STORE004,GeoMart Balewadi,1.0104682995602883
DEV632,18.586779,73.78271,2026-09-18 20:10:00,STORE004,GeoMart Balewadi,1.2607433164858135
DEV698,18.584472,73.775002,2026-09-18 20:18:00,STORE004,GeoMart Balewadi,1.0319942775714543
DEV302,18.576539,73.780248,2026-09-18 20:18:00,STORE004,GeoMart Balewadi,0.14455178240307512
DEV278,18.580816,73.78288,2026-09-18 20:20:00,STORE004,GeoMart Balewadi,0.6738093672768161
DEV893,18.568046,73.776754,2026-09-18 20:24:00,STORE004,GeoMart Balewadi,0.9155801079113758
DEV264,18.579846,73.762194,2026-09-18 20:29:00,STORE004,GeoMart Balewadi,1.8222568974509128
DEV808,18.561628,73.771957,2026-09-18 20:31:00,STORE004,GeoMart Balewadi,1.7621084096800301
DEV194,18.570121,73.781233,2026-09-18 20:33:00,STORE004,GeoMart Balewadi,0.6947953953944265
DEV945,18.568286,73.781569,2026-09-18 20:37:00,STORE004,GeoMart Balewadi,0.8994842700116648
DEV441,18.579502,73.791288,2026-09-18 20:40:00,STORE004,GeoMart Balewadi,1.3524379933353061
DEV586,18.587582,73.778228,2026-09-18 20:41:00,STORE004,GeoMart Balewadi,1.290427495835425
DEV596,18.58794,73.76696,2026-09-18 20:41:00,STORE004,GeoMart Balewadi,1.836585748828711
DEV933,18.579152,73.795543,2026-09-18 20:42:00,STORE004,GeoMart Balewadi,1.7785236993524882
DEV742,18.568965,73.776959,2026-09-18 20:53:00,STORE004,GeoMart Balewadi,0.8112987828446294
DEV913,18.576617,73.766834,2026-09-18 21:00:00,STORE004,GeoMart Balewadi,1.2841510436666275
DEV570,18.574245,73.790251,2026-09-18 21:05:00,STORE004,GeoMart Balewadi,1.201832025036706
DEV438,18.571305,73.796699,2026-09-18 21:07:00,STORE004,GeoMart Balewadi,1.937204860709535
DEV713,18.573218,73.776166,2026-09-18 21:08:00,STORE004,GeoMart Balewadi,0.43002601855628436
DEV483,18.564655,73.7749,2026-09-18 21:08:00,STORE004,GeoMart Balewadi,1.3334776309329297
DEV087,18.590788,73.776538,2026-09-18 21:08:00,STORE004,GeoMart Balewadi,1.6646990516432647
DEV559,18.559413,73.78374,2026-09-18 21:09:00,STORE004,GeoMart Balewadi,1.9108649246471119
DEV032,18.569777,73.785746,2026-09-18 21:15:00,STORE004,GeoMart Balewadi,0.992176856042871
DEV721,18.578124,73.787242,2026-09-18 21:16:00,STORE004,GeoMart Balewadi,0.9002495018803033
DEV794,18.570028,73.763767,2026-09-18 21:16:00,STORE004,GeoMart Balewadi,1.7375183960006517
DEV296,18.563002,73.787226,2026-09-18 21:21:00,STORE004,GeoMart Balewadi,1.6854478215716475
DEV398,18.567007,73.780337,2026-09-18 21:22:00,STORE004,GeoMart Balewadi,1.0098574648136065
DEV991,18.576606,73.790711,2026-09-18 21:23:00,STORE004,GeoMart Balewadi,1.2361971845883213
DEV822,18.591364,73.775708,2026-09-18 21:25:00,STORE004,GeoMart Balewadi,1.743276511592664
DEV328,18.584089,73.790456,2026-09-18 21:25:00,STORE004,GeoMart Balewadi,1.5056457415589917
DEV877,18.582276,73.76486,2026-09-18 21:27:00,STORE004,GeoMart Balewadi,1.6456507517455687
DEV776,18.560768,73.777338,2026-09-18 21:27:00,STORE004,GeoMart Balewadi,1.7027569676718584
DEV406,18.584141,73.763963,2026-09-18 21:40:00,STORE004,GeoMart Balewadi,1.8251939472181824
DEV467,18.588737,73.768411,2026-09-18 21:46:00,STORE004,GeoMart Balewadi,1.8031816707866601
DEV364,18.584081,73.786729,2026-09-18 21:48:00,STORE004,GeoMart Balewadi,1.2128669737607471
DEV295,18.561999,73.779738,2026-09-18 21:48:00,STORE004,GeoMart Balewadi,1.5587823963549647
DEV845,18.577691,73.776789,2026-09-18 21:49:00,STORE004,GeoMart Balewadi,0.29943994562150755
DEV401,18.578205,73.782742,2026-09-18 21:56:00,STORE004,GeoMart Balewadi,0.46440916333012516
DEV883,18.56383,73.77708,2026-09-18 21:59:00,STORE004,GeoMart Balewadi,1.3682915634431683
DEV929,18.56437,73.791721,2026-09-18 22:01:00,STORE004,GeoMart Balewadi,1.862866704286114
DEV039,18.56338,73.79224,2026-09-18 22:01:00,STORE004,GeoMart Balewadi,1.9790951430263033
DEV659,18.562296,73.767834,2026-09-18 22:03:00,STORE004,GeoMart Balewadi,1.925424369974393
DEV650,18.573737,73.795192,2026-09-18 22:18:00,STORE004,GeoMart Balewadi,1.7251294971480802
DEV772,18.570823,73.769296,2026-09-18 22:20:00,STORE004,GeoMart Balewadi,1.173700259175702
DEV206,18.566104,73.777927,2026-09-18 22:27:00,STORE004,GeoMart Balewadi,1.1061820072973794
DEV195,18.582071,73.781041,2026-09-18 22:29:00,STORE004,GeoMart Balewadi,0.7085119394020643
DEV358,18.565658,73.793734,2026-09-18 22:29:00,STORE004,GeoMart Balewadi,1.9324538186589382
DEV035,18.580065,73.763276,2026-09-18 22:32:00,STORE004,GeoMart Balewadi,1.7178528947808025
DEV998,18.581876,73.773795,2026-09-18 22:41:00,STORE004,GeoMart Balewadi,0.8531572394657212
DEV339,18.564415,73.792439,2026-09-18 22:48:00,STORE004,GeoMart Balewadi,1.9146902775214878
DEV147,18.579152,73.786196,2026-09-18 22:53:00,STORE004,GeoMart Balewadi,0.8355296619631446
DEV494,18.581953,73.767959,2026-09-18 22:53:00,STORE004,GeoMart Balewadi,1.3388120578497504
DEV002,18.58578,73.794511,2026-09-18 22:54:00,STORE004,GeoMart Balewadi,1.9635004906960836
DEV676,18.590558,73.773162,2026-09-18 22:56:00,STORE004,GeoMart Balewadi,1.7317740076117836
DEV804,18.580753,73.782727,2026-09-18 22:58:00,STORE004,GeoMart Balewadi,0.6585101409175044
DEV755,18.567436,73.812225,2026-09-18 06:04:00,STORE005,GeoMart Aundh,1.040215351843773
DEV910,18.546738,73.802704,2026-09-18 06:06:00,STORE005,GeoMart Aundh,1.4895796101672363
DEV283,18.556254,73.822215,2026-09-18 06:06:00,STORE005,GeoMart Aundh,1.6439720020698816
DEV431,18.567502,73.8129,2026-09-18 06:08:00,STORE005,GeoMart Aundh,1.08558373312256
DEV069,18.574193,73.798148,2026-09-18 06:13:00,STORE005,GeoMart Aundh,1.8814556178100708
DEV528,18.557792,73.811929,2026-09-18 06:15:00,STORE005,GeoMart Aundh,0.5532016298504913
DEV882,18.548575,73.819645,2026-09-18 06:16:00,STORE005,GeoMart Aundh,1.803491523111291
DEV239,18.544273,73.811203,2026-09-18 06:16:00,STORE005,GeoMart Aundh,1.7501760932214836
DEV271,18.572453,73.806899,2026-09-18 06:25:00,STORE005,GeoMart Aundh,1.4403472307097582
DEV704,18.563566,73.811339,2026-09-18 06:27:00,STORE005,GeoMart Aundh,0.6431216448639797
DEV875,18.560454,73.809472,2026-09-18 06:29:00,STORE005,GeoMart Aundh,0.2813428875424536
DEV710,18.565288,73.809851,2026-09-18 06:30:00,STORE005,GeoMart Aundh,0.7103036248444916
DEV007,18.553833,73.823748,2026-09-18 06:45:00,STORE005,GeoMart Aundh,1.874557514912958
DEV561,18.552268,73.791016,2026-09-18 06:47:00,STORE005,GeoMart Aundh,1.8670048261655237
DEV814,18.568062,73.806553,2026-09-18 06:59:00,STORE005,GeoMart Aundh,0.9532162093612966
DEV012,18.556849,73.802903,2026-09-18 07:02:00,STORE005,GeoMart Aundh,0.5228875291578636
DEV726,18.562042,73.806564,2026-09-18 07:11:00,STORE005,GeoMart Aundh,0.28636955828458066
DEV647,18.567244,73.82138,2026-09-18 07:12:00,STORE005,GeoMart Aundh,1.7433030259678621
DEV389,18.552004,73.816442,2026-09-18 07:22:00,STORE005,GeoMart Aundh,1.2982365836336753
DEV298,18.557915,73.805895,2026-09-18 07:24:00,STORE005,GeoMart Aundh,0.21125749971018737
DEV685,18.564021,73.816203,2026-09-18 07:24:00,STORE005,GeoMart Aundh,1.0926129421968427
DEV326,18.54735,73.81658,2026-09-18 07:30:00,STORE005,GeoMart Aundh,1.6867470689567305
DEV888,18.559284,73.792153,2026-09-18 07:30:00,STORE005,GeoMart Aundh,1.56523846348665
DEV856,18.543509,73.803851,2026-09-18 07:30:00,STORE005,GeoMart Aundh,1.8088394404596246
DEV602,18.572381,73.799394,2026-09-18 07:31:00,STORE005,GeoMart Aundh,1.6414219590967478
DEV134,18.563821,73.812512,2026-09-18 07:38:00,STORE005,GeoMart Aundh,0.7539519266213315
DEV840,18.562224,73.812994,2026-09-18 07:41:00,STORE005,GeoMart Aundh,0.7006859563138754
DEV886,18.558787,73.80853,2026-09-18 07:41:00,STORE005,GeoMart Aundh,0.17971404131397972
DEV080,18.554515,73.822866,2026-09-18 07:45:00,STORE005,GeoMart Aundh,1.7619554967115671
DEV574,18.560826,73.790045,2026-09-18 07:46:00,STORE005,GeoMart Aundh,1.7933265164739831
DEV700,18.565926,73.800566,2026-09-18 07:54:00,STORE005,GeoMart Aundh,0.9851559619088984
DEV554,18.574965,73.798948,2026-09-18 07:54:00,STORE005,GeoMart Aundh,1.9176769000804283
DEV063,18.553664,73.824551,2026-09-18 08:07:00,STORE005,GeoMart Aundh,1.9606262905305496
DEV783,18.561032,73.803059,2026-09-18 08:23:00,STORE005,GeoMart Aundh,0.44899783394698534
DEV355,18.551051,73.823302,2026-09-18 08:25:00,STORE005,GeoMart Aundh,1.9585132103865341
DEV426,18.551705,73.795552,2026-09-18 08:27:00,STORE005,GeoMart Aundh,1.4858030952747532
DEV043,18.54727,73.795657,2026-09-18 08:32:00,STORE005,GeoMart Aundh,1.810839910589016
DEV059,18.551193,73.79235,2026-09-18 08:34:00,STORE005,GeoMart Aundh,1.7994869282512467
DEV029,18.563867,73.788906,2026-09-18 08:34:00,STORE005,GeoMart Aundh,1.968145356294641
DEV892,18.574917,73.812656,2026-09-18 08:43:00,STORE005,GeoMart Aundh,1.8150021526222324
DEV769,18.562211,73.804747,2026-09-18 08:43:00,STORE005,GeoMart Aundh,0.3837629448212972
DEV979,18.552809,73.816643,2026-09-18 08:47:00,STORE005,GeoMart Aundh,1.2596958460787655
DEV128,18.557385,73.788985,2026-09-18 08:48:00,STORE005,GeoMart Aundh,1.9135174327789009
DEV032,18.563389,73.814435,2026-09-18 08:49:00,STORE005,GeoMart Aundh,0.8951169631638717
DEV799,18.550614,73.818663,2026-09-18 08:49:00,STORE005,GeoMart Aundh,1.5772930427793541
DEV267,18.567777,73.811093,2026-09-18 08:59:00,STORE005,GeoMart Aundh,1.016466811699386
DEV021,18.559465,73.794663,2026-09-18 09:00:00,STORE005,GeoMart Aundh,1.3004748170464242
DEV696,18.563587,73.79686,2026-09-18 09:02:00,STORE005,GeoMart Aundh,1.1614654751915268
DEV127,18.55371,73.81929,2026-09-18 09:08:00,STORE005,GeoMart Aundh,1.4466917991871646
DEV352,18.562619,73.78851,2026-09-18 09:08:00,STORE005,GeoMart Aundh,1.9796676779478424
DEV907,18.561992,73.788937,2026-09-18 09:10:00,STORE005,GeoMart Aundh,1.9241020708504117
DEV989,18.56086,73.8135,2026-09-18 09:11:00,STORE005,GeoMart Aundh,0.7016658143227485
DEV268,18.574947,73.800985,2026-09-18 09:20:00,STORE005,GeoMart Aundh,1.8309106256232466
DEV983,18.55423,73.808981,2026-09-18 09:22:00,STORE005,GeoMart Aundh,0.6220936338734265
DEV654,18.567292,73.804265,2026-09-18 09:26:00,STORE005,GeoMart Aundh,0.9131356544101065
DEV976,18.564219,73.810862,2026-09-18 09:29:00,STORE005,GeoMart Aundh,0.6641290480515943
DEV745,18.550557,73.823335,2026-09-18 09:30:00,STORE005,GeoMart Aundh,1.9884618487680386
DEV872,18.566356,73.818005,2026-09-18 09:33:00,STORE005,GeoMart Aundh,1.388116083538756
DEV112,18.570776,73.804039,2026-09-18 09:38:00,STORE005,GeoMart Aundh,1.292097275165831
DEV739,18.554898,73.810052,2026-09-18 09:41:00,STORE005,GeoMart Aundh,0.6044513564356966
DEV454,18.551274,73.81127,2026-09-18 09:43:00,STORE005,GeoMart Aundh,1.0194435882350124
DEV109,18.556662,73.801263,2026-09-18 09:44:00,STORE005,GeoMart Aundh,0.6821383726280551
DEV262,18.548383,73.818061,2026-09-18 09:47:00,STORE005,GeoMart Aundh,1.699304291287796
DEV151,18.551832,73.807668,2026-09-18 09:50:00,STORE005,GeoMart Aundh,0.8555455001233612
DEV012,18.546361,73.814824,2026-09-18 09:52:00,STORE005,GeoMart Aundh,1.677720905419371
DEV473,18.554387,73.824072,2026-09-18 09:58:00,STORE005,GeoMart Aundh,1.8872935080243338
DEV817,18.558059,73.821962,2026-09-18 09:59:00,STORE005,GeoMart Aundh,1.5853006217744432
DEV310,18.566357,73.823069,2026-09-18 10:02:00,STORE005,GeoMart Aundh,1.8575306267013818
DEV459,18.54434,73.814117,2026-09-18 10:03:00,STORE005,GeoMart Aundh,1.8451319945504898
DEV896,18.552912,73.81226,2026-09-18 10:04:00,STORE005,GeoMart Aundh,0.9187376266733386
DEV491,18.549746,73.807122,2026-09-18 10:20:00,STORE005,GeoMart Aundh,1.0846715596515448
DEV315,18.552134,73.820834,2026-09-18 10:23:00,STORE005,GeoMart Aundh,1.6725751503795823
DEV535,18.552995,73.808685,2026-09-18 10:24:00,STORE005,GeoMart Aundh,0.7448127269864937
DEV784,18.560986,73.804431,2026-09-18 10:37:00,STORE005,GeoMart Aundh,0.3172330315773589
DEV784,18.561488,73.801349,2026-09-18 10:42:00,STORE005,GeoMart Aundh,0.6353742599849577
DEV308,18.563965,73.815541,2026-09-18 10:42:00,STORE005,GeoMart Aundh,1.0281346543749945
DEV291,18.561791,73.798436,2026-09-18 10:42:00,STORE005,GeoMart Aundh,0.9379985482267668
DEV886,18.565012,73.811751,2026-09-18 10:44:00,STORE005,GeoMart Aundh,0.7914920472950573
DEV313,18.560149,73.815622,2026-09-18 10:44:00,STORE005,GeoMart Aundh,0.9117217914989016
DEV921,18.554167,73.809641,2026-09-18 10:55:00,STORE005,GeoMart Aundh,0.6551009644410172
DEV640,18.552643,73.80814,2026-09-18 10:55:00,STORE005,GeoMart Aundh,0.7718757117438269
DEV135,18.555504,73.809142,2026-09-18 11:06:00,STORE005,GeoMart Aundh,0.49841454186464174
DEV732,18.549503,73.807788,2026-09-18 11:16:00,STORE005,GeoMart Aundh,1.1147150199574887
DEV235,18.552318,73.806833,2026-09-18 11:17:00,STORE005,GeoMart Aundh,0.7987959708246459
DEV731,18.573208,73.803723,2026-09-18 11:17:00,STORE005,GeoMart Aundh,1.5629090624611925
DEV274,18.556565,73.789567,2026-09-18 11:21:00,STORE005,GeoMart Aundh,1.8664191032548147
DEV043,18.567538,73.814786,2026-09-18 11:21:00,STORE005,GeoMart Aundh,1.2134377668137624
DEV125,18.554219,73.790594,2026-09-18 11:28:00,STORE005,GeoMart Aundh,1.8263932437065475
DEV799,18.55979,73.815885,2026-09-18 11:35:00,STORE005,GeoMart Aundh,0.9371405138555247
DEV927,18.56121,73.810036,2026-09-18 11:38:00,STORE005,GeoMart Aundh,0.3722544171575434
DEV201,18.566778,73.818639,2026-09-18 11:39:00,STORE005,GeoMart Aundh,1.469736920466557
DEV613,18.547746,73.818928,2026-09-18 11:59:00,STORE005,GeoMart Aundh,1.8136321280328978
DEV537,18.556575,73.80724,2026-09-18 11:59:00,STORE005,GeoMart Aundh,0.32622761944125417
DEV128,18.554637,73.802551,2026-09-18 12:07:00,STORE005,GeoMart Aundh,0.7157846852831116
DEV752,18.56321,73.806093,2026-09-18 12:07:00,STORE005,GeoMart Aundh,0.42346718743308376
DEV117,18.55388,73.810209,2026-09-18 12:10:00,STORE005,GeoMart Aundh,0.7105968970078432
DEV120,18.555499,73.801942,2026-09-18 12:10:00,STORE005,GeoMart Aundh,0.6944130086471751
DEV657,18.561879,73.824083,2026-09-18 12:13:00,STORE005,GeoMart Aundh,1.8200685419878957
DEV402,18.548374,73.794561,2026-09-18 12:13:00,STORE005,GeoMart Aundh,1.8027657050872197
DEV874,18.561105,73.820215,2026-09-18 12:18:00,STORE005,GeoMart Aundh,1.4043999102122453
DEV196,18.571202,73.809239,2026-09-18 12:18:00,STORE005,GeoMart Aundh,1.322433303090166
DEV537,18.565532,73.801846,2026-09-18 12:21:00,STORE005,GeoMart Aundh,0.8631532749036203
DEV600,18.555977,73.815321,2026-09-18 12:26:00,STORE005,GeoMart Aundh,0.9606455329866279
DEV608,18.572706,73.797829,2026-09-18 12:26:00,STORE005,GeoMart Aundh,1.7580726130497433
DEV694,18.556378,73.807916,2026-09-18 12:27:00,STORE005,GeoMart Aundh,0.3603290538893776
DEV063,18.561741,73.805314,2026-09-18 12:27:00,STORE005,GeoMart Aundh,0.3060723024312197
DEV342,18.561959,73.814628,2026-09-18 12:42:00,STORE005,GeoMart Aundh,0.8492960548606815
DEV822,18.571592,73.800419,2026-09-18 12:47:00,STORE005,GeoMart Aundh,1.5129689316083803
DEV759,18.550233,73.816757,2026-09-18 12:51:00,STORE005,GeoMart Aundh,1.4559172212324178
DEV486,18.554166,73.789316,2026-09-18 12:57:00,STORE005,GeoMart Aundh,1.9562178827925953
DEV047,18.559865,73.822252,2026-09-18 12:57:00,STORE005,GeoMart Aundh,1.6082555611149616
DEV691,18.55876,73.798455,2026-09-18 13:01:00,STORE005,GeoMart Aundh,0.9044987625433811
DEV181,18.549147,73.815286,2026-09-18 13:02:00,STORE005,GeoMart Aundh,1.4450659196969051
DEV461,18.557614,73.789537,2026-09-18 13:02:00,STORE005,GeoMart Aundh,1.852728557840375
DEV885,18.568489,73.800667,2026-09-18 13:04:00,STORE005,GeoMart Aundh,1.2019547147082448
DEV175,18.547671,73.811257,2026-09-18 13:05:00,STORE005,GeoMart Aundh,1.3897698198637896
DEV515,18.556278,73.81717,2026-09-18 13:08:00,STORE005,GeoMart Aundh,1.1303321516491638
DEV096,18.558248,73.82068,2026-09-18 13:15:00,STORE005,GeoMart Aundh,1.448747010640117
DEV737,18.576112,73.801417,2026-09-18 13:17:00,STORE005,GeoMart Aundh,1.938647572264635
DEV768,18.548781,73.815094,2026-09-18 13:20:00,STORE005,GeoMart Aundh,1.4658195670084893
DEV887,18.556877,73.815272,2026-09-18 13:21:00,STORE005,GeoMart Aundh,0.9194613852565355
DEV825,18.565553,73.803858,2026-09-18 13:26:00,STORE005,GeoMart Aundh,0.750137559918614
DEV616,18.549219,73.806651,2026-09-18 13:36:00,STORE005,GeoMart Aundh,1.1437868682349466
DEV477,18.568611,73.806615,2026-09-18 13:38:00,STORE005,GeoMart Aundh,1.0139094776915683
DEV008,18.562092,73.819162,2026-09-18 13:39:00,STORE005,GeoMart Aundh,1.3140106447915942
DEV751,18.565547,73.812479,2026-09-18 13:39:00,STORE005,GeoMart Aundh,0.8863810811900195
DEV631,18.558319,73.821729,2026-09-18 13:51:00,STORE005,GeoMart Aundh,1.5581636364772111
DEV842,18.556085,73.820687,2026-09-18 13:54:00,STORE005,GeoMart Aundh,1.4919240042527455
DEV287,18.567097,73.798377,2026-09-18 13:55:00,STORE005,GeoMart Aundh,1.2408810112057767
DEV322,18.564606,73.791027,2026-09-18 13:58:00,STORE005,GeoMart Aundh,1.7768715936853596
DEV679,18.56891,73.792117,2026-09-18 14:01:00,STORE005,GeoMart Aundh,1.8857318693513576
DEV320,18.566614,73.817618,2026-09-18 14:06:00,STORE005,GeoMart Aundh,1.370564996571356
DEV943,18.565216,73.822752,2026-09-18 14:08:00,STORE005,GeoMart Aundh,1.7779146409183828
DEV054,18.554592,73.791142,2026-09-18 14:10:00,STORE005,GeoMart Aundh,1.7584786369397536
DEV129,18.570804,73.818923,2026-09-18 14:14:00,STORE005,GeoMart Aundh,1.7774784130774124
DEV058,18.573237,73.799475,2026-09-18 14:22:00,STORE005,GeoMart Aundh,1.7211525874131732
DEV536,18.570749,73.817075,2026-09-18 14:24:00,STORE005,GeoMart Aundh,1.640855395067425
DEV924,18.562881,73.795867,2026-09-18 14:25:00,STORE005,GeoMart Aundh,1.232289381810524
DEV678,18.565744,73.803361,2026-09-18 14:27:00,STORE005,GeoMart Aundh,0.7932171555794283
DEV915,18.563944,73.799965,2026-09-18 14:30:00,STORE005,GeoMart Aundh,0.8911240925051218
DEV638,18.571806,73.805119,2026-09-18 14:33:00,STORE005,GeoMart Aundh,1.3826548048607799
DEV884,18.548248,73.798242,2026-09-18 14:38:00,STORE005,GeoMart Aundh,1.554917122132821
DEV354,18.553934,73.815891,2026-09-18 14:39:00,STORE005,GeoMart Aundh,1.123146718118694
DEV287,18.561346,73.804804,2026-09-18 14:43:00,STORE005,GeoMart Aundh,0.30938448143783015
DEV795,18.563313,73.792163,2026-09-18 14:46:00,STORE005,GeoMart Aundh,1.6204328941342294
DEV342,18.555561,73.817268,2026-09-18 14:49:00,STORE005,GeoMart Aundh,1.1676454081949532
DEV461,18.542522,73.807551,2026-09-18 15:04:00,STORE005,GeoMart Aundh,1.8887608172324568
DEV526,18.562034,73.811995,2026-09-18 15:06:00,STORE005,GeoMart Aundh,0.5971820725152402
DEV309,18.552162,73.801795,2026-09-18 15:08:00,STORE005,GeoMart Aundh,0.9832717505215732
DEV947,18.550609,73.803842,2026-09-18 15:10:00,STORE005,GeoMart Aundh,1.0431777399998179
DEV458,18.570398,73.819077,2026-09-18 15:35:00,STORE005,GeoMart Aundh,1.7575686218851527
DEV520,18.567717,73.794756,2026-09-18 15:37:00,STORE005,GeoMart Aundh,1.5813172887822173
DEV362,18.542194,73.809102,2026-09-18 15:37:00,STORE005,GeoMart Aundh,1.9370552694674406
DEV287,18.554422,73.792426,2026-09-18 15:40:00,STORE005,GeoMart Aundh,1.6367774422834949
DEV086,18.57309,73.816036,2026-09-18 15:47:00,STORE005,GeoMart Aundh,1.786262027948114
DEV192,18.557468,73.795352,2026-09-18 15:49:00,STORE005,GeoMart Aundh,1.2484636150391115
DEV787,18.556434,73.800898,2026-09-18 15:51:00,STORE005,GeoMart Aundh,0.7279932394549248
DEV869,18.568882,73.793251,2026-09-18 15:53:00,STORE005,GeoMart Aundh,1.7856977824445845
DEV158,18.558795,73.825735,2026-09-18 16:02:00,STORE005,GeoMart Aundh,1.9764546994240013
DEV853,18.574778,73.813478,2026-09-18 16:03:00,STORE005,GeoMart Aundh,1.8309285501613746
DEV973,18.55422,73.804946,2026-09-18 16:06:00,STORE005,GeoMart Aundh,0.6257619650435922
DEV771,18.54671,73.815152,2026-09-18 16:07:00,STORE005,GeoMart Aundh,1.6616527276904185
DEV362,18.545059,73.797532,2026-09-18 16:07:00,STORE005,GeoMart Aundh,1.8906759476257937
DEV976,18.553581,73.795306,2026-09-18 16:11:00,STORE005,GeoMart Aundh,1.397409329813579
DEV780,18.551478,73.807102,2026-09-18 16:20:00,STORE005,GeoMart Aundh,0.8920705035027452
DEV338,18.548338,73.816681,2026-09-18 16:22:00,STORE005,GeoMart Aundh,1.6068445710374237
DEV038,18.564434,73.809046,2026-09-18 16:26:00,STORE005,GeoMart Aundh,0.5895038218216886
DEV094,18.556727,73.813532,2026-09-18 16:35:00,STORE005,GeoMart Aundh,0.7544447701773042
DEV267,18.559481,73.797902,2026-09-18 16:46:00,STORE005,GeoMart Aundh,0.9590415060321653
DEV422,18.565256,73.806283,2026-09-18 16:46:00,STORE005,GeoMart Aundh,0.6444849511710137
DEV477,18.547858,73.803486,2026-09-18 16:49:00,STORE005,GeoMart Aundh,1.346488126939825
DEV548,18.569526,73.81492,2026-09-18 16:51:00,STORE005,GeoMart Aundh,1.3927761484216887
DEV157,18.558172,73.804544,2026-09-18 16:56:00,STORE005,GeoMart Aundh,0.29804551675199314
DEV074,18.564908,73.811821,2026-09-18 17:01:00,STORE005,GeoMart Aundh,0.7873137649989655
DEV148,18.551827,73.796253,2026-09-18 17:01:00,STORE005,GeoMart Aundh,1.4182333093298651
DEV245,18.551455,73.805008,2026-09-18 17:04:00,STORE005,GeoMart Aundh,0.9188783026246413
DEV913,18.549418,73.81626,2026-09-18 17:10:00,STORE005,GeoMart Aundh,1.4864892460419212
DEV800,18.558708,73.794489,2026-09-18 17:17:00,STORE005,GeoMart Aundh,1.3217507555032444
DEV266,18.557401,73.794679,2026-09-18 17:24:00,STORE005,GeoMart Aundh,1.3195949459316487
DEV330,18.564745,73.794844,2026-09-18 17:26:00,STORE005,GeoMart Aundh,1.4078531611559724
DEV675,18.56515,73.815449,2026-09-18 17:29:00,STORE005,GeoMart Aundh,1.089903374671974
DEV802,18.548482,73.815167,2026-09-18 17:32:00,STORE005,GeoMart Aundh,1.4973908857749918
DEV196,18.552881,73.798328,2026-09-18 17:35:00,STORE005,GeoMart Aundh,1.1736129935467827
DEV013,18.569858,73.795785,2026-09-18 17:40:00,STORE005,GeoMart Aundh,1.6504690337432408
DEV857,18.545093,73.815301,2026-09-18 17:42:00,STORE005,GeoMart Aundh,1.8254017423919056
DEV575,18.560712,73.818883,2026-09-18 17:49:00,STORE005,GeoMart Aundh,1.2598363370839654
DEV257,18.571707,73.813593,2026-09-18 17:50:00,STORE005,GeoMart Aundh,1.5249202643482178
DEV008,18.564327,73.805361,2026-09-18 17:50:00,STORE005,GeoMart Aundh,0.5638584510191648
DEV813,18.555429,73.824884,2026-09-18 18:00:00,STORE005,GeoMart Aundh,1.9387983789038434
DEV676,18.576207,73.803491,2026-09-18 18:09:00,STORE005,GeoMart Aundh,1.894196459218265
DEV524,18.56965,73.804615,2026-09-18 18:11:00,STORE005,GeoMart Aundh,1.1562890786701452
DEV956,18.576111,73.801923,2026-09-18 18:13:00,STORE005,GeoMart Aundh,1.9230219354145004
DEV948,18.545925,73.807549,2026-09-18 18:13:00,STORE005,GeoMart Aundh,1.5105801653262396
DEV192,18.548951,73.808633,2026-09-18 18:23:00,STORE005,GeoMart Aundh,1.1855594578823028
DEV804,18.552643,73.789786,2026-09-18 18:23:00,STORE005,GeoMart Aundh,1.9682794655284082
DEV940,18.575775,73.806666,2026-09-18 18:30:00,STORE005,GeoMart Aundh,1.8100398480755533
DEV727,18.57037,73.809426,2026-09-18 18:32:00,STORE005,GeoMart Aundh,1.2354441555755928
DEV159,18.54574,73.816148,2026-09-18 18:43:00,STORE005,GeoMart Aundh,1.8085898711436936
DEV836,18.548416,73.81425,2026-09-18 18:44:00,STORE005,GeoMart Aundh,1.450212136637616
DEV759,18.558273,73.790902,2026-09-18 18:45:00,STORE005,GeoMart Aundh,1.7024058223274787
DEV853,18.567625,73.791436,2026-09-18 18:47:00,STORE005,GeoMart Aundh,1.8729090645720765
DEV951,18.552652,73.796516,2026-09-18 18:51:00,STORE005,GeoMart Aundh,1.3420915426468014
DEV688,18.56237,73.796928,2026-09-18 18:54:00,STORE005,GeoMart Aundh,1.1086269945331164
DEV923,18.550783,73.794539,2026-09-18 18:57:00,STORE005,GeoMart Aundh,1.6324800256894547
DEV229,18.564449,73.793853,2026-09-18 19:00:00,STORE005,GeoMart Aundh,1.4910955734081257
DEV872,18.573292,73.809687,2026-09-18 19:10:00,STORE005,GeoMart Aundh,1.559535177246879
DEV672,18.550368,73.803542,2026-09-18 19:12:00,STORE005,GeoMart Aundh,1.0788793118639741
DEV699,18.543343,73.80784,2026-09-18 19:17:00,STORE005,GeoMart Aundh,1.7987573573878375
DEV357,18.548767,73.809483,2026-09-18 19:19:00,STORE005,GeoMart Aundh,1.221820929225844
DEV579,18.550343,73.800122,2026-09-18 19:21:00,STORE005,GeoMart Aundh,1.2499776010702761
DEV275,18.560995,73.789788,2026-09-18 19:21:00,STORE005,GeoMart Aundh,1.8219444693896611
DEV617,18.552488,73.810815,2026-09-18 19:28:00,STORE005,GeoMart Aundh,0.8773022218934077
DEV049,18.567673,73.800452,2026-09-18 19:49:00,STORE005,GeoMart Aundh,1.1411908372469128
DEV628,18.5536,73.792674,2026-09-18 19:54:00,STORE005,GeoMart Aundh,1.6465065113430135
DEV658,18.571979,73.793691,2026-09-18 19:56:00,STORE005,GeoMart Aundh,1.9731966066057378
DEV776,18.576693,73.812056,2026-09-18 19:57:00,STORE005,GeoMart Aundh,1.984666901492366
DEV265,18.570263,73.79456,2026-09-18 20:03:00,STORE005,GeoMart Aundh,1.7753244462428561
DEV335,18.563262,73.80289,2026-09-18 20:04:00,STORE005,GeoMart Aundh,0.6022322073559018
DEV520,18.56479,73.809189,2026-09-18 20:07:00,STORE005,GeoMart Aundh,0.6318597035899802
DEV407,18.569944,73.803654,2026-09-18 20:24:00,STORE005,GeoMart Aundh,1.213696672238362
DEV239,18.554477,73.801338,2026-09-18 20:29:00,STORE005,GeoMart Aundh,0.817429157454782
DEV497,18.57522,73.808381,2026-09-18 20:32:00,STORE005,GeoMart Aundh,1.7540350022191424
DEV225,18.552161,73.79924,2026-09-18 20:37:00,STORE005,GeoMart Aundh,1.1554662795913886
DEV749,18.55764,73.790686,2026-09-18 20:37:00,STORE005,GeoMart Aundh,1.7320943472949475
DEV833,18.563489,73.814566,2026-09-18 20:38:00,STORE005,GeoMart Aundh,0.9125842822261917
DEV986,18.553728,73.815838,2026-09-18 20:48:00,STORE005,GeoMart Aundh,1.1313252047631774
DEV288,18.563552,73.8018,2026-09-18 20:54:00,STORE005,GeoMart Aundh,0.7095487296520937
DEV798,18.568703,73.821611,2026-09-18 21:02:00,STORE005,GeoMart Aundh,1.8491111186005456
DEV102,18.567831,73.804566,2026-09-18 21:07:00,STORE005,GeoMart Aundh,0.961237996135793
DEV797,18.564846,73.810592,2026-09-18 21:07:00,STORE005,GeoMart Aundh,0.7047924705350602
DEV438,18.571305,73.796699,2026-09-18 21:07:00,STORE005,GeoMart Aundh,1.7035417222923035
DEV419,18.563568,73.797173,2026-09-18 21:10:00,STORE005,GeoMart Aundh,1.130328948081702
DEV264,18.564786,73.803847,2026-09-18 21:23:00,STORE005,GeoMart Aundh,0.6752360169378441
DEV772,18.541996,73.810032,2026-09-18 21:31:00,STORE005,GeoMart Aundh,1.9724254936336751
DEV644,18.568774,73.817863,2026-09-18 21:40:00,STORE005,GeoMart Aundh,1.5409677015818706
DEV412,18.553017,73.79159,2026-09-18 21:40:00,STORE005,GeoMart Aundh,1.7771998867133045
DEV404,18.569559,73.798632,2026-09-18 21:45:00,STORE005,GeoMart Aundh,1.4244641117385304
DEV831,18.563,73.822132,2026-09-18 21:46:00,STORE005,GeoMart Aundh,1.6418710977514723
DEV649,18.565408,73.823374,2026-09-18 21:50:00,STORE005,GeoMart Aundh,1.8467817181478814
DEV669,18.562429,73.809056,2026-09-18 21:55:00,STORE005,GeoMart Aundh,0.39120816459099433
DEV295,18.561344,73.808894,2026-09-18 21:57:00,STORE005,GeoMart Aundh,0.2861864764088922
DEV223,18.565056,73.798336,2026-09-18 21:59:00,STORE005,GeoMart Aundh,1.1026094501283035
DEV929,18.56437,73.791721,2026-09-18 22:01:00,STORE005,GeoMart Aundh,1.699168368655151
DEV039,18.56338,73.79224,2026-09-18 22:01:00,STORE005,GeoMart Aundh,1.614574895511176
DEV061,18.559727,73.802558,2026-09-18 22:16:00,STORE005,GeoMart Aundh,0.46892000034295217
DEV493,18.566864,73.823303,2026-09-18 22:21:00,STORE005,GeoMart Aundh,1.9036089023780423
DEV423,18.566832,73.82407,2026-09-18 22:29:00,STORE005,GeoMart Aundh,1.975431085447215
DEV358,18.565658,73.793734,2026-09-18 22:29:00,STORE005,GeoMart Aundh,1.5570193749535899
DEV398,18.562387,73.813686,2026-09-18 22:36:00,STORE005,GeoMart Aundh,0.7744465327972893
DEV090,18.566306,73.814283,2026-09-18 22:39:00,STORE005,GeoMart Aundh,1.0780073260172378
DEV206,18.57241,73.811529,2026-09-18 22:44:00,STORE005,GeoMart Aundh,1.5128253910392333
DEV596,18.555916,73.820735,2026-09-18 22:47:00,STORE005,GeoMart Aundh,1.5016958231203539
DEV462,18.543764,73.811166,2026-09-18 22:48:00,STORE005,GeoMart Aundh,1.804034220635643
DEV339,18.564415,73.792439,2026-09-18 22:48:00,STORE005,GeoMart Aundh,1.629280201727471
DEV382,18.555013,73.793075,2026-09-18 22:52:00,STORE005,GeoMart Aundh,1.550358648074121
DEV905,18.572271,73.807039,2026-09-18 22:53:00,STORE005,GeoMart Aundh,1.4200763584480003
DEV731,18.554298,73.814532,2026-09-18 22:59:00,STORE005,GeoMart Aundh,0.9823369855498851
DEV311,18.547941,73.817501,2026-09-18 23:00:00,STORE005,GeoMart Aundh,1.6962852591314856
DEV449,18.537842,73.847596,2026-09-18 06:04:00,STORE006,GeoMart Shivajinagar,0.7855517296940416
DEV140,18.546974,73.839019,2026-09-18 06:05:00,STORE006,GeoMart Shivajinagar,1.9855550442471968
DEV129,18.514698,73.844042,2026-09-18 06:05:00,STORE006,GeoMart Shivajinagar,1.8174202059221252
DEV271,18.538598,73.854582,2026-09-18 06:13:00,STORE006,GeoMart Shivajinagar,1.1793304074195066
DEV915,18.529764,73.857344,2026-09-18 06:15:00,STORE006,GeoMart Shivajinagar,1.0966364904806196
DEV367,18.540455,73.839145,2026-09-18 06:15:00,STORE006,GeoMart Shivajinagar,1.3558703897072526
DEV209,18.53915,73.853321,2026-09-18 06:29:00,STORE006,GeoMart Shivajinagar,1.14287662221154
DEV973,18.533224,73.84448,2026-09-18 06:29:00,STORE006,GeoMart Shivajinagar,0.3784658888753527
DEV345,18.539207,73.839316,2026-09-18 06:38:00,STORE006,GeoMart Shivajinagar,1.2369910136208149
DEV125,18.517093,73.838201,2026-09-18 06:43:00,STORE006,GeoMart Shivajinagar,1.784287802229007
DEV825,18.538044,73.840171,2026-09-18 06:48:00,STORE006,GeoMart Shivajinagar,1.0803579215735204
DEV628,18.514534,73.853821,2026-09-18 06:57:00,STORE006,GeoMart Shivajinagar,1.946430164757786
DEV686,18.51678,73.85628,2026-09-18 06:59:00,STORE006,GeoMart Shivajinagar,1.8405587864199573
DEV056,18.513291,73.851109,2026-09-18 07:01:00,STORE006,GeoMart Shivajinagar,1.9945318353392623
DEV349,18.534929,73.847006,2026-09-18 07:07:00,STORE006,GeoMart Shivajinagar,0.4591242878867876
DEV881,18.521867,73.847819,2026-09-18 07:19:00,STORE006,GeoMart Shivajinagar,0.9970504434581978
DEV220,18.538153,73.836739,2026-09-18 07:21:00,STORE006,GeoMart Shivajinagar,1.3560125658450783
DEV832,18.543962,73.851465,2026-09-18 07:21:00,STORE006,GeoMart Shivajinagar,1.5373856179751344
DEV059,18.539096,73.842779,2026-09-18 07:22:00,STORE006,GeoMart Shivajinagar,1.0242016863827361
DEV949,18.534067,73.839991,2026-09-18 07:22:00,STORE006,GeoMart Shivajinagar,0.8234169953177045
DEV752,18.541864,73.861551,2026-09-18 07:23:00,STORE006,GeoMart Shivajinagar,1.9664382314042543
DEV551,18.51409,73.848263,2026-09-18 07:29:00,STORE006,GeoMart Shivajinagar,1.8628329370592431
DEV449,18.523929,73.863989,2026-09-18 07:40:00,STORE006,GeoMart Shivajinagar,1.9473220035811039
DEV170,18.531748,73.844699,2026-09-18 07:43:00,STORE006,GeoMart Shivajinagar,0.26450588144354187
DEV036,18.53951,73.859293,2026-09-18 07:44:00,STORE006,GeoMart Shivajinagar,1.6179194938854755
DEV073,18.520605,73.841572,2026-09-18 07:45:00,STORE006,GeoMart Shivajinagar,1.2698968413239438
DEV550,18.537604,73.863926,2026-09-18 07:46:00,STORE006,GeoMart Shivajinagar,1.9382283208043147
DEV901,18.522669,73.855476,2026-09-18 07:49:00,STORE006,GeoMart Shivajinagar,1.2712370792467298
DEV872,18.522194,73.837545,2026-09-18 07:50:00,STORE006,GeoMart Shivajinagar,1.3818387825533618
DEV520,18.523427,73.837671,2026-09-18 07:58:00,STORE006,GeoMart Shivajinagar,1.2804527627064377
DEV261,18.537622,73.840041,2026-09-18 08:01:00,STORE006,GeoMart Shivajinagar,1.055322113056568
DEV639,18.539257,73.858903,2026-09-18 08:02:00,STORE006,GeoMart Shivajinagar,1.5681452909300937
DEV308,18.539354,73.835207,2026-09-18 08:08:00,STORE006,GeoMart Shivajinagar,1.5654101971648335
DEV445,18.529244,73.856369,2026-09-18 08:10:00,STORE006,GeoMart Shivajinagar,1.0028148560014358
DEV802,18.532741,73.859695,2026-09-18 08:13:00,STORE006,GeoMart Shivajinagar,1.355713927591498
DEV252,18.517789,73.83461,2026-09-18 08:14:00,STORE006,GeoMart Shivajinagar,1.9492539840406071
DEV245,18.514941,73.845899,2026-09-18 08:15:00,STORE006,GeoMart Shivajinagar,1.7672569814504864
DEV660,18.531548,73.829414,2026-09-18 08:17:00,STORE006,GeoMart Shivajinagar,1.8559490016911822
DEV471,18.527597,73.844089,2026-09-18 08:24:00,STORE006,GeoMart Shivajinagar,0.4701501907432575
DEV563,18.522877,73.856362,2026-09-18 08:26:00,STORE006,GeoMart Shivajinagar,1.323040901392267
DEV489,18.525278,73.843328,2026-09-18 08:36:00,STORE006,GeoMart Shivajinagar,0.7258783759980109
DEV633,18.545619,73.856283,2026-09-18 08:44:00,STORE006,GeoMart Shivajinagar,1.9165116830083615
DEV648,18.52896,73.830918,2026-09-18 08:46:00,STORE006,GeoMart Shivajinagar,1.7078309099700077
DEV529,18.529662,73.841656,2026-09-18 08:57:00,STORE006,GeoMart Shivajinagar,0.5774538715753779
DEV200,18.528897,73.842828,2026-09-18 08:57:00,STORE006,GeoMart Shivajinagar,0.4881077199159584
DEV006,18.528267,73.855881,2026-09-18 09:06:00,STORE006,GeoMart Shivajinagar,0.9777742382293096
DEV059,18.5246,73.836221,2026-09-18 09:07:00,STORE006,GeoMart Shivajinagar,1.3292099511685613
DEV669,18.546576,73.8544,2026-09-18 09:07:00,STORE006,GeoMart Shivajinagar,1.9198651580579729
DEV776,18.5428,73.848955,2026-09-18 09:10:00,STORE006,GeoMart Shivajinagar,1.3501634720681037
DEV725,18.534574,73.828831,2026-09-18 09:13:00,STORE006,GeoMart Shivajinagar,1.9609619822469524
DEV871,18.533698,73.838017,2026-09-18 09:15:00,STORE006,GeoMart Shivajinagar,1.0003889150711762
DEV711,18.514022,73.844951,2026-09-18 09:17:00,STORE006,GeoMart Shivajinagar,1.8780951215088542
DEV244,18.522354,73.84909,2026-09-18 09:31:00,STORE006,GeoMart Shivajinagar,0.964656881527101
DEV424,18.530896,73.856479,2026-09-18 09:33:00,STORE006,GeoMart Shivajinagar,0.9994257782960932
DEV964,18.539589,73.833966,2026-09-18 09:33:00,STORE006,GeoMart Shivajinagar,1.6862240611503614
DEV830,18.538001,73.845239,2026-09-18 09:40:00,STORE006,GeoMart Shivajinagar,0.8219567241900145
DEV499,18.521053,73.848893,2026-09-18 09:40:00,STORE006,GeoMart Shivajinagar,1.1020404131481432
DEV817,18.530795,73.861505,2026-09-18 09:45:00,STORE006,GeoMart Shivajinagar,1.529259334889116
DEV482,18.525577,73.856627,2026-09-18 09:45:00,STORE006,GeoMart Shivajinagar,1.1693998664696776
DEV063,18.537255,73.845519,2026-09-18 09:46:00,STORE006,GeoMart Shivajinagar,0.7345497544800743
DEV090,18.528085,73.855383,2026-09-18 09:46:00,STORE006,GeoMart Shivajinagar,0.9339629397286567
DEV190,18.527619,73.863067,2026-09-18 09:47:00,STORE006,GeoMart Shivajinagar,1.7304911195074233
DEV628,18.543279,73.851399,2026-09-18 09:53:00,STORE006,GeoMart Shivajinagar,1.463051380968298
DEV275,18.54271,73.836939,2026-09-18 09:57:00,STORE006,GeoMart Shivajinagar,1.6967386747946764
DEV901,18.528335,73.865182,2026-09-18 10:05:00,STORE006,GeoMart Shivajinagar,1.9364351678701475
DEV369,18.519614,73.842853,2026-09-18 10:17:00,STORE006,GeoMart Shivajinagar,1.3184368669311193
DEV820,18.542513,73.840501,2026-09-18 10:23:00,STORE006,GeoMart Shivajinagar,1.4716537326786563
DEV453,18.541593,73.858065,2026-09-18 10:28:00,STORE006,GeoMart Shivajinagar,1.6736573853041037
DEV443,18.530646,73.828502,2026-09-18 10:33:00,STORE006,GeoMart Shivajinagar,1.9503164476556498
DEV935,18.517222,73.840069,2026-09-18 10:39:00,STORE006,GeoMart Shivajinagar,1.6773564769326417
DEV570,18.520386,73.841037,2026-09-18 10:43:00,STORE006,GeoMart Shivajinagar,1.3176444210152758
DEV090,18.538752,73.833696,2026-09-18 10:47:00,STORE006,GeoMart Shivajinagar,1.6580562525100329
DEV738,18.532822,73.862811,2026-09-18 10:48:00,STORE006,GeoMart Shivajinagar,1.6820352190937913
DEV789,18.530844,73.863888,2026-09-18 10:53:00,STORE006,GeoMart Shivajinagar,1.7805049114302645
DEV289,18.539723,73.836366,2026-09-18 10:57:00,STORE006,GeoMart Shivajinagar,1.4971091942408876
DEV112,18.538393,73.835222,2026-09-18 11:01:00,STORE006,GeoMart Shivajinagar,1.5015750384310849
DEV019,18.535625,73.836156,2026-09-18 11:08:00,STORE006,GeoMart Shivajinagar,1.2628946186274097
DEV616,18.519222,73.832726,2026-09-18 11:08:00,STORE006,GeoMart Shivajinagar,1.9804871207415273
DEV458,18.545265,73.855906,2026-09-18 11:21:00,STORE006,GeoMart Shivajinagar,1.8624255651810213
DEV933,18.529879,73.837364,2026-09-18 11:26:00,STORE006,GeoMart Shivajinagar,1.0210729788396904
DEV029,18.530176,73.853455,2026-09-18 11:30:00,STORE006,GeoMart Shivajinagar,0.6840785513763735
DEV514,18.541529,73.85061,2026-09-18 11:30:00,STORE006,GeoMart Shivajinagar,1.2522468599462357
DEV544,18.536721,73.841575,2026-09-18 11:31:00,STORE006,GeoMart Shivajinagar,0.8721204605300242
DEV204,18.535838,73.861248,2026-09-18 11:32:00,STORE006,GeoMart Shivajinagar,1.6032010214746997
DEV233,18.527911,73.834603,2026-09-18 11:35:00,STORE006,GeoMart Shivajinagar,1.3459230611683028
DEV960,18.533159,73.836922,2026-09-18 11:45:00,STORE006,GeoMart Shivajinagar,1.0944141250351198
DEV001,18.539705,73.849579,2026-09-18 11:46:00,STORE006,GeoMart Shivajinagar,1.026842488497727
DEV547,18.529147,73.863462,2026-09-18 11:52:00,STORE006,GeoMart Shivajinagar,1.7452993741522955
DEV447,18.525857,73.83653,2026-09-18 11:56:00,STORE006,GeoMart Shivajinagar,1.2331343461688637
DEV190,18.51952,73.837694,2026-09-18 12:07:00,STORE006,GeoMart Shivajinagar,1.5924491290134335
DEV279,18.548343,73.845896,2026-09-18 12:07:00,STORE006,GeoMart Shivajinagar,1.9541616873584613
DEV620,18.539022,73.854614,2026-09-18 12:11:00,STORE006,GeoMart Shivajinagar,1.2166379217745453
DEV075,18.532184,73.837277,2026-09-18 12:13:00,STORE006,GeoMart Shivajinagar,1.0365772196503868
DEV749,18.542624,73.859749,2026-09-18 12:22:00,STORE006,GeoMart Shivajinagar,1.8802028266794646
DEV386,18.52236,73.847021,2026-09-18 12:25:00,STORE006,GeoMart Shivajinagar,0.9384877926131013
DEV063,18.535309,73.829866,2026-09-18 12:28:00,STORE006,GeoMart Shivajinagar,1.8746994614242014
DEV733,18.537323,73.863982,2026-09-18 12:29:00,STORE006,GeoMart Shivajinagar,1.9317186749495394
DEV550,18.535432,73.840634,2026-09-18 12:32:00,STORE006,GeoMart Shivajinagar,0.8460102029367841
DEV666,18.53726,73.837242,2026-09-18 12:33:00,STORE006,GeoMart Shivajinagar,1.254726643485207
DEV730,18.532874,73.846885,2026-09-18 12:36:00,STORE006,GeoMart Shivajinagar,0.23093676628597892
DEV245,18.54355,73.841971,2026-09-18 12:38:00,STORE006,GeoMart Shivajinagar,1.5136285311159294
DEV032,18.525079,73.862686,2026-09-18 12:45:00,STORE006,GeoMart Shivajinagar,1.7719296423933286
DEV149,18.526283,73.828995,2026-09-18 12:48:00,STORE006,GeoMart Shivajinagar,1.9636120194139386
DEV411,18.52686,73.837979,2026-09-18 12:51:00,STORE006,GeoMart Shivajinagar,1.0471469972824985
DEV922,18.525801,73.848945,2026-09-18 12:55:00,STORE006,GeoMart Shivajinagar,0.5924823941480178
DEV233,18.548044,73.851229,2026-09-18 13:03:00,STORE006,GeoMart Shivajinagar,1.9685959325615823
DEV675,18.539502,73.850812,2026-09-18 13:04:00,STORE006,GeoMart Shivajinagar,1.0477591187703055
DEV985,18.527832,73.862042,2026-09-18 13:06:00,STORE006,GeoMart Shivajinagar,1.6198644206161064
DEV583,18.516203,73.84214,2026-09-18 13:06:00,STORE006,GeoMart Shivajinagar,1.7020747323773788
DEV144,18.532059,73.852834,2026-09-18 13:12:00,STORE006,GeoMart Shivajinagar,0.630805757781528
DEV588,18.532729,73.846116,2026-09-18 13:34:00,STORE006,GeoMart Shivajinagar,0.23386800075632
DEV803,18.530251,73.856044,2026-09-18 13:38:00,STORE006,GeoMart Shivajinagar,0.9554607803174752
DEV349,18.531032,73.838878,2026-09-18 13:45:00,STORE006,GeoMart Shivajinagar,0.856688733918699
DEV294,18.533733,73.858111,2026-09-18 13:48:00,STORE006,GeoMart Shivajinagar,1.215972728231113
DEV925,18.529826,73.858811,2026-09-18 13:50:00,STORE006,GeoMart Shivajinagar,1.2499358562113876
DEV940,18.530718,73.841745,2026-09-18 13:51:00,STORE006,GeoMart Shivajinagar,0.5541087427352535
DEV240,18.52033,73.85316,2026-09-18 13:54:00,STORE006,GeoMart Shivajinagar,1.33311474787223
DEV324,18.531207,73.861967,2026-09-18 13:55:00,STORE006,GeoMart Shivajinagar,1.578614745581054
DEV197,18.513306,73.850473,2026-09-18 13:58:00,STORE006,GeoMart Shivajinagar,1.979408894065396
DEV907,18.527413,73.852505,2026-09-18 14:03:00,STORE006,GeoMart Shivajinagar,0.69188218320853
DEV999,18.515614,73.838475,2026-09-18 14:14:00,STORE006,GeoMart Shivajinagar,1.9129255624251895
DEV386,18.526253,73.845218,2026-09-18 14:15:00,STORE006,GeoMart Shivajinagar,0.5393820733807344
DEV739,18.538036,73.84168,2026-09-18 14:19:00,STORE006,GeoMart Shivajinagar,0.9808016997875346
DEV471,18.514465,73.839474,2026-09-18 14:26:00,STORE006,GeoMart Shivajinagar,1.9821309523863764
DEV776,18.542552,73.856791,2026-09-18 14:28:00,STORE006,GeoMart Shivajinagar,1.6652696139007694
DEV317,18.514203,73.851241,2026-09-18 14:29:00,STORE006,GeoMart Shivajinagar,1.898899947543898
DEV409,18.526821,73.864407,2026-09-18 14:33:00,STORE006,GeoMart Shivajinagar,1.887817568478618
DEV358,18.531599,73.849074,2026-09-18 14:36:00,STORE006,GeoMart Shivajinagar,0.23602112885750257
DEV855,18.520575,73.844172,2026-09-18 14:39:00,STORE006,GeoMart Shivajinagar,1.1754141893189785
DEV077,18.519505,73.858549,2026-09-18 14:48:00,STORE006,GeoMart Shivajinagar,1.7493058827115557
DEV797,18.537147,73.841321,2026-09-18 14:53:00,STORE006,GeoMart Shivajinagar,0.9255054074481103
DEV506,18.521252,73.843926,2026-09-18 14:53:00,STORE006,GeoMart Shivajinagar,1.110056233653947
DEV625,18.530188,73.846605,2026-09-18 14:53:00,STORE006,GeoMart Shivajinagar,0.07978265376868984
DEV750,18.54228,73.843207,2026-09-18 14:57:00,STORE006,GeoMart Shivajinagar,1.3376857001190625
DEV238,18.525075,73.860175,2026-09-18 14:59:00,STORE006,GeoMart Shivajinagar,1.5279849673032164
DEV763,18.518584,73.849794,2026-09-18 15:02:00,STORE006,GeoMart Shivajinagar,1.389932565165855
DEV313,18.520909,73.841383,2026-09-18 15:03:00,STORE006,GeoMart Shivajinagar,1.249137310774837
DEV966,18.515167,73.841021,2026-09-18 15:04:00,STORE006,GeoMart Shivajinagar,1.8490859143623717
DEV248,18.544669,73.840354,2026-09-18 15:09:00,STORE006,GeoMart Shivajinagar,1.6938673554534058
DEV094,18.530402,73.839465,2026-09-18 15:10:00,STORE006,GeoMart Shivajinagar,0.7956461980142762
DEV641,18.541732,73.846041,2026-09-18 15:16:00,STORE006,GeoMart Shivajinagar,1.2197802615318591
DEV601,18.539185,73.843283,2026-09-18 15:19:00,STORE006,GeoMart Shivajinagar,1.0113739238721413
DEV303,18.514488,73.841082,2026-09-18 15:22:00,STORE006,GeoMart Shivajinagar,1.9181352613843239
DEV134,18.531749,73.850274,2026-09-18 15:26:00,STORE006,GeoMart Shivajinagar,0.36094586793401007
DEV078,18.52722,73.840863,2026-09-18 15:27:00,STORE006,GeoMart Shivajinagar,0.7596795794164355
DEV396,18.528869,73.845925,2026-09-18 15:31:00,STORE006,GeoMart Shivajinagar,0.24279413354924936
DEV285,18.530079,73.852306,2026-09-18 15:32:00,STORE006,GeoMart Shivajinagar,0.5651273391534867
DEV186,18.534118,73.846811,2026-09-18 15:33:00,STORE006,GeoMart Shivajinagar,0.36948245940653607
DEV696,18.529685,73.831465,2026-09-18 15:33:00,STORE006,GeoMart Shivajinagar,1.642543142413524
DEV963,18.522857,73.857158,2026-09-18 15:43:00,STORE006,GeoMart Shivajinagar,1.388192947679594
DEV796,18.544445,73.843223,2026-09-18 15:50:00,STORE006,GeoMart Shivajinagar,1.5686361191632465
DEV752,18.529084,73.858559,2026-09-18 15:55:00,STORE006,GeoMart Shivajinagar,1.2335165707501
DEV072,18.535101,73.864303,2026-09-18 15:57:00,STORE006,GeoMart Shivajinagar,1.8858773289347786
DEV500,18.529713,73.842404,2026-09-18 15:59:00,STORE006,GeoMart Shivajinagar,0.49940431191726625
DEV055,18.537391,73.86068,2026-09-18 16:01:00,STORE006,GeoMart Shivajinagar,1.6177799134913644
DEV164,18.532641,73.863242,2026-09-18 16:03:00,STORE006,GeoMart Shivajinagar,1.7245743508435865
DEV526,18.514796,73.8534,2026-09-18 16:15:00,STORE006,GeoMart Shivajinagar,1.9032019743860684
DEV272,18.521109,73.851683,2026-09-18 16:19:00,STORE006,GeoMart Shivajinagar,1.1853190212683942
DEV281,18.526342,73.83945,2026-09-18 16:19:00,STORE006,GeoMart Shivajinagar,0.9377365992800419
DEV255,18.529441,73.864746,2026-09-18 16:29:00,STORE006,GeoMart Shivajinagar,1.8770572790452371
DEV781,18.521725,73.858493,2026-09-18 16:29:00,STORE006,GeoMart Shivajinagar,1.5768883103045233
DEV327,18.528489,73.854351,2026-09-18 16:30:00,STORE006,GeoMart Shivajinagar,0.8165107734774312
DEV560,18.531977,73.840278,2026-09-18 16:30:00,STORE006,GeoMart Shivajinagar,0.7206799519423893
DEV425,18.534458,73.836802,2026-09-18 16:36:00,STORE006,GeoMart Shivajinagar,1.1495298209374485
DEV099,18.540047,73.857929,2026-09-18 16:36:00,STORE006,GeoMart Shivajinagar,1.5442880868911317
DEV043,18.538813,73.853198,2026-09-18 16:45:00,STORE006,GeoMart Shivajinagar,1.1049306654247075
DEV554,18.541768,73.846572,2026-09-18 16:48:00,STORE006,GeoMart Shivajinagar,1.2204203960873967
DEV931,18.523811,73.850764,2026-09-18 16:53:00,STORE006,GeoMart Shivajinagar,0.8726026070969588
DEV043,18.547143,73.844313,2026-09-18 17:03:00,STORE006,GeoMart Shivajinagar,1.8392048839689257
DEV429,18.535038,73.829713,2026-09-18 17:06:00,STORE006,GeoMart Shivajinagar,1.8824801408492184
DEV816,18.529224,73.83393,2026-09-18 17:13:00,STORE006,GeoMart Shivajinagar,1.3890723474468218
DEV609,18.528388,73.843636,2026-09-18 17:18:00,STORE006,GeoMart Shivajinagar,0.4446594564577096
DEV242,18.531321,73.830903,2026-09-18 17:19:00,STORE006,GeoMart Shivajinagar,1.6980893729290498
DEV502,18.543228,73.859491,2026-09-18 17:23:00,STORE006,GeoMart Shivajinagar,1.908898553137649
DEV081,18.534351,73.841492,2026-09-18 17:38:00,STORE006,GeoMart Shivajinagar,0.702227191071336
DEV540,18.521629,73.852333,2026-09-18 17:42:00,STORE006,GeoMart Shivajinagar,1.164507690381779
DEV459,18.535583,73.851161,2026-09-18 17:54:00,STORE006,GeoMart Shivajinagar,0.6894243698950533
DEV391,18.52215,73.859118,2026-09-18 17:57:00,STORE006,GeoMart Shivajinagar,1.5992087663278527
DEV644,18.527231,73.857262,2026-09-18 17:58:00,STORE006,GeoMart Shivajinagar,1.1524192945624818
DEV804,18.535733,73.859835,2026-09-18 18:03:00,STORE006,GeoMart Shivajinagar,1.4601210422438144
DEV084,18.51367,73.848262,2026-09-18 18:04:00,STORE006,GeoMart Shivajinagar,1.9094109078778017
DEV859,18.531284,73.864961,2026-09-18 18:12:00,STORE006,GeoMart Shivajinagar,1.8943865372862645
DEV525,18.544929,73.84826,2026-09-18 18:13:00,STORE006,GeoMart Shivajinagar,1.576678838848616
DEV190,18.538566,73.845072,2026-09-18 18:19:00,STORE006,GeoMart Shivajinagar,0.887139928725958
DEV864,18.532947,73.861466,2026-09-18 18:21:00,STORE006,GeoMart Shivajinagar,1.5437098714606439
DEV153,18.543628,73.854847,2026-09-18 18:23:00,STORE006,GeoMart Shivajinagar,1.6489474781480022
DEV201,18.533478,73.844066,2026-09-18 18:28:00,STORE006,GeoMart Shivajinagar,0.42936828103193464
DEV112,18.530875,73.838675,2026-09-18 18:28:00,STORE006,GeoMart Shivajinagar,0.8777424902075591
DEV284,18.526465,73.846058,2026-09-18 18:36:00,STORE006,GeoMart Shivajinagar,0.4921550782215626
DEV010,18.53015,73.865233,2026-09-18 18:40:00,STORE006,GeoMart Shivajinagar,1.9236634358475255
DEV943,18.538961,73.849899,2026-09-18 18:41:00,STORE006,GeoMart Shivajinagar,0.957548359878218
DEV720,18.526001,73.849363,2026-09-18 18:46:00,STORE006,GeoMart Shivajinagar,0.5889166839968776
DEV811,18.538835,73.837836,2026-09-18 18:51:00,STORE006,GeoMart Shivajinagar,1.3159307689699866
DEV629,18.547209,73.841178,2026-09-18 18:52:00,STORE006,GeoMart Shivajinagar,1.925067677184311
DEV336,18.544565,73.853374,2026-09-18 19:00:00,STORE006,GeoMart Shivajinagar,1.6716133450472797
DEV532,18.533974,73.848597,2026-09-18 19:00:00,STORE006,GeoMart Shivajinagar,0.39103693699997016
DEV833,18.541721,73.832864,2026-09-18 19:10:00,STORE006,GeoMart Shivajinagar,1.9224171332903321
DEV118,18.521081,73.837092,2026-09-18 19:13:00,STORE006,GeoMart Shivajinagar,1.5030528787503112
DEV331,18.524238,73.847094,2026-09-18 19:18:00,STORE006,GeoMart Shivajinagar,0.7297284106303773
DEV753,18.522459,73.8334,2026-09-18 19:19:00,STORE006,GeoMart Shivajinagar,1.7076960684459956
DEV047,18.541561,73.841751,2026-09-18 19:21:00,STORE006,GeoMart Shivajinagar,1.318336003723124
DEV749,18.526274,73.858482,2026-09-18 19:23:00,STORE006,GeoMart Shivajinagar,1.3110060087981914
DEV209,18.542184,73.832675,2026-09-18 19:30:00,STORE006,GeoMart Shivajinagar,1.970572996767477
DEV046,18.542724,73.841152,2026-09-18 19:32:00,STORE006,GeoMart Shivajinagar,1.462221405372949
DEV298,18.519492,73.83958,2026-09-18 19:35:00,STORE006,GeoMart Shivajinagar,1.48089565110346
DEV205,18.523617,73.853223,2026-09-18 19:36:00,STORE006,GeoMart Shivajinagar,1.0336413290377058
DEV485,18.514866,73.847022,2026-09-18 19:37:00,STORE006,GeoMart Shivajinagar,1.771781479506843
DEV479,18.523266,73.839381,2026-09-18 19:39:00,STORE006,GeoMart Shivajinagar,1.1606391147433706
DEV211,18.541681,73.845928,2026-09-18 19:39:00,STORE006,GeoMart Shivajinagar,1.215178964220444
DEV504,18.528034,73.832145,2026-09-18 19:40:00,STORE006,GeoMart Shivajinagar,1.5960864767199525
DEV658,18.530866,73.828734,2026-09-18 19:44:00,STORE006,GeoMart Shivajinagar,1.9257942910493944
DEV323,18.53923,73.842423,2026-09-18 19:53:00,STORE006,GeoMart Shivajinagar,1.054283500287161
DEV936,18.51997,73.83927,2026-09-18 19:55:00,STORE006,GeoMart Shivajinagar,1.4541040191408727
DEV776,18.53223,73.859146,2026-09-18 19:55:00,STORE006,GeoMart Shivajinagar,1.2903794724868214
DEV326,18.536756,73.855647,2026-09-18 19:57:00,STORE006,GeoMart Shivajinagar,1.126805316734167
DEV109,18.526546,73.839482,2026-09-18 20:01:00,STORE006,GeoMart Shivajinagar,0.923046581967416
DEV570,18.53582,73.85272,2026-09-18 20:03:00,STORE006,GeoMart Shivajinagar,0.8217386464094067
DEV173,18.547544,73.849629,2026-09-18 20:06:00,STORE006,GeoMart Shivajinagar,1.8823644283757521
DEV493,18.521944,73.834556,2026-09-18 20:14:00,STORE006,GeoMart Shivajinagar,1.6404473729311069
DEV856,18.52849,73.849524,2026-09-18 20:20:00,STORE006,GeoMart Shivajinagar,0.36985122667106396
DEV644,18.543126,73.841247,2026-09-18 20:20:00,STORE006,GeoMart Shivajinagar,1.498791061812308
DEV677,18.526788,73.843239,2026-09-18 20:21:00,STORE006,GeoMart Shivajinagar,0.5968674112163381
DEV655,18.516062,73.837809,2026-09-18 20:26:00,STORE006,GeoMart Shivajinagar,1.9038612156725327
DEV274,18.534537,73.855694,2026-09-18 20:29:00,STORE006,GeoMart Shivajinagar,1.0063891396960782
DEV729,18.54264,73.856035,2026-09-18 20:32:00,STORE006,GeoMart Shivajinagar,1.6249931552823553
DEV358,18.534214,73.833412,2026-09-18 20:37:00,STORE006,GeoMart Shivajinagar,1.4820106827166686
DEV430,18.544261,73.84948,2026-09-18 20:45:00,STORE006,GeoMart Shivajinagar,1.519458464714231
DEV314,18.533339,73.841969,2026-09-18 20:45:00,STORE006,GeoMart Shivajinagar,0.6008703184854982
DEV665,18.536398,73.855397,2026-09-18 20:50:00,STORE006,GeoMart Shivajinagar,1.0822142656399052
DEV735,18.516159,73.854751,2026-09-18 20:50:00,STORE006,GeoMart Shivajinagar,1.8216066407673421
DEV260,18.524704,73.831801,2026-09-18 21:02:00,STORE006,GeoMart Shivajinagar,1.7399247932841897
DEV421,18.531054,73.863607,2026-09-18 21:02:00,STORE006,GeoMart Shivajinagar,1.7510991294874432
DEV658,18.517335,73.859341,2026-09-18 21:11:00,STORE006,GeoMart Shivajinagar,1.9836191600491102
DEV509,18.518671,73.842672,2026-09-18 21:12:00,STORE006,GeoMart Shivajinagar,1.4237876105564615
DEV741,18.534696,73.857547,2026-09-18 21:14:00,STORE006,GeoMart Shivajinagar,1.1933651681728685
DEV574,18.519438,73.836371,2026-09-18 21:15:00,STORE006,GeoMart Shivajinagar,1.688795140164869
DEV369,18.518135,73.852348,2026-09-18 21:18:00,STORE006,GeoMart Shivajinagar,1.5169708557435915
DEV139,18.532862,73.852749,2026-09-18 21:18:00,STORE006,GeoMart Shivajinagar,0.6480302335033217
DEV996,18.523871,73.831176,2026-09-18 21:22:00,STORE006,GeoMart Shivajinagar,1.8376701627669845
DEV977,18.536339,73.842299,2026-09-18 21:23:00,STORE006,GeoMart Shivajinagar,0.7905568787774915
DEV871,18.540846,73.857644,2026-09-18 21:26:00,STORE006,GeoMart Shivajinagar,1.5833760020205396
DEV347,18.532591,73.839731,2026-09-18 21:31:00,STORE006,GeoMart Shivajinagar,0.7918183887042888
DEV147,18.526338,73.831693,2026-09-18 21:35:00,STORE006,GeoMart Shivajinagar,1.6883808466619574
DEV991,18.517207,73.849233,2026-09-18 21:42:00,STORE006,GeoMart Shivajinagar,1.5296989078341967
DEV021,18.530606,73.86252,2026-09-18 21:42:00,STORE006,GeoMart Shivajinagar,1.6364135743511603
DEV442,18.530486,73.840596,2026-09-18 21:57:00,STORE006,GeoMart Shivajinagar,0.6760752247646693
DEV676,18.54173,73.855779,2026-09-18 22:01:00,STORE006,GeoMart Shivajinagar,1.52765275856006
DEV942,18.522813,73.840335,2026-09-18 22:02:00,STORE006,GeoMart Shivajinagar,1.1324937106978425
DEV056,18.527274,73.861598,2026-09-18 22:04:00,STORE006,GeoMart Shivajinagar,1.5882345224666798
DEV668,18.531763,73.837287,2026-09-18 22:15:00,STORE006,GeoMart Shivajinagar,1.029620085113144
DEV420,18.531845,73.847152,2026-09-18 22:19:00,STORE006,GeoMart Shivajinagar,0.11729853836701316
DEV486,18.540437,73.833557,2026-09-18 22:19:00,STORE006,GeoMart Shivajinagar,1.776767013375869
DEV391,18.517939,73.843262,2026-09-18 22:23:00,STORE006,GeoMart Shivajinagar,1.4833902882287688
DEV931,18.544074,73.849857,2026-09-18 22:24:00,STORE006,GeoMart Shivajinagar,1.5064204199462612
DEV825,18.543702,73.859942,2026-09-18 22:24:00,STORE006,GeoMart Shivajinagar,1.9798554583990295
DEV813,18.538026,73.846184,2026-09-18 22:27:00,STORE006,GeoMart Shivajinagar,0.8080869053865439
DEV706,18.533721,73.862151,2026-09-18 22:27:00,STORE006,GeoMart Shivajinagar,1.6300406650079378
DEV737,18.537093,73.854713,2026-09-18 22:31:00,STORE006,GeoMart Shivajinagar,1.0727940227982669
DEV205,18.530921,73.829269,2026-09-18 22:32:00,STORE006,GeoMart Shivajinagar,1.869423494210884
DEV787,18.518335,73.85412,2026-09-18 22:39:00,STORE006,GeoMart Shivajinagar,1.5762778414411727
DEV375,18.528394,73.847482,2026-09-18 22:41:00,STORE006,GeoMart Shivajinagar,0.27231855076170486
DEV072,18.528175,73.860293,2026-09-18 22:51:00,STORE006,GeoMart Shivajinagar,1.431561879254977
DEV650,18.520147,73.843915,2026-09-18 22:55:00,STORE006,GeoMart Shivajinagar,1.2284038798084618
DEV530,18.499168,73.820529,2026-09-18 06:10:00,STORE007,GeoMart Kothrud,1.6333651985177844
DEV025,18.49937,73.803251,2026-09-18 06:17:00,STORE007,GeoMart Kothrud,1.00863625903774
DEV870,18.504087,73.814102,2026-09-18 06:20:00,STORE007,GeoMart Kothrud,0.7690363435566515
DEV270,18.507876,73.805839,2026-09-18 06:20:00,STORE007,GeoMart Kothrud,0.203244256478362
DEV190,18.491984,73.810437,2026-09-18 06:21:00,STORE007,GeoMart Kothrud,1.7383079142104911
DEV161,18.506106,73.825735,2026-09-18 06:29:00,STORE007,GeoMart Kothrud,1.9071293244916074
DEV578,18.513111,73.796193,2026-09-18 06:39:00,STORE007,GeoMart Kothrud,1.3694631982144816
DEV381,18.516702,73.794003,2026-09-18 06:41:00,STORE007,GeoMart Kothrud,1.7764150238224166
DEV331,18.500746,73.797804,2026-09-18 06:48:00,STORE007,GeoMart Kothrud,1.2791885211568006
DEV836,18.508653,73.797682,2026-09-18 06:53:00,STORE007,GeoMart Kothrud,1.0654851255428475
DEV735,18.52046,73.799002,2026-09-18 06:55:00,STORE007,GeoMart Kothrud,1.717558873534737
DEV482,18.517022,73.794166,2026-09-18 06:57:00,STORE007,GeoMart Kothrud,1.783584153922946
DEV857,18.513474,73.815669,2026-09-18 06:58:00,STORE007,GeoMart Kothrud,1.0780613440672158
DEV002,18.522194,73.804933,2026-09-18 07:09:00,STORE007,GeoMart Kothrud,1.6706891831678492
DEV971,18.502079,73.812059,2026-09-18 07:12:00,STORE007,GeoMart Kothrud,0.7492254798673014
DEV700,18.517066,73.804377,2026-09-18 07:15:00,STORE007,GeoMart Kothrud,1.1304795019164304
DEV133,18.504278,73.816637,2026-09-18 07:16:00,STORE007,GeoMart Kothrud,1.004272208293092
DEV744,18.494207,73.819808,2026-09-18 07:17:00,STORE007,GeoMart Kothrud,1.9447903308596104
DEV430,18.511694,73.812514,2026-09-18 07:19:00,STORE007,GeoMart Kothrud,0.6968776627802049
DEV302,18.515342,73.81111,2026-09-18 07:22:00,STORE007,GeoMart Kothrud,0.9535010771504793
DEV936,18.510657,73.825407,2026-09-18 07:22:00,STORE007,GeoMart Kothrud,1.9018833804027395
DEV533,18.506922,73.790324,2026-09-18 07:25:00,STORE007,GeoMart Kothrud,1.8329721314836707
DEV899,18.502325,73.792203,2026-09-18 07:26:00,STORE007,GeoMart Kothrud,1.7287890449528949
DEV482,18.498661,73.808517,2026-09-18 07:26:00,STORE007,GeoMart Kothrud,0.9755438616501307
DEV835,18.514318,73.800867,2026-09-18 07:28:00,STORE007,GeoMart Kothrud,1.053963934069046
DEV104,18.520256,73.815645,2026-09-18 07:29:00,STORE007,GeoMart Kothrud,1.656898515523966
DEV736,18.493266,73.800208,2026-09-18 07:29:00,STORE007,GeoMart Kothrud,1.7590198228378668
DEV411,18.50123,73.824597,2026-09-18 07:31:00,STORE007,GeoMart Kothrud,1.9092493332612224
DEV648,18.509699,73.822551,2026-09-18 07:34:00,STORE007,GeoMart Kothrud,1.586670567532988
DEV559,18.509938,73.789702,2026-09-18 07:41:00,STORE007,GeoMart Kothrud,1.9186398546997814
DEV952,18.505543,73.819206,2026-09-18 07:42:00,STORE007,GeoMart Kothrud,1.2306940750209892
DEV511,18.505654,73.823079,2026-09-18 07:57:00,STORE007,GeoMart Kothrud,1.63321545442749
DEV359,18.506358,73.79719,2026-09-18 07:59:00,STORE007,GeoMart Kothrud,1.1142625534273705
DEV495,18.511276,73.806037,2026-09-18 08:01:00,STORE007,GeoMart Kothrud,0.46529769150694394
DEV289,18.512276,73.813483,2026-09-18 08:06:00,STORE007,GeoMart Kothrud,0.8159607902586047
DEV517,18.489783,73.806372,2026-09-18 08:08:00,STORE007,GeoMart Kothrud,1.9639200520717541
DEV454,18.510078,73.813764,2026-09-18 08:27:00,STORE007,GeoMart Kothrud,0.7053484916832076
DEV197,18.498135,73.80114,2026-09-18 08:30:00,STORE007,GeoMart Kothrud,1.2409067573352632
DEV781,18.511886,73.804807,2026-09-18 08:30:00,STORE007,GeoMart Kothrud,0.5847007582857421
DEV406,18.514806,73.807311,2026-09-18 08:31:00,STORE007,GeoMart Kothrud,0.8245304679655382
DEV833,18.517657,73.816684,2026-09-18 08:33:00,STORE007,GeoMart Kothrud,1.4826140807176587
DEV086,18.509165,73.823633,2026-09-18 08:39:00,STORE007,GeoMart Kothrud,1.6914586163733891
DEV512,18.507944,73.80805,2026-09-18 08:40:00,STORE007,GeoMart Kothrud,0.07085940228914757
DEV300,18.505793,73.812454,2026-09-18 08:42:00,STORE007,GeoMart Kothrud,0.5321804539403516
DEV312,18.512552,73.822638,2026-09-18 08:44:00,STORE007,GeoMart Kothrud,1.676047060970114
DEV115,18.509389,73.812158,2026-09-18 08:44:00,STORE007,GeoMart Kothrud,0.5194980937226786
DEV915,18.510479,73.799404,2026-09-18 08:45:00,STORE007,GeoMart Kothrud,0.9393706146052858
DEV030,18.513904,73.816768,2026-09-18 08:50:00,STORE007,GeoMart Kothrud,1.1988570369379141
DEV870,18.510542,73.793489,2026-09-18 08:52:00,STORE007,GeoMart Kothrud,1.5386445768664745
DEV230,18.519235,73.805393,2026-09-18 09:02:00,STORE007,GeoMart Kothrud,1.3382847520427288
DEV195,18.508481,73.794184,2026-09-18 09:03:00,STORE007,GeoMart Kothrud,1.430239607742918
DEV245,18.49611,73.794053,2026-09-18 09:08:00,STORE007,GeoMart Kothrud,1.909674218894482
DEV003,18.494912,73.806806,2026-09-18 09:08:00,STORE007,GeoMart Kothrud,1.391798524432863
DEV752,18.507659,73.820085,2026-09-18 09:08:00,STORE007,GeoMart Kothrud,1.3062432127106702
DEV422,18.521787,73.801453,2026-09-18 09:10:00,STORE007,GeoMart Kothrud,1.730057519316884
DEV807,18.49883,73.813864,2026-09-18 09:20:00,STORE007,GeoMart Kothrud,1.153500074815259
DEV980,18.511859,73.805504,2026-09-18 09:28:00,STORE007,GeoMart Kothrud,0.5472222793649647
DEV607,18.499786,73.803489,2026-09-18 09:31:00,STORE007,GeoMart Kothrud,0.956014492960941
DEV069,18.511288,73.808133,2026-09-18 09:32:00,STORE007,GeoMart Kothrud,0.4347300404611721
DEV268,18.51775,73.801706,2026-09-18 09:32:00,STORE007,GeoMart Kothrud,1.3129878559979038
DEV787,18.502614,73.801719,2026-09-18 09:34:00,STORE007,GeoMart Kothrud,0.8252029688470671
DEV588,18.510945,73.801082,2026-09-18 09:43:00,STORE007,GeoMart Kothrud,0.8014605658452322
DEV305,18.521745,73.818367,2026-09-18 09:44:00,STORE007,GeoMart Kothrud,1.951749319362763
DEV192,18.489868,73.805585,2026-09-18 09:46:00,STORE007,GeoMart Kothrud,1.9621854459819008
DEV670,18.504882,73.822665,2026-09-18 09:48:00,STORE007,GeoMart Kothrud,1.6026317251814184
DEV792,18.500852,73.804717,2026-09-18 09:49:00,STORE007,GeoMart Kothrud,0.7931426445257369
DEV685,18.506446,73.807716,2026-09-18 09:52:00,STORE007,GeoMart Kothrud,0.10609337521926608
DEV853,18.489917,73.804574,2026-09-18 09:52:00,STORE007,GeoMart Kothrud,1.9717699685749877
DEV067,18.505469,73.79384,2026-09-18 09:56:00,STORE007,GeoMart Kothrud,1.4771540055924914
DEV845,18.520038,73.797012,2026-09-18 09:57:00,STORE007,GeoMart Kothrud,1.8013394564119374
DEV424,18.491289,73.80782,2026-09-18 09:58:00,STORE007,GeoMart Kothrud,1.7915061527271512
DEV518,18.512598,73.800948,2026-09-18 10:03:00,STORE007,GeoMart Kothrud,0.9170303318137896
DEV160,18.509052,73.821918,2026-09-18 10:05:00,STORE007,GeoMart Kothrud,1.5104106235464405
DEV443,18.517826,73.81397,2026-09-18 10:06:00,STORE007,GeoMart Kothrud,1.334575643005273
DEV664,18.518682,73.798012,2026-09-18 10:10:00,STORE007,GeoMart Kothrud,1.6177934764141684
DEV749,18.506919,73.80959,2026-09-18 10:11:00,STORE007,GeoMart Kothrud,0.20634211220896198
DEV720,18.493047,73.803643,2026-09-18 10:11:00,STORE007,GeoMart Kothrud,1.652323180471905
DEV928,18.498192,73.822221,2026-09-18 10:19:00,STORE007,GeoMart Kothrud,1.8419825051087648
DEV970,18.509676,73.803148,2026-09-18 10:22:00,STORE007,GeoMart Kothrud,0.542613177053758
DEV541,18.496063,73.815176,2026-09-18 10:25:00,STORE007,GeoMart Kothrud,1.4868135538362601
DEV370,18.494617,73.796542,2026-09-18 10:34:00,STORE007,GeoMart Kothrud,1.8451983006394856
DEV446,18.505868,73.803437,2026-09-18 10:42:00,STORE007,GeoMart Kothrud,0.4807070112947346
DEV758,18.503842,73.811391,2026-09-18 10:43:00,STORE007,GeoMart Kothrud,0.5549774089232646
DEV272,18.512961,73.79429,2026-09-18 10:43:00,STORE007,GeoMart Kothrud,1.5432801911763339
DEV036,18.50676,73.789847,2026-09-18 10:44:00,STORE007,GeoMart Kothrud,1.8838438571278957
DEV397,18.506336,73.816666,2026-09-18 10:49:00,STORE007,GeoMart Kothrud,0.9527899432202697
DEV725,18.517279,73.815467,2026-09-18 10:51:00,STORE007,GeoMart Kothrud,1.370178350917757
DEV818,18.515855,73.809229,2026-09-18 10:56:00,STORE007,GeoMart Kothrud,0.9538762098140785
DEV384,18.517401,73.809127,2026-09-18 10:59:00,STORE007,GeoMart Kothrud,1.1221934047772972
DEV858,18.500175,73.819706,2026-09-18 11:03:00,STORE007,GeoMart Kothrud,1.4993850655835812
DEV020,18.511757,73.801735,2026-09-18 11:09:00,STORE007,GeoMart Kothrud,0.7939247351911752
DEV715,18.517359,73.822473,2026-09-18 11:13:00,STORE007,GeoMart Kothrud,1.9112003886669024
DEV926,18.508679,73.799864,2026-09-18 11:16:00,STORE007,GeoMart Kothrud,0.8384080472074551
DEV079,18.513109,73.823449,2026-09-18 11:24:00,STORE007,GeoMart Kothrud,1.777814038015041
DEV814,18.506776,73.818224,2026-09-18 11:24:00,STORE007,GeoMart Kothrud,1.111864118989499
DEV537,18.513633,73.796819,2026-09-18 11:25:00,STORE007,GeoMart Kothrud,1.3404084992310068
DEV916,18.504565,73.808497,2026-09-18 11:27:00,STORE007,GeoMart Kothrud,0.3262475029341109
DEV273,18.507801,73.823832,2026-09-18 11:34:00,STORE007,GeoMart Kothrud,1.7016084982866624
DEV863,18.511559,73.815857,2026-09-18 11:38:00,STORE007,GeoMart Kothrud,0.9765437287650232
DEV341,18.513201,73.802747,2026-09-18 11:41:00,STORE007,GeoMart Kothrud,0.8299581969364759
DEV467,18.513478,73.791423,2026-09-18 11:48:00,STORE007,GeoMart Kothrud,1.844559037371361
DEV392,18.496079,73.804191,2026-09-18 11:49:00,STORE007,GeoMart Kothrud,1.3120915984296164
DEV957,18.511179,73.791056,2026-09-18 11:52:00,STORE007,GeoMart Kothrud,1.804599006943991
DEV194,18.518294,73.812158,2026-09-18 12:02:00,STORE007,GeoMart Kothrud,1.2993610450038258
DEV793,18.494981,73.796192,2026-09-18 12:07:00,STORE007,GeoMart Kothrud,1.8383524985585862
DEV095,18.516332,73.799897,2026-09-18 12:09:00,STORE007,GeoMart Kothrud,1.289715539865092
DEV056,18.518066,73.802398,2026-09-18 12:10:00,STORE007,GeoMart Kothrud,1.3111607663527305
DEV662,18.514011,73.791368,2026-09-18 12:19:00,STORE007,GeoMart Kothrud,1.872418706588057
DEV287,18.498813,73.813606,2026-09-18 12:20:00,STORE007,GeoMart Kothrud,1.1399751701020129
DEV771,18.516931,73.815964,2026-09-18 12:20:00,STORE007,GeoMart Kothrud,1.3720253863931628
DEV541,18.499936,73.799151,2026-09-18 12:21:00,STORE007,GeoMart Kothrud,1.2253432621409863
DEV161,18.50431,73.824704,2026-09-18 12:24:00,STORE007,GeoMart Kothrud,1.825614372471751
DEV048,18.514726,73.818514,2026-09-18 12:32:00,STORE007,GeoMart Kothrud,1.4013439008862885
DEV926,18.500954,73.81609,2026-09-18 12:38:00,STORE007,GeoMart Kothrud,1.1386094039751202
DEV606,18.507633,73.819221,2026-09-18 12:39:00,STORE007,GeoMart Kothrud,1.21509829071333
DEV923,18.524463,73.810324,2026-09-18 12:40:00,STORE007,GeoMart Kothrud,1.9173854130753738
DEV279,18.498053,73.820523,2026-09-18 12:42:00,STORE007,GeoMart Kothrud,1.7054413415904726
DEV617,18.493929,73.799186,2026-09-18 12:42:00,STORE007,GeoMart Kothrud,1.7463525426240913
DEV776,18.505429,73.809678,2026-09-18 12:43:00,STORE007,GeoMart Kothrud,0.30254714694210266
DEV160,18.521551,73.805398,2026-09-18 12:43:00,STORE007,GeoMart Kothrud,1.5921298834596516
DEV477,18.525117,73.807131,2026-09-18 12:47:00,STORE007,GeoMart Kothrud,1.9709538276930791
DEV538,18.508283,73.791085,2026-09-18 12:49:00,STORE007,GeoMart Kothrud,1.7547003722312868
DEV785,18.513014,73.793904,2026-09-18 12:49:00,STORE007,GeoMart Kothrud,1.5829697747850329
DEV371,18.500932,73.806211,2026-09-18 12:50:00,STORE007,GeoMart Kothrud,0.7361475617169341
DEV962,18.521563,73.811827,2026-09-18 13:02:00,STORE007,GeoMart Kothrud,1.633866610016478
DEV764,18.501398,73.798863,2026-09-18 13:10:00,STORE007,GeoMart Kothrud,1.1461733831982943
DEV511,18.515463,73.824476,2026-09-18 13:22:00,STORE007,GeoMart Kothrud,1.983129386662956
DEV929,18.498742,73.805465,2026-09-18 13:26:00,STORE007,GeoMart Kothrud,0.9911522902431852
DEV171,18.492436,73.81429,2026-09-18 13:27:00,STORE007,GeoMart Kothrud,1.8031998039473771
DEV588,18.5,73.809533,2026-09-18 13:30:00,STORE007,GeoMart Kothrud,0.8452385436842096
DEV981,18.520715,73.819329,2026-09-18 13:35:00,STORE007,GeoMart Kothrud,1.9223775127042957
DEV805,18.495503,73.798379,2026-09-18 13:41:00,STORE007,GeoMart Kothrud,1.6480534151423314
DEV130,18.508297,73.805155,2026-09-18 13:57:00,STORE007,GeoMart Kothrud,0.2862913846127268
DEV932,18.517763,73.795616,2026-09-18 14:00:00,STORE007,GeoMart Kothrud,1.7179295625538038
DEV948,18.512378,73.799489,2026-09-18 14:00:00,STORE007,GeoMart Kothrud,1.0276116966444553
DEV486,18.510963,73.820848,2026-09-18 14:14:00,STORE007,GeoMart Kothrud,1.4418653806122503
DEV060,18.511946,73.813361,2026-09-18 14:15:00,STORE007,GeoMart Kothrud,0.7821930767874811
DEV536,18.514489,73.810972,2026-09-18 14:16:00,STORE007,GeoMart Kothrud,0.8604559974654513
DEV733,18.49455,73.798149,2026-09-18 14:19:00,STORE007,GeoMart Kothrud,1.7481270215159521
DEV185,18.490538,73.807635,2026-09-18 14:20:00,STORE007,GeoMart Kothrud,1.8749813813058127
DEV102,18.509535,73.814165,2026-09-18 14:20:00,STORE007,GeoMart Kothrud,0.7218477474126191
DEV832,18.503063,73.804168,2026-09-18 14:21:00,STORE007,GeoMart Kothrud,0.609322772661306
DEV207,18.494788,73.817245,2026-09-18 14:25:00,STORE007,GeoMart Kothrud,1.7261939298669897
DEV345,18.509826,73.79616,2026-09-18 14:26:00,STORE007,GeoMart Kothrud,1.2463607646008976
DEV940,18.517292,73.799523,2026-09-18 14:38:00,STORE007,GeoMart Kothrud,1.3975851842747442
DEV357,18.516238,73.798342,2026-09-18 14:39:00,STORE007,GeoMart Kothrud,1.392622997349724
DEV683,18.512337,73.820805,2026-09-18 14:40:00,STORE007,GeoMart Kothrud,1.486879981786545
DEV431,18.497129,73.800897,2026-09-18 14:46:00,STORE007,GeoMart Kothrud,1.3486871717370632
DEV560,18.512537,73.809094,2026-09-18 14:54:00,STORE007,GeoMart Kothrud,0.5898170522976238
DEV318,18.498459,73.797521,2026-09-18 14:54:00,STORE007,GeoMart Kothrud,1.463041475963354
DEV273,18.504974,73.811615,2026-09-18 14:55:00,STORE007,GeoMart Kothrud,0.49314072904438
DEV347,18.502793,73.789486,2026-09-18 14:59:00,STORE007,GeoMart Kothrud,1.9877323056055565
DEV547,18.500129,73.795665,2026-09-18 15:01:00,STORE007,GeoMart Kothrud,1.504710184802657
DEV124,18.510045,73.813004,2026-09-18 15:13:00,STORE007,GeoMart Kothrud,0.6318908235652633
DEV819,18.497929,73.806023,2026-09-18 15:15:00,STORE007,GeoMart Kothrud,1.0678704785895106
DEV693,18.505047,73.801364,2026-09-18 15:17:00,STORE007,GeoMart Kothrud,0.7175046151580777
DEV112,18.512809,73.80149,2026-09-18 15:20:00,STORE007,GeoMart Kothrud,0.8891045573758772
DEV787,18.522293,73.806556,2026-09-18 15:25:00,STORE007,GeoMart Kothrud,1.6604132458982626
DEV279,18.50191,73.797459,2026-09-18 15:28:00,STORE007,GeoMart Kothrud,1.2404774234400278
DEV668,18.519527,73.796571,2026-09-18 15:32:00,STORE007,GeoMart Kothrud,1.787547194178314
DEV456,18.505111,73.822028,2026-09-18 15:34:00,STORE007,GeoMart Kothrud,1.5321046808066694
DEV208,18.512182,73.824982,2026-09-18 15:36:00,STORE007,GeoMart Kothrud,1.898256687334621
DEV331,18.505011,73.824927,2026-09-18 15:39:00,STORE007,GeoMart Kothrud,1.8358214398417843
DEV268,18.51363,73.817224,2026-09-18 15:41:00,STORE007,GeoMart Kothrud,1.219990853279331
DEV305,18.521155,73.802506,2026-09-18 15:47:00,STORE007,GeoMart Kothrud,1.6245782175453498
DEV513,18.514378,73.803511,2026-09-18 15:48:00,STORE007,GeoMart Kothrud,0.8928298537497317
DEV680,18.493794,73.810817,2026-09-18 15:49:00,STORE007,GeoMart Kothrud,1.5482098407307758
DEV497,18.491239,73.810947,2026-09-18 15:49:00,STORE007,GeoMart Kothrud,1.829349219627357
DEV730,18.498509,73.808558,2026-09-18 15:52:00,STORE007,GeoMart Kothrud,0.9927652401642315
DEV169,18.500739,73.803194,2026-09-18 15:55:00,STORE007,GeoMart Kothrud,0.8799716188340467
DEV208,18.510161,73.805478,2026-09-18 16:00:00,STORE007,GeoMart Kothrud,0.3861979688144909
DEV824,18.501082,73.80233,2026-09-18 16:04:00,STORE007,GeoMart Kothrud,0.9023204552294263
DEV213,18.505665,73.794709,2026-09-18 16:05:00,STORE007,GeoMart Kothrud,1.3833514824977424
DEV947,18.500922,73.808236,2026-09-18 16:07:00,STORE007,GeoMart Kothrud,0.7225346896876599
DEV357,18.518204,73.809671,2026-09-18 16:07:00,STORE007,GeoMart Kothrud,1.2191934249289162
DEV192,18.511212,73.800579,2026-09-18 16:09:00,STORE007,GeoMart Kothrud,0.8622416803187462
DEV054,18.489802,73.804856,2026-09-18 16:17:00,STORE007,GeoMart Kothrud,1.9796560494020656
DEV260,18.49121,73.809289,2026-09-18 16:23:00,STORE007,GeoMart Kothrud,1.8080268562618333
DEV232,18.496154,73.818971,2026-09-18 16:25:00,STORE007,GeoMart Kothrud,1.725189813187988
DEV121,18.519533,73.814646,2026-09-18 16:40:00,STORE007,GeoMart Kothrud,1.5351029297635694
DEV654,18.51866,73.808393,2026-09-18 16:41:00,STORE007,GeoMart Kothrud,1.2541852721849513
DEV169,18.521221,73.804381,2026-09-18 16:43:00,STORE007,GeoMart Kothrud,1.5761662344757954
DEV261,18.522502,73.816233,2026-09-18 16:47:00,STORE007,GeoMart Kothrud,1.9051042375145841
DEV396,18.493155,73.806112,2026-09-18 16:48:00,STORE007,GeoMart Kothrud,1.5927984004162754
DEV440,18.511071,73.797637,2026-09-18 16:51:00,STORE007,GeoMart Kothrud,1.1368826230883289
DEV201,18.491492,73.80948,2026-09-18 16:59:00,STORE007,GeoMart Kothrud,1.7788195505309763
DEV088,18.495116,73.812438,2026-09-18 16:59:00,STORE007,GeoMart Kothrud,1.4544229389821457
DEV777,18.521658,73.800146,2026-09-18 17:04:00,STORE007,GeoMart Kothrud,1.7742457970046803
DEV269,18.521387,73.812388,2026-09-18 17:05:00,STORE007,GeoMart Kothrud,1.631944039225031
DEV598,18.506479,73.806321,2026-09-18 17:05:00,STORE007,GeoMart Kothrud,0.17785217072940515
DEV377,18.491656,73.799241,2026-09-18 17:17:00,STORE007,GeoMart Kothrud,1.9647998338204518
DEV588,18.518131,73.806163,2026-09-18 17:17:00,STORE007,GeoMart Kothrud,1.2041879956576254
DEV270,18.508508,73.799097,2026-09-18 17:17:00,STORE007,GeoMart Kothrud,0.9154620539796433
DEV743,18.518219,73.801221,2026-09-18 17:20:00,STORE007,GeoMart Kothrud,1.3834551269852848
DEV294,18.512715,73.797337,2026-09-18 17:24:00,STORE007,GeoMart Kothrud,1.2422877249425115
DEV594,18.512207,73.800195,2026-09-18 17:29:00,STORE007,GeoMart Kothrud,0.9549536747232579
DEV155,18.502257,73.805001,2026-09-18 17:33:00,STORE007,GeoMart Kothrud,0.6387783248301075
DEV003,18.51132,73.813885,2026-09-18 17:37:00,STORE007,GeoMart Kothrud,0.7844196584948462
DEV159,18.51114,73.800964,2026-09-18 17:39:00,STORE007,GeoMart Kothrud,0.8230569412530369
DEV435,18.500488,73.791601,2026-09-18 17:41:00,STORE007,GeoMart Kothrud,1.8634631028682107
DEV476,18.503246,73.814901,2026-09-18 17:49:00,STORE007,GeoMart Kothrud,0.8887695776685599
DEV769,18.50671,73.796972,2026-09-18 17:50:00,STORE007,GeoMart Kothrud,1.1338068330081499
DEV459,18.508288,73.809085,2026-09-18 17:51:00,STORE007,GeoMart Kothrud,0.1762879656635874
DEV163,18.512239,73.793301,2026-09-18 17:52:00,STORE007,GeoMart Kothrud,1.6107964421760124
DEV525,18.510138,73.808147,2026-09-18 17:58:00,STORE007,GeoMart Kothrud,0.30807853025830406
DEV123,18.518834,73.820815,2026-09-18 17:58:00,STORE007,GeoMart Kothrud,1.8784973672833956
DEV392,18.497385,73.7938,2026-09-18 18:03:00,STORE007,GeoMart Kothrud,1.8407800465961823
DEV182,18.510905,73.808064,2026-09-18 18:07:00,STORE007,GeoMart Kothrud,0.3916235474927029
DEV451,18.518301,73.815752,2026-09-18 18:08:00,STORE007,GeoMart Kothrud,1.479895644779929
DEV876,18.506827,73.813655,2026-09-18 18:11:00,STORE007,GeoMart Kothrud,0.6311456519973246
DEV567,18.492525,73.813651,2026-09-18 18:11:00,STORE007,GeoMart Kothrud,1.7690635415229572
DEV579,18.523557,73.802142,2026-09-18 18:12:00,STORE007,GeoMart Kothrud,1.889740609052224
DEV650,18.497642,73.812141,2026-09-18 18:13:00,STORE007,GeoMart Kothrud,1.1817819559704372
DEV025,18.507887,73.809213,2026-09-18 18:16:00,STORE007,GeoMart Kothrud,0.1684768458032813
DEV341,18.49842,73.798556,2026-09-18 18:17:00,STORE007,GeoMart Kothrud,1.388077325508311
DEV999,18.495255,73.794294,2026-09-18 18:20:00,STORE007,GeoMart Kothrud,1.9550226635435517
DEV289,18.491044,73.808722,2026-09-18 18:23:00,STORE007,GeoMart Kothrud,1.8218944065011629
DEV029,18.514097,73.809584,2026-09-18 18:24:00,STORE007,GeoMart Kothrud,0.7707139830084043
DEV722,18.497852,73.81133,2026-09-18 18:26:00,STORE007,GeoMart Kothrud,1.1285828248415035
DEV508,18.507186,73.801035,2026-09-18 18:27:00,STORE007,GeoMart Kothrud,0.7031889109490742
DEV214,18.524018,73.814211,2026-09-18 18:31:00,STORE007,GeoMart Kothrud,1.9712443049530244
DEV436,18.503042,73.813775,2026-09-18 18:35:00,STORE007,GeoMart Kothrud,0.8032247989843979
DEV680,18.513509,73.791607,2026-09-18 18:39:00,STORE007,GeoMart Kothrud,1.8277988109210839
DEV820,18.503803,73.796459,2026-09-18 18:46:00,STORE007,GeoMart Kothrud,1.2509742455959056
DEV435,18.5017,73.820591,2026-09-18 18:49:00,STORE007,GeoMart Kothrud,1.4998080192180807
DEV230,18.499441,73.805459,2026-09-18 18:52:00,STORE007,GeoMart Kothrud,0.9160056047675914
DEV054,18.491621,73.807876,2026-09-18 18:53:00,STORE007,GeoMart Kothrud,1.7546429006961346
DEV476,18.497786,73.81542,2026-09-18 18:55:00,STORE007,GeoMart Kothrud,1.3436896882287372
DEV045,18.512665,73.806333,2026-09-18 18:58:00,STORE007,GeoMart Kothrud,0.6029244164219286
DEV111,18.503222,73.820759,2026-09-18 19:01:00,STORE007,GeoMart Kothrud,1.4532694257841732
DEV058,18.502953,73.81058,2026-09-18 19:02:00,STORE007,GeoMart Kothrud,0.5802911467595084
DEV053,18.502249,73.793643,2026-09-18 19:05:00,STORE007,GeoMart Kothrud,1.5890657597385662
DEV710,18.516141,73.817866,2026-09-18 19:10:00,STORE007,GeoMart Kothrud,1.4469642982237383
DEV431,18.498787,73.819631,2026-09-18 19:13:00,STORE007,GeoMart Kothrud,1.581143027042369
DEV605,18.517748,73.819535,2026-09-18 19:13:00,STORE007,GeoMart Kothrud,1.6974172023198377
DEV542,18.51019,73.819982,2026-09-18 19:17:00,STORE007,GeoMart Kothrud,1.331695707408991
DEV750,18.501128,73.822486,2026-09-18 19:38:00,STORE007,GeoMart Kothrud,1.7079998645035017
DEV804,18.509509,73.816196,2026-09-18 20:03:00,STORE007,GeoMart Kothrud,0.9260343820886043
DEV645,18.520628,73.811885,2026-09-18 20:08:00,STORE007,GeoMart Kothrud,1.5356508849550143
DEV338,18.508778,73.820415,2026-09-18 20:09:00,STORE007,GeoMart Kothrud,1.3494453766257617
DEV552,18.498515,73.812354,2026-09-18 20:10:00,STORE007,GeoMart Kothrud,1.1031384059759997
DEV360,18.507448,73.82376,2026-09-18 20:10:00,STORE007,GeoMart Kothrud,1.693442370164514
DEV946,18.491884,73.79819,2026-09-18 20:17:00,STORE007,GeoMart Kothrud,1.9955725171756462
DEV093,18.490996,73.813657,2026-09-18 20:24:00,STORE007,GeoMart Kothrud,1.9291745161722467
DEV473,18.510098,73.812139,2026-09-18 20:28:00,STORE007,GeoMart Kothrud,0.5559545987233263
DEV206,18.517479,73.810062,2026-09-18 20:39:00,STORE007,GeoMart Kothrud,1.148072648672092
DEV698,18.509254,73.811932,2026-09-18 20:39:00,STORE007,GeoMart Kothrud,0.4915566887967928
DEV208,18.508113,73.797855,2026-09-18 20:40:00,STORE007,GeoMart Kothrud,1.0411192773101412
DEV704,18.502482,73.80619,2026-09-18 20:42:00,STORE007,GeoMart Kothrud,0.5695649025095273
DEV704,18.496801,73.811004,2026-09-18 20:43:00,STORE007,GeoMart Kothrud,1.2289725229603496
DEV895,18.508318,73.792963,2026-09-18 20:51:00,STORE007,GeoMart Kothrud,1.5572764147763067
DEV927,18.506577,73.793635,2026-09-18 20:53:00,STORE007,GeoMart Kothrud,1.4858972814684666
DEV219,18.493389,73.797364,2026-09-18 20:55:00,STORE007,GeoMart Kothrud,1.9013500031512494
DEV562,18.500641,73.813061,2026-09-18 20:59:00,STORE007,GeoMart Kothrud,0.9404326819780864
DEV004,18.506662,73.821188,2026-09-18 21:07:00,STORE007,GeoMart Kothrud,1.424600211086782
DEV982,18.500197,73.804148,2026-09-18 21:09:00,STORE007,GeoMart Kothrud,0.8841858915052748
DEV693,18.505467,73.824563,2026-09-18 21:11:00,STORE007,GeoMart Kothrud,1.7910598629173644
DEV694,18.517106,73.79402,2026-09-18 21:17:00,STORE007,GeoMart Kothrud,1.80150478241541
DEV054,18.507768,73.81198,2026-09-18 21:18:00,STORE007,GeoMart Kothrud,0.45315209489707464
DEV027,18.508483,73.799273,2026-09-18 21:20:00,STORE007,GeoMart Kothrud,0.8966987447920399
DEV505,18.50561,73.797705,2026-09-18 21:20:00,STORE007,GeoMart Kothrud,1.0725506609619588
DEV800,18.513301,73.796461,2026-09-18 21:20:00,STORE007,GeoMart Kothrud,1.354596548912311
DEV537,18.514248,73.791004,2026-09-18 21:24:00,STORE007,GeoMart Kothrud,1.91808508040233
DEV250,18.50316,73.806702,2026-09-18 21:24:00,STORE007,GeoMart Kothrud,0.4830682963171586
DEV540,18.498669,73.802101,2026-09-18 21:28:00,STORE007,GeoMart Kothrud,1.136267952249159
DEV727,18.513976,73.797041,2026-09-18 21:29:00,STORE007,GeoMart Kothrud,1.3408391165410096
DEV564,18.521324,73.803099,2026-09-18 21:35:00,STORE007,GeoMart Kothrud,1.6225028579968537
DEV504,18.503429,73.80746,2026-09-18 21:35:00,STORE007,GeoMart Kothrud,0.44227966828604937
DEV598,18.520184,73.819547,2026-09-18 21:47:00,STORE007,GeoMart Kothrud,1.8923757214098127
DEV146,18.523342,73.813339,2026-09-18 21:53:00,STORE007,GeoMart Kothrud,1.8697254904140275
DEV194,18.498655,73.817751,2026-09-18 21:55:00,STORE007,GeoMart Kothrud,1.4383450843296695
DEV371,18.503433,73.824768,2026-09-18 22:04:00,STORE007,GeoMart Kothrud,1.8530117409799256
DEV583,18.522446,73.808902,2026-09-18 22:10:00,STORE007,GeoMart Kothrud,1.6778324307310741
DEV374,18.509383,73.80642,2026-09-18 22:19:00,STORE007,GeoMart Kothrud,0.25852729027313137
DEV226,18.51449,73.796583,2026-09-18 22:26:00,STORE007,GeoMart Kothrud,1.412650436422757
DEV017,18.513471,73.802803,2026-09-18 22:33:00,STORE007,GeoMart Kothrud,0.849900287980311
DEV114,18.495687,73.808149,2026-09-18 22:35:00,STORE007,GeoMart Kothrud,1.3032864589932538
DEV073,18.50188,73.810545,2026-09-18 22:37:00,STORE007,GeoMart Kothrud,0.6831849762193895
DEV728,18.503777,73.818504,2026-09-18 22:39:00,STORE007,GeoMart Kothrud,1.2083640963979425
DEV305,18.504401,73.809114,2026-09-18 22:40:00,STORE007,GeoMart Kothrud,0.3652879323211831
DEV129,18.512822,73.814847,2026-09-18 22:42:00,STORE007,GeoMart Kothrud,0.965089057952821
DEV917,18.509128,73.795024,2026-09-18 22:42:00,STORE007,GeoMart Kothrud,1.3503445618078855
DEV454,18.514932,73.80715,2026-09-18 22:45:00,STORE007,GeoMart Kothrud,0.8395256147316026
DEV796,18.5054,73.799733,2026-09-18 22:50:00,STORE007,GeoMart Kothrud,0.8690166898127364
DEV111,18.508767,73.806177,2026-09-18 22:51:00,STORE007,GeoMart Kothrud,0.22112099183362052
DEV645,18.503031,73.792758,2026-09-18 22:52:00,STORE007,GeoMart Kothrud,1.64876482073966
DEV075,18.504937,73.822291,2026-09-18 22:58:00,STORE007,GeoMart Kothrud,1.562733347509345
DEV278,18.567405,73.909586,2026-09-18 06:07:00,STORE008,GeoMart Viman Nagar,0.49992805204599977
DEV376,18.563426,73.907607,2026-09-18 06:15:00,STORE008,GeoMart Viman Nagar,0.8632608304990605
DEV424,18.578183,73.902253,2026-09-18 06:16:00,STORE008,GeoMart Viman Nagar,1.7087398209599363
DEV937,18.570769,73.919062,2026-09-18 06:19:00,STORE008,GeoMart Viman Nagar,0.594743488870592
DEV973,18.554176,73.916502,2026-09-18 06:24:00,STORE008,GeoMart Viman Nagar,1.543590968071912
DEV456,18.565443,73.930928,2026-09-18 06:26:00,STORE008,GeoMart Viman Nagar,1.77388370015558
DEV655,18.567525,73.926975,2026-09-18 06:37:00,STORE008,GeoMart Viman Nagar,1.3366843788318719
DEV974,18.569577,73.912651,2026-09-18 06:42:00,STORE008,GeoMart Viman Nagar,0.25491999781833474
DEV532,18.554405,73.924139,2026-09-18 06:45:00,STORE008,GeoMart Viman Nagar,1.8241121503700628
DEV377,18.563813,73.918061,2026-09-18 06:46:00,STORE008,GeoMart Viman Nagar,0.6030695353000788
DEV278,18.576998,73.924578,2026-09-18 06:47:00,STORE008,GeoMart Viman Nagar,1.482252004945088
DEV913,18.555425,73.923926,2026-09-18 06:51:00,STORE008,GeoMart Viman Nagar,1.7186584999879477
DEV721,18.55624,73.903165,2026-09-18 06:52:00,STORE008,GeoMart Viman Nagar,1.7489073025482125
DEV082,18.57256,73.927642,2026-09-18 06:53:00,STORE008,GeoMart Viman Nagar,1.4987438457008821
DEV075,18.583559,73.910193,2026-09-18 07:00:00,STORE008,GeoMart Viman Nagar,1.7942052980249554
DEV666,18.557441,73.9184,2026-09-18 07:05:00,STORE008,GeoMart Viman Nagar,1.2406938917277581
DEV662,18.56747,73.898985,2026-09-18 07:15:00,STORE008,GeoMart Viman Nagar,1.6150165308276194
DEV731,18.574058,73.926419,2026-09-18 07:19:00,STORE008,GeoMart Viman Nagar,1.4493533789293558
DEV759,18.567318,73.91679,2026-09-18 07:21:00,STORE008,GeoMart Viman Nagar,0.27032431587741634
DEV615,18.583866,73.908995,2026-09-18 07:28:00,STORE008,GeoMart Viman Nagar,1.8613120915016341
DEV996,18.568738,73.904183,2026-09-18 07:30:00,STORE008,GeoMart Viman Nagar,1.0704622377829769
DEV916,18.563061,73.900152,2026-09-18 07:31:00,STORE008,GeoMart Viman Nagar,1.5854181551199626
DEV320,18.558016,73.928333,2026-09-18 07:40:00,STORE008,GeoMart Viman Nagar,1.8428232574989036
DEV848,18.555044,73.923997,2026-09-18 07:45:00,STORE008,GeoMart Viman Nagar,1.757373849874156
DEV390,18.583673,73.922902,2026-09-18 07:46:00,STORE008,GeoMart Viman Nagar,1.974369190072812
DEV022,18.574919,73.908801,2026-09-18 07:51:00,STORE008,GeoMart Viman Nagar,0.9721649315728615
DEV772,18.580469,73.903932,2026-09-18 07:52:00,STORE008,GeoMart Viman Nagar,1.774137264503156
DEV783,18.580497,73.917894,2026-09-18 07:53:00,STORE008,GeoMart Viman Nagar,1.4510433698207976
DEV985,18.577541,73.917094,2026-09-18 07:54:00,STORE008,GeoMart Viman Nagar,1.1117456200965625
DEV009,18.56386,73.900326,2026-09-18 07:58:00,STORE008,GeoMart Viman Nagar,1.539953201863754
DEV066,18.573018,73.912722,2026-09-18 08:06:00,STORE008,GeoMart Viman Nagar,0.5929041833962706
DEV990,18.577735,73.930171,2026-09-18 08:13:00,STORE008,GeoMart Viman Nagar,1.998609858519899
DEV850,18.565424,73.89835,2026-09-18 08:20:00,STORE008,GeoMart Viman Nagar,1.7036458261319043
DEV091,18.579434,73.927082,2026-09-18 08:21:00,STORE008,GeoMart Viman Nagar,1.860104108647558
DEV888,18.561678,73.926534,2026-09-18 08:25:00,STORE008,GeoMart Viman Nagar,1.463440333636976
DEV830,18.552573,73.915826,2026-09-18 08:25:00,STORE008,GeoMart Viman Nagar,1.7118590708876578
DEV177,18.563646,73.911637,2026-09-18 08:26:00,STORE008,GeoMart Viman Nagar,0.5500405515010811
DEV634,18.571465,73.906955,2026-09-18 08:26:00,STORE008,GeoMart Viman Nagar,0.8697902208959476
DEV071,18.57338,73.89675,2026-09-18 08:27:00,STORE008,GeoMart Viman Nagar,1.9476375033444773
DEV222,18.580627,73.924308,2026-09-18 08:30:00,STORE008,GeoMart Viman Nagar,1.7650736382295094
DEV235,18.564377,73.905802,2026-09-18 08:34:00,STORE008,GeoMart Viman Nagar,0.9776710370633999
DEV039,18.582422,73.915839,2026-09-18 08:36:00,STORE008,GeoMart Viman Nagar,1.6229000066707058
DEV354,18.566008,73.930568,2026-09-18 08:37:00,STORE008,GeoMart Viman Nagar,1.7276261878869963
DEV667,18.571359,73.926794,2026-09-18 08:37:00,STORE008,GeoMart Viman Nagar,1.371957345550823
DEV078,18.584753,73.910962,2026-09-18 08:45:00,STORE008,GeoMart Viman Nagar,1.9067095637647817
DEV005,18.583517,73.906588,2026-09-18 08:45:00,STORE008,GeoMart Viman Nagar,1.9173635723112663
DEV031,18.560859,73.902385,2026-09-18 08:46:00,STORE008,GeoMart Viman Nagar,1.4799922875620302
DEV440,18.580316,73.921175,2026-09-18 08:56:00,STORE008,GeoMart Viman Nagar,1.559217022942956
DEV526,18.56873,73.923629,2026-09-18 08:57:00,STORE008,GeoMart Viman Nagar,0.9876600602879146
DEV308,18.560729,73.907643,2026-09-18 09:01:00,STORE008,GeoMart Viman Nagar,1.0621712216503052
DEV548,18.57176,73.897954,2026-09-18 09:02:00,STORE008,GeoMart Viman Nagar,1.7756181628332481
DEV075,18.581363,73.924785,2026-09-18 09:04:00,STORE008,GeoMart Viman Nagar,1.8607557858870643
DEV188,18.578485,73.919572,2026-09-18 09:05:00,STORE008,GeoMart Viman Nagar,1.3015813562322809
DEV471,18.562106,73.908002,2026-09-18 09:09:00,STORE008,GeoMart Viman Nagar,0.925089503829612
DEV813,18.563121,73.926524,2026-09-18 09:10:00,STORE008,GeoMart Viman Nagar,1.3937896085827313
DEV084,18.569637,73.89972,2026-09-18 09:18:00,STORE008,GeoMart Viman Nagar,1.5489142243296103
DEV491,18.580111,73.914839,2026-09-18 09:18:00,STORE008,GeoMart Viman Nagar,1.3589892816886318
DEV472,18.560298,73.915763,2026-09-18 09:27:00,STORE008,GeoMart Viman Nagar,0.8592557479272972
DEV548,18.583239,73.909563,2026-09-18 09:28:00,STORE008,GeoMart Viman Nagar,1.777196275100592
DEV534,18.580412,73.926232,2026-09-18 09:32:00,STORE008,GeoMart Viman Nagar,1.8754641669609862
DEV259,18.560838,73.9141,2026-09-18 09:33:00,STORE008,GeoMart Viman Nagar,0.7855415124362842
DEV372,18.58002,73.913905,2026-09-18 09:34:00,STORE008,GeoMart Viman Nagar,1.34832546533027
DEV852,18.563507,73.922311,2026-09-18 09:38:00,STORE008,GeoMart Viman Nagar,0.9755339283632852
DEV564,18.559461,73.89775,2026-09-18 09:39:00,STORE008,GeoMart Viman Nagar,1.9808889303224173
DEV129,18.573259,73.909541,2026-09-18 09:41:00,STORE008,GeoMart Viman Nagar,0.7789193493689819
DEV199,18.57424,73.902388,2026-09-18 09:47:00,STORE008,GeoMart Viman Nagar,1.439958685680349
DEV137,18.564288,73.899129,2026-09-18 09:49:00,STORE008,GeoMart Viman Nagar,1.64881046113188
DEV214,18.576746,73.90784,2026-09-18 09:49:00,STORE008,GeoMart Viman Nagar,1.1963144298792572
DEV364,18.580391,73.915816,2026-09-18 09:54:00,STORE008,GeoMart Viman Nagar,1.3980972422778346
DEV631,18.56854,73.914846,2026-09-18 09:59:00,STORE008,GeoMart Viman Nagar,0.09152410147090075
DEV770,18.565157,73.900166,2026-09-18 10:01:00,STORE008,GeoMart Viman Nagar,1.5207340485172465
DEV746,18.577124,73.913168,2026-09-18 10:05:00,STORE008,GeoMart Viman Nagar,1.0325788983089734
DEV984,18.564024,73.921988,2026-09-18 10:18:00,STORE008,GeoMart Viman Nagar,0.9178590459972276
DEV100,18.583555,73.9223,2026-09-18 10:18:00,STORE008,GeoMart Viman Nagar,1.9342304433799737
DEV764,18.552898,73.906955,2026-09-18 10:19:00,STORE008,GeoMart Viman Nagar,1.8390681029644842
DEV720,18.579002,73.906721,2026-09-18 10:21:00,STORE008,GeoMart Viman Nagar,1.4704154926160036
DEV156,18.568824,73.931764,2026-09-18 10:23:00,STORE008,GeoMart Viman Nagar,1.8436860489462676
DEV379,18.584395,73.919659,2026-09-18 10:25:00,STORE008,GeoMart Viman Nagar,1.9191658518409336
DEV420,18.560796,73.923406,2026-09-18 10:26:00,STORE008,GeoMart Viman Nagar,1.2431047222400173
DEV713,18.577227,73.91653,2026-09-18 10:44:00,STORE008,GeoMart Viman Nagar,1.0634174328002768
DEV185,18.577091,73.899162,2026-09-18 10:45:00,STORE008,GeoMart Viman Nagar,1.8948427495473645
DEV220,18.568539,73.922057,2026-09-18 10:46:00,STORE008,GeoMart Viman Nagar,0.8207212327780605
DEV083,18.578279,73.929376,2026-09-18 10:49:00,STORE008,GeoMart Viman Nagar,1.9639397338402254
DEV868,18.556039,73.914639,2026-09-18 10:52:00,STORE008,GeoMart Viman Nagar,1.3193670319431792
DEV725,18.558232,73.921616,2026-09-18 10:52:00,STORE008,GeoMart Viman Nagar,1.3230311926453382
DEV359,18.560501,73.930279,2026-09-18 10:52:00,STORE008,GeoMart Viman Nagar,1.8745306784503597
DEV229,18.564152,73.926137,2026-09-18 11:01:00,STORE008,GeoMart Viman Nagar,1.3154773557125197
DEV207,18.58512,73.919452,2026-09-18 11:11:00,STORE008,GeoMart Viman Nagar,1.9902889093512162
DEV399,18.561141,73.89946,2026-09-18 11:24:00,STORE008,GeoMart Viman Nagar,1.7354511161981803
DEV363,18.576657,73.902155,2026-09-18 11:28:00,STORE008,GeoMart Viman Nagar,1.6083844384661485
DEV286,18.562857,73.921509,2026-09-18 11:31:00,STORE008,GeoMart Viman Nagar,0.9443936633933052
DEV759,18.570277,73.897229,2026-09-18 11:38:00,STORE008,GeoMart Viman Nagar,1.8186970642452964
DEV283,18.566436,73.928163,2026-09-18 11:40:00,STORE008,GeoMart Viman Nagar,1.4703016951875987
DEV629,18.573046,73.912657,2026-09-18 11:41:00,STORE008,GeoMart Viman Nagar,0.5978418467450289
DEV015,18.577912,73.926011,2026-09-18 11:45:00,STORE008,GeoMart Viman Nagar,1.6622586905507166
DEV070,18.559209,73.91978,2026-09-18 11:46:00,STORE008,GeoMart Viman Nagar,1.125874173428884
DEV453,18.572603,73.928986,2026-09-18 11:54:00,STORE008,GeoMart Viman Nagar,1.6339313818505032
DEV871,18.555918,73.909326,2026-09-18 12:00:00,STORE008,GeoMart Viman Nagar,1.4317914973797248
DEV529,18.564369,73.91355,2026-09-18 12:01:00,STORE008,GeoMart Viman Nagar,0.40050918265049834
DEV039,18.576424,73.924411,2026-09-18 12:09:00,STORE008,GeoMart Viman Nagar,1.426246915070495
DEV380,18.558152,73.918245,2026-09-18 12:13:00,STORE008,GeoMart Viman Nagar,1.1609585916672054
DEV291,18.562201,73.91902,2026-09-18 12:13:00,STORE008,GeoMart Viman Nagar,0.8056739394161001
DEV096,18.572082,73.904247,2026-09-18 12:15:00,STORE008,GeoMart Viman Nagar,1.1571876277807722
DEV208,18.564243,73.917402,2026-09-18 12:16:00,STORE008,GeoMart Viman Nagar,0.5217940818541136
DEV855,18.567327,73.919448,2026-09-18 12:23:00,STORE008,GeoMart Viman Nagar,0.546363386428102
DEV815,18.5549,73.90593,2026-09-18 12:29:00,STORE008,GeoMart Viman Nagar,1.6935179637939168
DEV737,18.572928,73.899838,2026-09-18 12:30:00,STORE008,GeoMart Viman Nagar,1.6236654565061277
DEV714,18.58313,73.90558,2026-09-18 12:31:00,STORE008,GeoMart Viman Nagar,1.926835679816029
DEV435,18.575694,73.917713,2026-09-18 12:32:00,STORE008,GeoMart Viman Nagar,0.938352118000811
DEV780,18.574525,73.924834,2026-09-18 12:33:00,STORE008,GeoMart Viman Nagar,1.3324865400955754
DEV217,18.575177,73.913231,2026-09-18 12:39:00,STORE008,GeoMart Viman Nagar,0.8169730775267078
DEV914,18.573993,73.900021,2026-09-18 12:49:00,STORE008,GeoMart Viman Nagar,1.6505395831590794
DEV410,18.554546,73.92412,2026-09-18 12:50:00,STORE008,GeoMart Viman Nagar,1.8100901055409977
DEV805,18.565967,73.910481,2026-09-18 12:55:00,STORE008,GeoMart Viman Nagar,0.45634042780882295
DEV776,18.57395,73.911437,2026-09-18 12:58:00,STORE008,GeoMart Viman Nagar,0.737314462696394
DEV989,18.583851,73.918581,2026-09-18 12:58:00,STORE008,GeoMart Viman Nagar,1.8301669233560818
DEV471,18.579534,73.921667,2026-09-18 12:58:00,STORE008,GeoMart Viman Nagar,1.5087977835126887
DEV301,18.58213,73.91123,2026-09-18 13:04:00,STORE008,GeoMart Viman Nagar,1.6150520155442492
DEV098,18.557666,73.911118,2026-09-18 13:14:00,STORE008,GeoMart Viman Nagar,1.1863710435583301
DEV125,18.570726,73.910215,2026-09-18 13:17:00,STORE008,GeoMart Viman Nagar,0.5330544368909447
DEV487,18.581113,73.918939,2026-09-18 13:21:00,STORE008,GeoMart Viman Nagar,1.5484471658670684
DEV197,18.55729,73.899621,2026-09-18 13:26:00,STORE008,GeoMart Viman Nagar,1.945780818324903
DEV040,18.553099,73.919269,2026-09-18 13:41:00,STORE008,GeoMart Viman Nagar,1.7271364579360318
DEV143,18.570036,73.916533,2026-09-18 14:03:00,STORE008,GeoMart Viman Nagar,0.33438324755291277
DEV988,18.559449,73.899521,2026-09-18 14:11:00,STORE008,GeoMart Viman Nagar,1.8193238212755052
DEV972,18.571446,73.914783,2026-09-18 14:12:00,STORE008,GeoMart Viman Nagar,0.39757039580996634
DEV698,18.567827,73.917501,2026-09-18 14:17:00,STORE008,GeoMart Viman Nagar,0.33750516168624856
DEV888,18.559304,73.912366,2026-09-18 14:18:00,STORE008,GeoMart Viman Nagar,0.9773299183841183
DEV660,18.566986,73.909109,2026-09-18 14:18:00,STORE008,GeoMart Viman Nagar,0.5565272882731181
DEV328,18.574268,73.905861,2026-09-18 14:28:00,STORE008,GeoMart Viman Nagar,1.1369354983325868
DEV231,18.580167,73.909032,2026-09-18 14:37:00,STORE008,GeoMart Viman Nagar,1.4727153259475774
DEV474,18.569096,73.923946,2026-09-18 14:40:00,STORE008,GeoMart Viman Nagar,1.025411798475696
DEV642,18.56007,73.908873,2026-09-18 14:40:00,STORE008,GeoMart Viman Nagar,1.0417729115378387
DEV329,18.566687,73.911511,2026-09-18 14:46:00,STORE008,GeoMart Viman Nagar,0.3234458470950652
DEV189,18.565251,73.910248,2026-09-18 14:51:00,STORE008,GeoMart Viman Nagar,0.5188328819423337
DEV309,18.557326,73.905021,2026-09-18 14:52:00,STORE008,GeoMart Viman Nagar,1.5294209748230765
DEV258,18.561325,73.914721,2026-09-18 14:53:00,STORE008,GeoMart Viman Nagar,0.7324522203127021
DEV937,18.56826,73.919186,2026-09-18 14:53:00,STORE008,GeoMart Viman Nagar,0.5165708802910873
DEV125,18.554769,73.90866,2026-09-18 14:58:00,STORE008,GeoMart Viman Nagar,1.5764977214409424
DEV596,18.562761,73.923433,2026-09-18 15:00:00,STORE008,GeoMart Viman Nagar,1.119515963041782
DEV613,18.572228,73.922336,2026-09-18 15:00:00,STORE008,GeoMart Viman Nagar,0.9742064872382049
DEV938,18.568991,73.914936,2026-09-18 15:03:00,STORE008,GeoMart Viman Nagar,0.13860438330892205
DEV719,18.55567,73.913072,2026-09-18 15:07:00,STORE008,GeoMart Viman Nagar,1.3660606819951384
DEV007,18.556679,73.920062,2026-09-18 15:11:00,STORE008,GeoMart Viman Nagar,1.387697609328056
DEV551,18.573787,73.901346,2026-09-18 15:14:00,STORE008,GeoMart Viman Nagar,1.5142230845756277
DEV967,18.550676,73.915851,2026-09-18 15:14:00,STORE008,GeoMart Viman Nagar,1.922187158997356
DEV774,18.565434,73.916065,2026-09-18 15:15:00,STORE008,GeoMart Viman Nagar,0.3313636493079891
DEV122,18.566479,73.911817,2026-09-18 15:16:00,STORE008,GeoMart Viman Nagar,0.30572411720797155
DEV800,18.564075,73.910201,2026-09-18 15:17:00,STORE008,GeoMart Viman Nagar,0.6062838464403874
DEV062,18.579102,73.910197,2026-09-18 15:18:00,STORE008,GeoMart Viman Nagar,1.3185460821174275
DEV511,18.577525,73.912997,2026-09-18 15:22:00,STORE008,GeoMart Viman Nagar,1.0790274318701272
DEV187,18.561715,73.897484,2026-09-18 15:24:00,STORE008,GeoMart Viman Nagar,1.9012986074155718
DEV730,18.557699,73.900046,2026-09-18 15:38:00,STORE008,GeoMart Viman Nagar,1.8826008220358976
DEV582,18.581757,73.913159,2026-09-18 15:46:00,STORE008,GeoMart Viman Nagar,1.5455143964747347
DEV685,18.579909,73.910289,2026-09-18 15:54:00,STORE008,GeoMart Viman Nagar,1.4006672973060608
DEV361,18.570277,73.930003,2026-09-18 15:56:00,STORE008,GeoMart Viman Nagar,1.6761633237244
DEV791,18.584481,73.910417,2026-09-18 16:00:00,STORE008,GeoMart Viman Nagar,1.8886028879637007
DEV630,18.558806,73.900872,2026-09-18 16:03:00,STORE008,GeoMart Viman Nagar,1.7395440472308592
DEV765,18.565928,73.918067,2026-09-18 16:06:00,STORE008,GeoMart Viman Nagar,0.45359317626882706
DEV339,18.55548,73.91563,2026-09-18 16:10:00,STORE008,GeoMart Viman Nagar,1.3881387564617254
DEV808,18.57059,73.897475,2026-09-18 16:14:00,STORE008,GeoMart Viman Nagar,1.7985046725961753
DEV190,18.568788,73.902553,2026-09-18 16:23:00,STORE008,GeoMart Viman Nagar,1.2421423543910977
DEV994,18.561401,73.921448,2026-09-18 16:28:00,STORE008,GeoMart Viman Nagar,1.044000798414263
DEV132,18.58479,73.90897,2026-09-18 16:31:00,STORE008,GeoMart Viman Nagar,1.9603066585587448
DEV228,18.56207,73.899884,2026-09-18 16:35:00,STORE008,GeoMart Viman Nagar,1.6520737246199058
DEV047,18.570133,73.923341,2026-09-18 16:37:00,STORE008,GeoMart Viman Nagar,0.9847934314501203
DEV022,18.581906,73.908566,2026-09-18 16:37:00,STORE008,GeoMart Viman Nagar,1.6705555586180372
DEV816,18.576057,73.901139,2026-09-18 16:38:00,STORE008,GeoMart Viman Nagar,1.6574312773329194
DEV953,18.578897,73.908178,2026-09-18 16:39:00,STORE008,GeoMart Viman Nagar,1.3826251503848357
DEV734,18.555878,73.919412,2026-09-18 16:41:00,STORE008,GeoMart Viman Nagar,1.4413064456817448
DEV261,18.560698,73.899949,2026-09-18 16:43:00,STORE008,GeoMart Viman Nagar,1.7116257636171492
DEV936,18.563416,73.918449,2026-09-18 16:46:00,STORE008,GeoMart Viman Nagar,0.6632234686293698
DEV014,18.55535,73.908335,2026-09-18 16:48:00,STORE008,GeoMart Viman Nagar,1.5306104361215804
DEV320,18.56832,73.92277,2026-09-18 16:52:00,STORE008,GeoMart Viman Nagar,0.8940159265863965
DEV209,18.560637,73.898739,2026-09-18 16:53:00,STORE008,GeoMart Viman Nagar,1.8283114403405956
DEV496,18.566854,73.921164,2026-09-18 16:55:00,STORE008,GeoMart Viman Nagar,0.7328042934480069
DEV176,18.574277,73.912268,2026-09-18 16:55:00,STORE008,GeoMart Viman Nagar,0.7407313732914417
DEV856,18.569326,73.923357,2026-09-18 16:55:00,STORE008,GeoMart Viman Nagar,0.9677448788118425
DEV026,18.556981,73.914258,2026-09-18 16:56:00,STORE008,GeoMart Viman Nagar,1.2141454757340184
DEV073,18.567662,73.905472,2026-09-18 17:00:00,STORE008,GeoMart Viman Nagar,0.930908944352844
DEV468,18.576275,73.912311,2026-09-18 17:05:00,STORE008,GeoMart Viman Nagar,0.9545644671578243
DEV118,18.572689,73.927323,2026-09-18 17:05:00,STORE008,GeoMart Viman Nagar,1.4723655367413304
DEV693,18.574629,73.918772,2026-09-18 17:06:00,STORE008,GeoMart Viman Nagar,0.8843297489904923
DEV443,18.582067,73.92362,2026-09-18 17:10:00,STORE008,GeoMart Viman Nagar,1.856496640429495
DEV871,18.572315,73.903246,2026-09-18 17:11:00,STORE008,GeoMart Viman Nagar,1.2643531073822023
DEV509,18.555305,73.910067,2026-09-18 17:16:00,STORE008,GeoMart Viman Nagar,1.4698633967487575
DEV817,18.580926,73.916584,2026-09-18 17:22:00,STORE008,GeoMart Viman Nagar,1.4682953145690336
DEV504,18.570784,73.913996,2026-09-18 17:28:00,STORE008,GeoMart Viman Nagar,0.3222831048601303
DEV849,18.580913,73.903235,2026-09-18 17:29:00,STORE008,GeoMart Viman Nagar,1.858484702784542
DEV363,18.554,73.905928,2026-09-18 17:30:00,STORE008,GeoMart Viman Nagar,1.7798087659912818
DEV756,18.575236,73.903833,2026-09-18 17:36:00,STORE008,GeoMart Viman Nagar,1.372083832503327
DEV133,18.564267,73.912613,2026-09-18 17:37:00,STORE008,GeoMart Viman Nagar,0.4413772066744872
DEV874,18.560248,73.907163,2026-09-18 17:42:00,STORE008,GeoMart Viman Nagar,1.1357521483635433
DEV768,18.571745,73.913472,2026-09-18 17:45:00,STORE008,GeoMart Viman Nagar,0.43636152468095796
DEV423,18.555979,73.913005,2026-09-18 17:48:00,STORE008,GeoMart Viman Nagar,1.3325649683404301
DEV895,18.566394,73.923708,2026-09-18 17:50:00,STORE008,GeoMart Viman Nagar,1.0057121344329232
DEV888,18.561099,73.897454,2026-09-18 18:06:00,STORE008,GeoMart Viman Nagar,1.9300453694166861
DEV340,18.581229,73.90368,2026-09-18 18:10:00,STORE008,GeoMart Viman Nagar,1.857330665086382
DEV496,18.558707,73.928472,2026-09-18 18:15:00,STORE008,GeoMart Viman Nagar,1.8101274073971663
DEV079,18.562046,73.897653,2026-09-18 18:18:00,STORE008,GeoMart Viman Nagar,1.8715833470265781
DEV199,18.553302,73.911083,2026-09-18 18:21:00,STORE008,GeoMart Viman Nagar,1.658266932438935
DEV550,18.576754,73.913806,2026-09-18 18:22:00,STORE008,GeoMart Viman Nagar,0.9858958585493562
DEV265,18.579286,73.910864,2026-09-18 18:26:00,STORE008,GeoMart Viman Nagar,1.3168469503537
DEV702,18.557876,73.907868,2026-09-18 18:27:00,STORE008,GeoMart Viman Nagar,1.3046275956770275
DEV393,18.563686,73.92535,2026-09-18 18:29:00,STORE008,GeoMart Viman Nagar,1.2554800122936094
DEV519,18.583024,73.921941,2026-09-18 18:29:00,STORE008,GeoMart Viman Nagar,1.8646151805241509
DEV381,18.554658,73.921398,2026-09-18 18:34:00,STORE008,GeoMart Viman Nagar,1.6516364562656312
DEV485,18.575885,73.899975,2026-09-18 18:42:00,STORE008,GeoMart Viman Nagar,1.7516291924739429
DEV236,18.57617,73.921912,2026-09-18 18:56:00,STORE008,GeoMart Viman Nagar,1.2204003843152464
DEV260,18.571536,73.901471,2026-09-18 19:11:00,STORE008,GeoMart Viman Nagar,1.41139790433158
DEV804,18.566751,73.912059,2026-09-18 19:11:00,STORE008,GeoMart Viman Nagar,0.26855567567933836
DEV796,18.569136,73.926801,2026-09-18 19:12:00,STORE008,GeoMart Viman Nagar,1.3248348509535788
DEV525,18.566291,73.902708,2026-09-18 19:15:00,STORE008,GeoMart Viman Nagar,1.2349115269349487
DEV909,18.56904,73.912731,2026-09-18 19:20:00,STORE008,GeoMart Viman Nagar,0.2083750235238519
DEV378,18.578253,73.920899,2026-09-18 19:25:00,STORE008,GeoMart Viman Nagar,1.3450153145589174
DEV184,18.576662,73.914923,2026-09-18 19:30:00,STORE008,GeoMart Viman Nagar,0.9765003998365757
DEV343,18.564982,73.929631,2026-09-18 19:30:00,STORE008,GeoMart Viman Nagar,1.648258769847795
DEV567,18.552442,73.909405,2026-09-18 19:38:00,STORE008,GeoMart Viman Nagar,1.7946295332121256
DEV474,18.558319,73.903472,2026-09-18 19:52:00,STORE008,GeoMart Viman Nagar,1.5613239249578321
DEV466,18.557093,73.909065,2026-09-18 19:54:00,STORE008,GeoMart Viman Nagar,1.322328077741044
DEV138,18.580235,73.919194,2026-09-18 19:55:00,STORE008,GeoMart Viman Nagar,1.4653843190404263
DEV867,18.583734,73.906744,2026-09-18 20:01:00,STORE008,GeoMart Viman Nagar,1.932409408140228
DEV149,18.560939,73.900527,2026-09-18 20:01:00,STORE008,GeoMart Viman Nagar,1.645247330071816
DEV622,18.572009,73.924621,2026-09-18 20:05:00,STORE008,GeoMart Viman Nagar,1.1799429377645902
DEV761,18.567121,73.898163,2026-09-18 20:06:00,STORE008,GeoMart Viman Nagar,1.703159056047048
DEV646,18.571861,73.911309,2026-09-18 20:10:00,STORE008,GeoMart Viman Nagar,0.5416495763830176
DEV895,18.558624,73.8987,2026-09-18 20:13:00,STORE008,GeoMart Viman Nagar,1.9411086549395797
DEV467,18.560341,73.905541,2026-09-18 20:19:00,STORE008,GeoMart Viman Nagar,1.2485683357754824
DEV897,18.570449,73.916157,2026-09-18 20:19:00,STORE008,GeoMart Viman Nagar,0.3444556588577853
DEV473,18.575681,73.912931,2026-09-18 20:20:00,STORE008,GeoMart Viman Nagar,0.8771582146656647
DEV920,18.581949,73.924096,2026-09-18 20:24:00,STORE008,GeoMart Viman Nagar,1.8725659280163438
DEV523,18.582711,73.918828,2026-09-18 20:25:00,STORE008,GeoMart Viman Nagar,1.7146675671203437
DEV406,18.555445,73.91428,2026-09-18 20:28:00,STORE008,GeoMart Viman Nagar,1.3849344159729573
DEV092,18.576258,73.914423,2026-09-18 20:31:00,STORE008,GeoMart Viman Nagar,0.9294576218905934
DEV471,18.552137,73.909311,2026-09-18 20:39:00,STORE008,GeoMart Viman Nagar,1.8299610380382778
DEV105,18.561284,73.91414,2026-09-18 20:41:00,STORE008,GeoMart Viman Nagar,0.7358589326586159
DEV187,18.579386,73.912001,2026-09-18 20:44:00,STORE008,GeoMart Viman Nagar,1.2999697798808147
DEV397,18.584698,73.914644,2026-09-18 20:47:00,STORE008,GeoMart Viman Nagar,1.8682042610852798
DEV154,18.581565,73.917865,2026-09-18 20:50:00,STORE008,GeoMart Viman Nagar,1.56525122625939
DEV572,18.575297,73.908111,2026-09-18 20:51:00,STORE008,GeoMart Viman Nagar,1.0498000793903113
DEV320,18.562527,73.910534,2026-09-18 20:56:00,STORE008,GeoMart Viman Nagar,0.7173081528976607
DEV293,18.560199,73.925516,2026-09-18 20:57:00,STORE008,GeoMart Viman Nagar,1.4598060630759224
DEV510,18.565313,73.897241,2026-09-18 20:58:00,STORE008,GeoMart Viman Nagar,1.8210139382623833
DEV849,18.570717,73.911833,2026-09-18 20:59:00,STORE008,GeoMart Viman Nagar,0.4071067700609709
DEV693,18.57124,73.898253,2026-09-18 21:01:00,STORE008,GeoMart Viman Nagar,1.7317410650343217
DEV946,18.576614,73.908613,2026-09-18 21:10:00,STORE008,GeoMart Viman Nagar,1.1393813510539785
DEV524,18.554091,73.911249,2026-09-18 21:12:00,STORE008,GeoMart Viman Nagar,1.5688098843396092
DEV099,18.565644,73.916057,2026-09-18 21:12:00,STORE008,GeoMart Viman Nagar,0.3118141592693934
DEV549,18.552406,73.910638,2026-09-18 21:13:00,STORE008,GeoMart Viman Nagar,1.76556963438687
DEV364,18.562563,73.919468,2026-09-18 21:15:00,STORE008,GeoMart Viman Nagar,0.8055642435052115
DEV482,18.561971,73.89829,2026-09-18 21:20:00,STORE008,GeoMart Viman Nagar,1.8117989872340394
DEV159,18.556721,73.92628,2026-09-18 21:21:00,STORE008,GeoMart Viman Nagar,1.771968580802049
DEV517,18.562502,73.898677,2026-09-18 21:23:00,STORE008,GeoMart Viman Nagar,1.7527748724184498
DEV548,18.556427,73.922908,2026-09-18 21:25:00,STORE008,GeoMart Viman Nagar,1.565514877942699
DEV718,18.574726,73.916915,2026-09-18 21:25:00,STORE008,GeoMart Viman Nagar,0.8075146952338244
DEV838,18.574988,73.912077,2026-09-18 21:27:00,STORE008,GeoMart Viman Nagar,0.8222427935943819
DEV112,18.553012,73.921896,2026-09-18 21:30:00,STORE008,GeoMart Viman Nagar,1.8389428338424352
DEV276,18.559303,73.927922,2026-09-18 21:32:00,STORE008,GeoMart Viman Nagar,1.7249937537541051
DEV203,18.573493,73.932321,2026-09-18 21:35:00,STORE008,GeoMart Viman Nagar,1.9987248082832678
DEV380,18.571372,73.906426,2026-09-18 21:37:00,STORE008,GeoMart Viman Nagar,0.9153642506914295
DEV531,18.581745,73.914711,2026-09-18 21:38:00,STORE008,GeoMart Viman Nagar,1.5401031454716527
DEV558,18.55339,73.922883,2026-09-18 21:43:00,STORE008,GeoMart Viman Nagar,1.8497968644052019
DEV271,18.572263,73.895969,2026-09-18 21:44:00,STORE008,GeoMart Viman Nagar,1.9921643089891974
DEV368,18.560566,73.903994,2026-09-18 21:47:00,STORE008,GeoMart Viman Nagar,1.3583797138595413
DEV120,18.570488,73.916383,2026-09-18 21:49:00,STORE008,GeoMart Viman Nagar,0.3619668210896313
DEV212,18.56267,73.905506,2026-09-18 21:51:00,STORE008,GeoMart Viman Nagar,1.0942847501670587
DEV739,18.551357,73.910028,2026-09-18 21:53:00,STORE008,GeoMart Viman Nagar,1.8938162141986832
DEV924,18.575187,73.922838,2026-09-18 21:56:00,STORE008,GeoMart Viman Nagar,1.2109707658073803
DEV304,18.577533,73.910755,2026-09-18 21:58:00,STORE008,GeoMart Viman Nagar,1.134443442480652
DEV954,18.554539,73.904229,2026-09-18 22:07:00,STORE008,GeoMart Viman Nagar,1.8259830416430194
DEV476,18.554023,73.907554,2026-09-18 22:15:00,STORE008,GeoMart Viman Nagar,1.6990226900870729
DEV278,18.576532,73.918136,2026-09-18 22:21:00,STORE008,GeoMart Viman Nagar,1.0415208648148702
DEV386,18.559937,73.909903,2026-09-18 22:47:00,STORE008,GeoMart Viman Nagar,0.9994155682331093
DEV971,18.568488,73.901078,2026-09-18 22:51:00,STORE008,GeoMart Viman Nagar,1.395220347541544
DEV936,18.577709,73.916092,2026-09-18 22:54:00,STORE008,GeoMart Viman Nagar,1.106945175779665
DEV766,18.550316,73.936914,2026-09-18 06:00:00,STORE009,GeoMart Kharadi,1.0700505841805041
DEV011,18.541125,73.941549,2026-09-18 06:00:00,STORE009,GeoMart Kharadi,1.2789009937781493
DEV437,18.536476,73.940814,2026-09-18 06:02:00,STORE009,GeoMart Kharadi,1.7830130812995535
DEV568,18.564048,73.9482,2026-09-18 06:03:00,STORE009,GeoMart Kharadi,1.4120707055005113
DEV691,18.544019,73.935646,2026-09-18 06:05:00,STORE009,GeoMart Kharadi,1.4512898479242282
DEV519,18.547966,73.946301,2026-09-18 06:05:00,STORE009,GeoMart Kharadi,0.3888883915900534
DEV008,18.53526,73.946568,2026-09-18 06:15:00,STORE009,GeoMart Kharadi,1.7952638689542677
DEV152,18.538951,73.939131,2026-09-18 06:21:00,STORE009,GeoMart Kharadi,1.6138019213833932
DEV883,18.552311,73.932248,2026-09-18 06:23:00,STORE009,GeoMart Kharadi,1.5584044485755224
DEV630,18.5351,73.946096,2026-09-18 06:23:00,STORE009,GeoMart Kharadi,1.8149810941541002
DEV490,18.558642,73.938116,2026-09-18 06:27:00,STORE009,GeoMart Kharadi,1.2351146694178468
DEV011,18.541617,73.94541,2026-09-18 06:36:00,STORE009,GeoMart Kharadi,1.1006580140851785
DEV159,18.546546,73.932722,2026-09-18 06:37:00,STORE009,GeoMart Kharadi,1.5990139900284772
DEV480,18.559091,73.936321,2026-09-18 06:42:00,STORE009,GeoMart Kharadi,1.4137259890072207
DEV353,18.557051,73.933354,2026-09-18 06:43:00,STORE009,GeoMart Kharadi,1.5697500396801916
DEV609,18.534612,73.948485,2026-09-18 06:45:00,STORE009,GeoMart Kharadi,1.8732934571237743
DEV816,18.554839,73.933993,2026-09-18 07:02:00,STORE009,GeoMart Kharadi,1.4234715301928602
DEV561,18.556786,73.938397,2026-09-18 07:03:00,STORE009,GeoMart Kharadi,1.0867951502826825
DEV340,18.568723,73.945033,2026-09-18 07:05:00,STORE009,GeoMart Kharadi,1.9373571721604035
DEV506,18.5395,73.93321,2026-09-18 07:06:00,STORE009,GeoMart Kharadi,1.96578375841702
DEV643,18.551512,73.943092,2026-09-18 07:06:00,STORE009,GeoMart Kharadi,0.41215802867488704
DEV211,18.543471,73.930726,2026-09-18 07:24:00,STORE009,GeoMart Kharadi,1.928887527251185
DEV386,18.546571,73.943962,2026-09-18 07:34:00,STORE009,GeoMart Kharadi,0.6252150651944137
DEV981,18.561001,73.945491,2026-09-18 07:44:00,STORE009,GeoMart Kharadi,1.0793681530925567
DEV196,18.535947,73.942454,2026-09-18 07:45:00,STORE009,GeoMart Kharadi,1.7838769027272396
DEV367,18.538748,73.93878,2026-09-18 07:51:00,STORE009,GeoMart Kharadi,1.6523077552004715
DEV256,18.548796,73.947469,2026-09-18 07:52:00,STORE009,GeoMart Kharadi,0.2937422920753625
DEV564,18.53354,73.948683,2026-09-18 07:54:00,STORE009,GeoMart Kharadi,1.993851366382844
DEV054,18.550928,73.933191,2026-09-18 07:57:00,STORE009,GeoMart Kharadi,1.4566523569782912
DEV131,18.539458,73.939301,2026-09-18 08:09:00,STORE009,GeoMart Kharadi,1.556291085372576
DEV509,18.563402,73.944111,2026-09-18 08:12:00,STORE009,GeoMart Kharadi,1.3688676262554034
DEV793,18.564552,73.949473,2026-09-18 08:14:00,STORE009,GeoMart Kharadi,1.4854883058983688
DEV163,18.546238,73.944785,2026-09-18 08:21:00,STORE009,GeoMart Kharadi,0.619665897613055
DEV389,18.563029,73.934006,2026-09-18 08:32:00,STORE009,GeoMart Kharadi,1.8836843179047378
DEV911,18.543154,73.948952,2026-09-18 08:33:00,STORE009,GeoMart Kharadi,0.9397207907356181
DEV955,18.561182,73.948017,2026-09-18 08:46:00,STORE009,GeoMart Kharadi,1.0929791957025083
DEV353,18.555352,73.946674,2026-09-18 08:48:00,STORE009,GeoMart Kharadi,0.4407840418961153
DEV503,18.535485,73.942004,2026-09-18 09:00:00,STORE009,GeoMart Kharadi,1.8463809907321218
DEV630,18.537372,73.940519,2026-09-18 09:05:00,STORE009,GeoMart Kharadi,1.702915175995229
DEV413,18.534685,73.949788,2026-09-18 09:21:00,STORE009,GeoMart Kharadi,1.8817193001524397
DEV693,18.553522,73.938826,2026-09-18 09:22:00,STORE009,GeoMart Kharadi,0.8933963086322924
DEV910,18.560965,73.947405,2026-09-18 09:23:00,STORE009,GeoMart Kharadi,1.0644359843383575
DEV974,18.547741,73.942151,2026-09-18 09:26:00,STORE009,GeoMart Kharadi,0.6533258261046927
DEV712,18.549187,73.944427,2026-09-18 09:27:00,STORE009,GeoMart Kharadi,0.3662290123028506
DEV096,18.55885,73.935754,2026-09-18 09:29:00,STORE009,GeoMart Kharadi,1.4462530255242434
DEV361,18.555982,73.948453,2026-09-18 09:30:00,STORE009,GeoMart Kharadi,0.5320207183834709
DEV065,18.541758,73.932199,2026-09-18 09:31:00,STORE009,GeoMart Kharadi,1.8931701211965903
DEV639,18.536471,73.944594,2026-09-18 09:40:00,STORE009,GeoMart Kharadi,1.6792951076887355
DEV661,18.546134,73.940733,2026-09-18 09:40:00,STORE009,GeoMart Kharadi,0.8828035466450458
DEV670,18.545717,73.948142,2026-09-18 09:45:00,STORE009,GeoMart Kharadi,0.6432862530697787
DEV679,18.545368,73.932204,2026-09-18 10:01:00,STORE009,GeoMart Kharadi,1.6978767580182774
DEV426,18.541649,73.945811,2026-09-18 10:03:00,STORE009,GeoMart Kharadi,1.0914828172335522
DEV339,18.546148,73.946639,2026-09-18 10:05:00,STORE009,GeoMart Kharadi,0.5852344080144367
DEV911,18.561923,73.934899,2026-09-18 10:15:00,STORE009,GeoMart Kharadi,1.7309916066236768
DEV022,18.551441,73.933679,2026-09-18 10:25:00,STORE009,GeoMart Kharadi,1.4042682180652404
DEV464,18.540917,73.934173,2026-09-18 10:28:00,STORE009,GeoMart Kharadi,1.7852930445630166
DEV561,18.540652,73.935298,2026-09-18 10:35:00,STORE009,GeoMart Kharadi,1.717603276833038
DEV025,18.554043,73.930691,2026-09-18 10:35:00,STORE009,GeoMart Kharadi,1.7441718852262982
DEV796,18.535067,73.940653,2026-09-18 10:46:00,STORE009,GeoMart Kharadi,1.9354851651786675
DEV365,18.545843,73.939649,2026-09-18 10:57:00,STORE009,GeoMart Kharadi,0.9911282001267144
DEV438,18.557416,73.949183,2026-09-18 11:06:00,STORE009,GeoMart Kharadi,0.7074236442322163
DEV928,18.558162,73.930474,2026-09-18 11:13:00,STORE009,GeoMart Kharadi,1.8974259360131016
DEV546,18.549913,73.943,2026-09-18 11:18:00,STORE009,GeoMart Kharadi,0.45292970712183184
DEV963,18.539669,73.947155,2026-09-18 11:24:00,STORE009,GeoMart Kharadi,1.304530025123165
DEV154,18.551633,73.937699,2026-09-18 11:28:00,STORE009,GeoMart Kharadi,0.9808258803578465
DEV805,18.554632,73.941327,2026-09-18 11:32:00,STORE009,GeoMart Kharadi,0.6977032866559799
DEV124,18.562162,73.933177,2026-09-18 11:42:00,STORE009,GeoMart Kharadi,1.885545884407667
DEV929,18.539673,73.940843,2026-09-18 11:42:00,STORE009,GeoMart Kharadi,1.456595390338482
DEV891,18.567629,73.942737,2026-09-18 11:44:00,STORE009,GeoMart Kharadi,1.8596915782984669
DEV748,18.5456,73.936752,2026-09-18 11:50:00,STORE009,GeoMart Kharadi,1.2581947558864799
DEV165,18.553804,73.947072,2026-09-18 12:02:00,STORE009,GeoMart Kharadi,0.2674203354603944
DEV331,18.556828,73.944835,2026-09-18 12:02:00,STORE009,GeoMart Kharadi,0.6452738562602591
DEV719,18.564968,73.949659,2026-09-18 12:05:00,STORE009,GeoMart Kharadi,1.5345090293550538
DEV222,18.562142,73.941089,2026-09-18 12:07:00,STORE009,GeoMart Kharadi,1.3472117449411052
DEV139,18.563997,73.947739,2026-09-18 12:09:00,STORE009,GeoMart Kharadi,1.402887009461423
DEV612,18.561746,73.934535,2026-09-18 12:12:00,STORE009,GeoMart Kharadi,1.7464325735822768
DEV720,18.567059,73.94964,2026-09-18 12:17:00,STORE009,GeoMart Kharadi,1.763299907008954
DEV920,18.566591,73.938002,2026-09-18 12:21:00,STORE009,GeoMart Kharadi,1.937246064663506
DEV819,18.539897,73.939361,2026-09-18 12:32:00,STORE009,GeoMart Kharadi,1.5114743870138752
DEV872,18.536446,73.944188,2026-09-18 12:35:00,STORE009,GeoMart Kharadi,1.6890274339142533
DEV595,18.562288,73.94311,2026-09-18 12:36:00,STORE009,GeoMart Kharadi,1.278248742295365
DEV736,18.555552,73.936967,2026-09-18 12:42:00,STORE009,GeoMart Kharadi,1.1540126301410376
DEV451,18.557305,73.942007,2026-09-18 12:42:00,STORE009,GeoMart Kharadi,0.8415245727567371
DEV171,18.533562,73.948803,2026-09-18 12:46:00,STORE009,GeoMart Kharadi,1.992581756625127
DEV439,18.568081,73.949209,2026-09-18 12:53:00,STORE009,GeoMart Kharadi,1.8694016147596197
DEV106,18.558515,73.936847,2026-09-18 13:03:00,STORE009,GeoMart Kharadi,1.3309451358057398
DEV954,18.56687,73.941247,2026-09-18 13:09:00,STORE009,GeoMart Kharadi,1.8239528632242068
DEV994,18.544322,73.939028,2026-09-18 13:11:00,STORE009,GeoMart Kharadi,1.1513924397419548
DEV547,18.545369,73.94874,2026-09-18 13:17:00,STORE009,GeoMart Kharadi,0.6952501805656265
DEV047,18.544909,73.949173,2026-09-18 13:19:00,STORE009,GeoMart Kharadi,0.7572464682536265
DEV567,18.542385,73.949745,2026-09-18 13:24:00,STORE009,GeoMart Kharadi,1.0433550465829933
DEV789,18.556575,73.939247,2026-09-18 13:30:00,STORE009,GeoMart Kharadi,0.9995403160271109
DEV844,18.541018,73.931962,2026-09-18 13:32:00,STORE009,GeoMart Kharadi,1.9610985553679425
DEV177,18.548698,73.930459,2026-09-18 13:33:00,STORE009,GeoMart Kharadi,1.769412662344588
DEV105,18.556569,73.942844,2026-09-18 13:39:00,STORE009,GeoMart Kharadi,0.7226992182217556
DEV907,18.55517,73.942259,2026-09-18 13:51:00,STORE009,GeoMart Kharadi,0.6523110119368011
DEV844,18.555645,73.933975,2026-09-18 14:14:00,STORE009,GeoMart Kharadi,1.4519109151594647
DEV652,18.556296,73.933855,2026-09-18 14:16:00,STORE009,GeoMart Kharadi,1.4887958445516118
DEV491,18.551634,73.928487,2026-09-18 14:16:00,STORE009,GeoMart Kharadi,1.9517585987421162
DEV773,18.54928,73.932645,2026-09-18 14:17:00,STORE009,GeoMart Kharadi,1.5315225233006502
DEV511,18.545896,73.930842,2026-09-18 14:21:00,STORE009,GeoMart Kharadi,1.8099692632450164
DEV962,18.555849,73.939446,2026-09-18 14:26:00,STORE009,GeoMart Kharadi,0.9374669690047279
DEV013,18.54192,73.935133,2026-09-18 14:28:00,STORE009,GeoMart Kharadi,1.6359201855286434
DEV053,18.541073,73.932337,2026-09-18 14:30:00,STORE009,GeoMart Kharadi,1.9256281595134468
DEV753,18.561354,73.935628,2026-09-18 14:31:00,STORE009,GeoMart Kharadi,1.6316026502795649
DEV259,18.549538,73.948634,2026-09-18 14:54:00,STORE009,GeoMart Kharadi,0.26932976305736894
DEV724,18.55153,73.932413,2026-09-18 15:01:00,STORE009,GeoMart Kharadi,1.5377863723277927
DEV631,18.545124,73.945536,2026-09-18 15:02:00,STORE009,GeoMart Kharadi,0.7147212737156833
DEV675,18.556272,73.938171,2026-09-18 15:03:00,STORE009,GeoMart Kharadi,1.0768996700586029
DEV720,18.549837,73.946883,2026-09-18 15:15:00,STORE009,GeoMart Kharadi,0.17423476750053052
DEV403,18.547289,73.931092,2026-09-18 15:15:00,STORE009,GeoMart Kharadi,1.73818113157418
DEV526,18.555853,73.930118,2026-09-18 15:24:00,STORE009,GeoMart Kharadi,1.8472277581560328
DEV614,18.546025,73.939995,2026-09-18 15:36:00,STORE009,GeoMart Kharadi,0.9500175559300258
DEV354,18.560839,73.942511,2026-09-18 15:56:00,STORE009,GeoMart Kharadi,1.1513110469238164
DEV792,18.55159,73.947718,2026-09-18 16:02:00,STORE009,GeoMart Kharadi,0.07858269958426875
DEV515,18.551817,73.93056,2026-09-18 16:07:00,STORE009,GeoMart Kharadi,1.7336749431001601
DEV413,18.537059,73.937291,2026-09-18 16:18:00,STORE009,GeoMart Kharadi,1.89486838343735
DEV233,18.53696,73.940225,2026-09-18 16:23:00,STORE009,GeoMart Kharadi,1.7573425926606516
DEV873,18.549937,73.944743,2026-09-18 16:27:00,STORE009,GeoMart Kharadi,0.2882249599377421
DEV493,18.565393,73.936762,2026-09-18 16:30:00,STORE009,GeoMart Kharadi,1.8935916137339377
DEV230,18.53837,73.937847,2026-09-18 16:31:00,STORE009,GeoMart Kharadi,1.7407737919840724
DEV043,18.552296,73.939665,2026-09-18 16:41:00,STORE009,GeoMart Kharadi,0.7796245495752112
DEV753,18.539128,73.947863,2026-09-18 16:41:00,STORE009,GeoMart Kharadi,1.3676135820449726
DEV373,18.556095,73.932322,2026-09-18 16:47:00,STORE009,GeoMart Kharadi,1.632989687984609
DEV573,18.551429,73.945703,2026-09-18 16:55:00,STORE009,GeoMart Kharadi,0.13676396846062217
DEV932,18.545908,73.929064,2026-09-18 16:59:00,STORE009,GeoMart Kharadi,1.9869636819460228
DEV986,18.540884,73.94565,2026-09-18 17:03:00,STORE009,GeoMart Kharadi,1.1779546662561076
DEV720,18.540347,73.932415,2026-09-18 17:09:00,STORE009,GeoMart Kharadi,1.968404850207953
DEV746,18.554917,73.949195,2026-09-18 17:14:00,STORE009,GeoMart Kharadi,0.45439873001816583
DEV277,18.548706,73.942581,2026-09-18 17:24:00,STORE009,GeoMart Kharadi,0.5538449522069818
DEV302,18.559898,73.947711,2026-09-18 17:24:00,STORE009,GeoMart Kharadi,0.9479022306089572
DEV015,18.538713,73.940549,2026-09-18 17:31:00,STORE009,GeoMart Kharadi,1.5660956627965794
DEV045,18.545954,73.947761,2026-09-18 17:32:00,STORE009,GeoMart Kharadi,0.610858348083365
DEV727,18.549446,73.937134,2026-09-18 17:43:00,STORE009,GeoMart Kharadi,1.0625037748190291
DEV617,18.539156,73.948448,2026-09-18 17:46:00,STORE009,GeoMart Kharadi,1.370001554808845
DEV251,18.540715,73.935814,2026-09-18 17:55:00,STORE009,GeoMart Kharadi,1.6739811661730082
DEV041,18.560989,73.942792,2026-09-18 17:58:00,STORE009,GeoMart Kharadi,1.154837942480028
DEV145,18.540471,73.940638,2026-09-18 18:17:00,STORE009,GeoMart Kharadi,1.3880379314712694
DEV501,18.560317,73.933034,2026-09-18 18:22:00,STORE009,GeoMart Kharadi,1.7749771046217226
DEV135,18.552638,73.940847,2026-09-18 18:25:00,STORE009,GeoMart Kharadi,0.6630758856523239
DEV915,18.543789,73.947857,2026-09-18 18:27:00,STORE009,GeoMart Kharadi,0.8511131382014626
DEV547,18.540554,73.939989,2026-09-18 18:29:00,STORE009,GeoMart Kharadi,1.414481315516967
DEV463,18.568076,73.939919,2026-09-18 18:29:00,STORE009,GeoMart Kharadi,1.9988807998050118
DEV111,18.542498,73.947385,2026-09-18 18:41:00,STORE009,GeoMart Kharadi,0.9906889646135781
DEV247,18.566746,73.942783,2026-09-18 18:42:00,STORE009,GeoMart Kharadi,1.763347203599567
DEV305,18.554652,73.941092,2026-09-18 18:48:00,STORE009,GeoMart Kharadi,0.720164170336985
DEV217,18.557294,73.941322,2026-09-18 18:54:00,STORE009,GeoMart Kharadi,0.8875732648913451
DEV160,18.554752,73.93445,2026-09-18 19:03:00,STORE009,GeoMart Kharadi,1.3744735766147274
DEV177,18.559412,73.931744,2026-09-18 19:23:00,STORE009,GeoMart Kharadi,1.8384819761599334
DEV660,18.54892,73.944655,2026-09-18 19:26:00,STORE009,GeoMart Kharadi,0.37034538629573566
DEV009,18.567876,73.94295,2026-09-18 19:31:00,STORE009,GeoMart Kharadi,1.8811320873132393
DEV596,18.550436,73.941358,2026-09-18 19:42:00,STORE009,GeoMart Kharadi,0.6043470507526272
DEV971,18.549849,73.940977,2026-09-18 19:43:00,STORE009,GeoMart Kharadi,0.6579359294324356
DEV297,18.554456,73.945763,2026-09-18 19:50:00,STORE009,GeoMart Kharadi,0.36397264703650667
DEV056,18.556537,73.942972,2026-09-18 20:03:00,STORE009,GeoMart Kharadi,0.7117413149424423
DEV471,18.56158,73.949671,2026-09-18 20:18:00,STORE009,GeoMart Kharadi,1.1664560384116684
DEV898,18.53874,73.940721,2026-09-18 20:19:00,STORE009,GeoMart Kharadi,1.5555899002493643
DEV696,18.540551,73.936446,2026-09-18 20:42:00,STORE009,GeoMart Kharadi,1.6410924091372414
DEV119,18.555614,73.942608,2026-09-18 20:45:00,STORE009,GeoMart Kharadi,0.6587253405745255
DEV757,18.552517,73.934308,2026-09-18 20:46:00,STORE009,GeoMart Kharadi,1.343701993085292
DEV260,18.550716,73.929405,2026-09-18 20:50:00,STORE009,GeoMart Kharadi,1.8563760433004397
DEV538,18.546397,73.941233,2026-09-18 21:05:00,STORE009,GeoMart Kharadi,0.8240637749729205
DEV987,18.564974,73.937314,2026-09-18 21:10:00,STORE009,GeoMart Kharadi,1.8222700696345844
DEV816,18.552845,73.941938,2026-09-18 21:25:00,STORE009,GeoMart Kharadi,0.557284716955985
DEV485,18.549642,73.946435,2026-09-18 21:30:00,STORE009,GeoMart Kharadi,0.20435313690384005
DEV093,18.547918,73.943954,2026-09-18 21:38:00,STORE009,GeoMart Kharadi,0.5030074717752228
DEV858,18.539615,73.937488,2026-09-18 21:42:00,STORE009,GeoMart Kharadi,1.6500800063805172
DEV022,18.544046,73.938351,2026-09-18 21:43:00,STORE009,GeoMart Kharadi,1.2247474958804219
DEV612,18.547209,73.929699,2026-09-18 21:47:00,STORE009,GeoMart Kharadi,1.8824392007344342
DEV319,18.559278,73.939904,2026-09-18 21:51:00,STORE009,GeoMart Kharadi,1.15191245913373
DEV439,18.568971,73.949603,2026-09-18 21:59:00,STORE009,GeoMart Kharadi,1.9729789866625875
DEV070,18.553487,73.939263,2026-09-18 22:06:00,STORE009,GeoMart Kharadi,0.8479790037976597
DEV542,18.547686,73.934402,2026-09-18 22:07:00,STORE009,GeoMart Kharadi,1.3907879696449872
DEV805,18.568597,73.944563,2026-09-18 22:10:00,STORE009,GeoMart Kharadi,1.929397260523461
DEV348,18.564336,73.947372,2026-09-18 22:11:00,STORE009,GeoMart Kharadi,1.4389519869172245
DEV797,18.536601,73.936633,2026-09-18 22:17:00,STORE009,GeoMart Kharadi,1.9754384273599908
DEV161,18.555235,73.929091,2026-09-18 22:23:00,STORE009,GeoMart Kharadi,1.935455004565913
DEV062,18.549105,73.949573,2026-09-18 22:25:00,STORE009,GeoMart Kharadi,0.3724167917731918
DEV144,18.555052,73.934865,2026-09-18 22:35:00,STORE009,GeoMart Kharadi,1.3421306480765525
DEV204,18.55246,73.934565,2026-09-18 22:36:00,STORE009,GeoMart Kharadi,1.3161457406573684
DEV335,18.548656,73.942903,2026-09-18 22:39:00,STORE009,GeoMart Kharadi,0.5288031574641617
DEV265,18.54366,73.941395,2026-09-18 22:50:00,STORE009,GeoMart Kharadi,1.0439592266127131
DEV837,18.552679,73.935997,2026-09-18 22:54:00,STORE009,GeoMart Kharadi,1.1685861905327324
DEV591,18.516617,73.921833,2026-09-18 06:02:00,STORE010,GeoMart Hadapsar,0.9640376657774439
DEV758,18.499745,73.913094,2026-09-18 06:07:00,STORE010,GeoMart Hadapsar,1.6995051494791051
DEV229,18.511172,73.909404,2026-09-18 06:08:00,STORE010,GeoMart Hadapsar,1.7680676176629833
DEV352,18.513735,73.94235,2026-09-18 06:08:00,STORE010,GeoMart Hadapsar,1.8058593871360233
DEV148,18.495111,73.920023,2026-09-18 06:13:00,STORE010,GeoMart Hadapsar,1.6577499337643158
DEV487,18.495067,73.930035,2026-09-18 06:21:00,STORE010,GeoMart Hadapsar,1.5959224271686205
DEV843,18.497387,73.936594,2026-09-18 06:23:00,STORE010,GeoMart Hadapsar,1.6990586415140774
DEV989,18.522784,73.930102,2026-09-18 06:24:00,STORE010,GeoMart Hadapsar,1.603270977460703
DEV157,18.519131,73.922614,2026-09-18 06:28:00,STORE010,GeoMart Hadapsar,1.1923412181569337
DEV123,18.519606,73.93957,2026-09-18 06:30:00,STORE010,GeoMart Hadapsar,1.861296909648648
DEV695,18.501023,73.917606,2026-09-18 06:33:00,STORE010,GeoMart Hadapsar,1.2452277860733287
DEV883,18.515264,73.943195,2026-09-18 06:41:00,STORE010,GeoMart Hadapsar,1.9462684928645237
DEV065,18.509995,73.907805,2026-09-18 06:44:00,STORE010,GeoMart Hadapsar,1.922394432037912
DEV669,18.497942,73.910985,2026-09-18 06:52:00,STORE010,GeoMart Hadapsar,1.9978638862905989
DEV892,18.51997,73.913335,2026-09-18 06:53:00,STORE010,GeoMart Hadapsar,1.8161680147135135
DEV156,18.502644,73.935758,2026-09-18 06:54:00,STORE010,GeoMart Hadapsar,1.242020489659668
DEV206,18.496609,73.915863,2026-09-18 06:59:00,STORE010,GeoMart Hadapsar,1.735063105166177
DEV781,18.522253,73.921488,2026-09-18 07:04:00,STORE010,GeoMart Hadapsar,1.5591405006974146
DEV551,18.495952,73.923268,2026-09-18 07:08:00,STORE010,GeoMart Hadapsar,1.468290431605516
DEV141,18.497658,73.93353,2026-09-18 07:09:00,STORE010,GeoMart Hadapsar,1.4809091152533913
DEV865,18.494932,73.929352,2026-09-18 07:09:00,STORE010,GeoMart Hadapsar,1.5928821530589767
DEV598,18.514781,73.917715,2026-09-18 07:11:00,STORE010,GeoMart Hadapsar,1.0912290425929845
DEV001,18.520242,73.916629,2026-09-18 07:36:00,STORE010,GeoMart Hadapsar,1.6021397987240669
DEV298,18.508726,73.914892,2026-09-18 07:41:00,STORE010,GeoMart Hadapsar,1.1714245341895315
DEV813,18.516259,73.908739,2026-09-18 07:49:00,STORE010,GeoMart Hadapsar,1.9955079483996068
DEV258,18.512101,73.930426,2026-09-18 07:51:00,STORE010,GeoMart Hadapsar,0.5869302147597449
DEV833,18.501298,73.917442,2026-09-18 07:54:00,STORE010,GeoMart Hadapsar,1.2364752910072576
DEV106,18.516042,73.930275,2026-09-18 08:03:00,STORE010,GeoMart Hadapsar,0.9131626575301863
DEV997,18.514598,73.921046,2026-09-18 08:16:00,STORE010,GeoMart Hadapsar,0.8211527768357956
DEV421,18.511908,73.919393,2026-09-18 08:17:00,STORE010,GeoMart Hadapsar,0.7727904601393616
DEV375,18.520849,73.939836,2026-09-18 08:21:00,STORE010,GeoMart Hadapsar,1.9732305974578985
DEV531,18.492038,73.928062,2026-09-18 08:26:00,STORE010,GeoMart Hadapsar,1.8875343934110314
DEV281,18.509419,73.925242,2026-09-18 08:26:00,STORE010,GeoMart Hadapsar,0.09858302377434963
DEV681,18.503023,73.936045,2026-09-18 08:28:00,STORE010,GeoMart Hadapsar,1.2445677750417021
DEV971,18.515348,73.918625,2026-09-18 08:30:00,STORE010,GeoMart Hadapsar,1.0577217159790062
DEV072,18.525936,73.923548,2026-09-18 08:32:00,STORE010,GeoMart Hadapsar,1.9118775859821893
DEV832,18.513581,73.911044,2026-09-18 08:32:00,STORE010,GeoMart Hadapsar,1.6606674014481575
DEV832,18.515221,73.91162,2026-09-18 08:34:00,STORE010,GeoMart Hadapsar,1.6712331892360737
DEV365,18.507625,73.918167,2026-09-18 08:35:00,STORE010,GeoMart Hadapsar,0.8380198801604853
DEV947,18.505189,73.923737,2026-09-18 08:42:00,STORE010,GeoMart Hadapsar,0.47667100779175464
DEV515,18.517833,73.915974,2026-09-18 08:47:00,STORE010,GeoMart Hadapsar,1.4505905600277094
DEV439,18.510494,73.942175,2026-09-18 08:48:00,STORE010,GeoMart Hadapsar,1.7147225679120823
DEV436,18.508548,73.912916,2026-09-18 08:50:00,STORE010,GeoMart Hadapsar,1.3801766301133451
DEV861,18.502013,73.933107,2026-09-18 08:52:00,STORE010,GeoMart Hadapsar,1.071470978101197
DEV726,18.509729,73.920445,2026-09-18 08:52:00,STORE010,GeoMart Hadapsar,0.5929452242313237
DEV852,18.519917,73.938529,2026-09-18 08:59:00,STORE010,GeoMart Hadapsar,1.8016381257460528
DEV968,18.507397,73.920505,2026-09-18 09:05:00,STORE010,GeoMart Hadapsar,0.6030348686289004
DEV557,18.509668,73.917119,2026-09-18 09:08:00,STORE010,GeoMart Hadapsar,0.9403256403513481
DEV162,18.503756,73.922868,2026-09-18 09:10:00,STORE010,GeoMart Hadapsar,0.6604817002031251
DEV179,18.506412,73.943917,2026-09-18 09:12:00,STORE010,GeoMart Hadapsar,1.9093898294747205
DEV431,18.51929,73.911281,2026-09-18 09:22:00,STORE010,GeoMart Hadapsar,1.9347798093673976
DEV883,18.496874,73.919758,2026-09-18 09:26:00,STORE010,GeoMart Hadapsar,1.490440221230397
DEV273,18.493254,73.923445,2026-09-18 09:27:00,STORE010,GeoMart Hadapsar,1.7604935168111349
DEV272,18.4923,73.925176,2026-09-18 09:28:00,STORE010,GeoMart Hadapsar,1.847879735957755
DEV552,18.5133,73.908812,2026-09-18 09:29:00,STORE010,GeoMart Hadapsar,1.877214745815021
DEV338,18.507072,73.913654,2026-09-18 09:38:00,STORE010,GeoMart Hadapsar,1.317583168169086
DEV223,18.49736,73.937017,2026-09-18 09:38:00,STORE010,GeoMart Hadapsar,1.7309363253916918
DEV012,18.499219,73.927915,2026-09-18 09:38:00,STORE010,GeoMart Hadapsar,1.0952536876558165
DEV293,18.502721,73.920466,2026-09-18 09:43:00,STORE010,GeoMart Hadapsar,0.9014330555842338
DEV178,18.505622,73.928172,2026-09-18 09:47:00,STORE010,GeoMart Hadapsar,0.4304770696170671
DEV106,18.502206,73.915917,2026-09-18 09:48:00,STORE010,GeoMart Hadapsar,1.2978622277777632
DEV033,18.494471,73.93033,2026-09-18 09:49:00,STORE010,GeoMart Hadapsar,1.668134888317139
DEV663,18.498392,73.929302,2026-09-18 10:04:00,STORE010,GeoMart Hadapsar,1.2192111285529328
DEV648,18.499763,73.916209,2026-09-18 10:04:00,STORE010,GeoMart Hadapsar,1.4484918726289326
DEV691,18.510915,73.919738,2026-09-18 10:06:00,STORE010,GeoMart Hadapsar,0.6972619748118046
DEV285,18.494885,73.920457,2026-09-18 10:06:00,STORE010,GeoMart Hadapsar,1.6644027770674874
DEV974,18.497866,73.929278,2026-09-18 10:07:00,STORE010,GeoMart Hadapsar,1.2746848193036298
DEV275,18.502502,73.941893,2026-09-18 10:07:00,STORE010,GeoMart Hadapsar,1.8205963161739216
DEV381,18.508144,73.937341,2026-09-18 10:08:00,STORE010,GeoMart Hadapsar,1.1987861275983676
DEV157,18.509324,73.92296,2026-09-18 10:10:00,STORE010,GeoMart Hadapsar,0.3239958815360475
DEV511,18.504386,73.923625,2026-09-18 10:11:00,STORE010,GeoMart Hadapsar,0.5609397395910449
DEV085,18.517262,73.911433,2026-09-18 10:11:00,STORE010,GeoMart Hadapsar,1.7954687482689649
DEV856,18.516547,73.926612,2026-09-18 10:19:00,STORE010,GeoMart Hadapsar,0.8527526744866456
DEV055,18.516608,73.914896,2026-09-18 10:20:00,STORE010,GeoMart Hadapsar,1.4510045601376176
DEV097,18.519455,73.927892,2026-09-18 10:23:00,STORE010,GeoMart Hadapsar,1.1904960445462591
DEV038,18.507856,73.921529,2026-09-18 10:27:00,STORE010,GeoMart Hadapsar,0.48552084686867314
DEV260,18.517729,73.917414,2026-09-18 10:28:00,STORE010,GeoMart Hadapsar,1.335441762398227
DEV873,18.501736,73.92059,2026-09-18 10:29:00,STORE010,GeoMart Hadapsar,0.9797944155014239
DEV455,18.497118,73.928316,2026-09-18 10:30:00,STORE010,GeoMart Hadapsar,1.3326662803064169
DEV733,18.51559,73.910663,2026-09-18 10:31:00,STORE010,GeoMart Hadapsar,1.7800448709033534
DEV222,18.510976,73.923223,2026-09-18 10:37:00,STORE010,GeoMart Hadapsar,0.37286405735359524
DEV338,18.500519,73.917847,2026-09-18 10:37:00,STORE010,GeoMart Hadapsar,1.2678990998968154
DEV799,18.51653,73.934985,2026-09-18 10:44:00,STORE010,GeoMart Hadapsar,1.271752274637402
DEV118,18.511784,73.91691,2026-09-18 10:48:00,STORE010,GeoMart Hadapsar,1.0106964082897065
DEV328,18.50381,73.921945,2026-09-18 10:57:00,STORE010,GeoMart Hadapsar,0.7093374120795315
DEV629,18.524325,73.928588,2026-09-18 11:02:00,STORE010,GeoMart Hadapsar,1.736752473215407
DEV020,18.4991,73.91467,2026-09-18 11:03:00,STORE010,GeoMart Hadapsar,1.61703207449699
DEV929,18.503292,73.940852,2026-09-18 11:06:00,STORE010,GeoMart Hadapsar,1.6856533298535827
DEV539,18.504448,73.907875,2026-09-18 11:06:00,STORE010,GeoMart Hadapsar,1.9742570919634703
DEV619,18.495636,73.935246,2026-09-18 11:17:00,STORE010,GeoMart Hadapsar,1.7680098208207609
DEV420,18.515799,73.942349,2026-09-18 11:18:00,STORE010,GeoMart Hadapsar,1.8868438467715765
DEV028,18.501383,73.939276,2026-09-18 11:20:00,STORE010,GeoMart Hadapsar,1.6304470814265102
DEV294,18.514459,73.921623,2026-09-18 11:24:00,STORE010,GeoMart Hadapsar,0.7714185652875611
DEV069,18.502616,73.922208,2026-09-18 11:27:00,STORE010,GeoMart Hadapsar,0.8050644280983629
DEV298,18.495168,73.926451,2026-09-18 11:27:00,STORE010,GeoMart Hadapsar,1.5276691419249289
DEV821,18.517139,73.913522,2026-09-18 11:28:00,STORE010,GeoMart Hadapsar,1.6032289186627158
DEV778,18.504084,73.935745,2026-09-18 11:31:00,STORE010,GeoMart Hadapsar,1.1587296331206547
DEV481,18.520986,73.937616,2026-09-18 11:35:00,STORE010,GeoMart Hadapsar,1.8182885439447147
DEV858,18.511082,73.931168,2026-09-18 11:38:00,STORE010,GeoMart Hadapsar,0.5965014563651914
DEV338,18.499975,73.920072,2026-09-18 11:45:00,STORE010,GeoMart Hadapsar,1.1728670796556844
DEV170,18.515166,73.93147,2026-09-18 11:47:00,STORE010,GeoMart Hadapsar,0.9044965369953794
DEV118,18.52138,73.913381,2026-09-18 11:49:00,STORE010,GeoMart Hadapsar,1.9225203180788024
DEV233,18.507948,73.922866,2026-09-18 11:51:00,STORE010,GeoMart Hadapsar,0.34700112044618836
DEV922,18.506011,73.923517,2026-09-18 11:56:00,STORE010,GeoMart Hadapsar,0.4144214475131478
DEV672,18.526693,73.923891,2026-09-18 11:56:00,STORE010,GeoMart Hadapsar,1.9909484236229384
DEV390,18.50254,73.908978,2026-09-18 11:57:00,STORE010,GeoMart Hadapsar,1.9291859764717467
DEV134,18.508752,73.936261,2026-09-18 12:00:00,STORE010,GeoMart Hadapsar,1.0820792918101942
DEV226,18.515093,73.920965,2026-09-18 12:08:00,STORE010,GeoMart Hadapsar,0.8695191606911373
DEV113,18.502225,73.915525,2026-09-18 12:17:00,STORE010,GeoMart Hadapsar,1.3307548291033193
DEV102,18.510536,73.936061,2026-09-18 12:19:00,STORE010,GeoMart Hadapsar,1.0763442073282623
DEV269,18.502492,73.919882,2026-09-18 12:20:00,STORE010,GeoMart Hadapsar,0.9611874920900344
DEV726,18.511487,73.925499,2026-09-18 12:21:00,STORE010,GeoMart Hadapsar,0.29247165457660645
DEV549,18.505894,73.917638,2026-09-18 12:25:00,STORE010,GeoMart Hadapsar,0.942954202338717
DEV318,18.509803,73.921371,2026-09-18 12:26:00,STORE010,GeoMart Hadapsar,0.49831658465755047
DEV673,18.509289,73.92721,2026-09-18 12:29:00,STORE010,GeoMart Hadapsar,0.13471907767108854
DEV871,18.503232,73.934849,2026-09-18 12:31:00,STORE010,GeoMart Hadapsar,1.1259941748205087
DEV792,18.515147,73.93764,2026-09-18 12:38:00,STORE010,GeoMart Hadapsar,1.4102747639718054
DEV202,18.496077,73.916973,2026-09-18 12:41:00,STORE010,GeoMart Hadapsar,1.7143851206481902
DEV767,18.508051,73.916369,2026-09-18 12:42:00,STORE010,GeoMart Hadapsar,1.019905449057039
DEV376,18.508495,73.940301,2026-09-18 12:48:00,STORE010,GeoMart Hadapsar,1.5086186862669837
DEV184,18.493103,73.92144,2026-09-18 12:50:00,STORE010,GeoMart Hadapsar,1.8211714186852124
DEV577,18.497781,73.915273,2026-09-18 12:53:00,STORE010,GeoMart Hadapsar,1.6757311333923037
DEV624,18.507641,73.941411,2026-09-18 12:53:00,STORE010,GeoMart Hadapsar,1.6310117996469433
DEV030,18.503749,73.927224,2026-09-18 12:55:00,STORE010,GeoMart Hadapsar,0.5871264575078884
DEV512,18.492533,73.932213,2026-09-18 13:00:00,STORE010,GeoMart Hadapsar,1.9342589840037887
DEV927,18.498017,73.919722,2026-09-18 13:01:00,STORE010,GeoMart Hadapsar,1.379369919037973
DEV226,18.508943,73.933884,2026-09-18 13:08:00,STORE010,GeoMart Hadapsar,0.8313286023268277
DEV502,18.49946,73.916965,2026-09-18 13:10:00,STORE010,GeoMart Hadapsar,1.4175605551526962
DEV775,18.499393,73.929497,2026-09-18 13:11:00,STORE010,GeoMart Hadapsar,1.1195969803466335
DEV716,18.500089,73.927632,2026-09-18 13:12:00,STORE010,GeoMart Hadapsar,0.9947370344439821
DEV956,18.500456,73.938308,2026-09-18 13:27:00,STORE010,GeoMart Hadapsar,1.601857447759438
DEV580,18.503668,73.931894,2026-09-18 13:28:00,STORE010,GeoMart Hadapsar,0.8512996905117316
DEV621,18.512275,73.922363,2026-09-18 13:28:00,STORE010,GeoMart Hadapsar,0.5365673265123427
DEV647,18.506431,73.935382,2026-09-18 13:29:00,STORE010,GeoMart Hadapsar,1.0266643392237143
DEV399,18.523291,73.931756,2026-09-18 13:31:00,STORE010,GeoMart Hadapsar,1.71143064660406
DEV327,18.501073,73.93849,2026-09-18 13:38:00,STORE010,GeoMart Hadapsar,1.5786054239740548
DEV959,18.507218,73.923794,2026-09-18 13:46:00,STORE010,GeoMart Hadapsar,0.2984746964273034
DEV777,18.49918,73.938044,2026-09-18 13:47:00,STORE010,GeoMart Hadapsar,1.6676474491760285
DEV618,18.499815,73.922935,2026-09-18 13:56:00,STORE010,GeoMart Hadapsar,1.0606456662158583
DEV016,18.51192,73.910243,2026-09-18 13:56:00,STORE010,GeoMart Hadapsar,1.6950520460440055
DEV278,18.51545,73.933798,2026-09-18 14:08:00,STORE010,GeoMart Hadapsar,1.0984188001227946
DEV744,18.518203,73.929093,2026-09-18 14:11:00,STORE010,GeoMart Hadapsar,1.0846374257568732
DEV083,18.512498,73.938813,2026-09-18 14:13:00,STORE010,GeoMart Hadapsar,1.4090236396085538
DEV349,18.494088,73.917115,2026-09-18 14:18:00,STORE010,GeoMart Hadapsar,1.8948514320321401
DEV852,18.500041,73.928795,2026-09-18 14:21:00,STORE010,GeoMart Hadapsar,1.0282194740702122
DEV857,18.497845,73.911782,2026-09-18 14:24:00,STORE010,GeoMart Hadapsar,1.938763560107949
DEV188,18.516076,73.919886,2026-09-18 14:25:00,STORE010,GeoMart Hadapsar,1.0258144189761738
DEV008,18.513622,73.938638,2026-09-18 14:32:00,STORE010,GeoMart Hadapsar,1.4322863036221176
DEV815,18.514011,73.914488,2026-09-18 14:36:00,STORE010,GeoMart Hadapsar,1.3403001447878928
DEV764,18.500797,73.939867,2026-09-18 14:44:00,STORE010,GeoMart Hadapsar,1.7175277332173142
DEV558,18.499681,73.926822,2026-09-18 14:46:00,STORE010,GeoMart Hadapsar,1.0287639305035423
DEV741,18.512655,73.909156,2026-09-18 14:47:00,STORE010,GeoMart Hadapsar,1.824486933344352
DEV827,18.517596,73.935198,2026-09-18 14:55:00,STORE010,GeoMart Hadapsar,1.3695216186981192
DEV819,18.501289,73.914677,2026-09-18 14:56:00,STORE010,GeoMart Hadapsar,1.4634802087080736
DEV661,18.49429,73.917348,2026-09-18 14:58:00,STORE010,GeoMart Hadapsar,1.8632075143559568
DEV657,18.504708,73.919848,2026-09-18 15:00:00,STORE010,GeoMart Hadapsar,0.7988001706925917
DEV866,18.505508,73.929644,2026-09-18 15:01:00,STORE010,GeoMart Hadapsar,0.5384230361853742
DEV134,18.512299,73.936632,2026-09-18 15:08:00,STORE010,GeoMart Hadapsar,1.1830584927904866
DEV450,18.518221,73.926891,2026-09-18 15:30:00,STORE010,GeoMart Hadapsar,1.0406970694314996
DEV968,18.50195,73.942136,2026-09-18 15:32:00,STORE010,GeoMart Hadapsar,1.8687480077703253
DEV396,18.506836,73.935235,2026-09-18 15:33:00,STORE010,GeoMart Hadapsar,1.000455079184779
DEV267,18.512268,73.93295,2026-09-18 15:39:00,STORE010,GeoMart Hadapsar,0.822972790610642
DEV659,18.502111,73.912725,2026-09-18 15:42:00,STORE010,GeoMart Hadapsar,1.5903718749645734
DEV841,18.506302,73.938988,2026-09-18 15:46:00,STORE010,GeoMart Hadapsar,1.3996450283749928
DEV288,18.508631,73.920556,2026-09-18 15:47:00,STORE010,GeoMart Hadapsar,0.5748125381324372
DEV133,18.509612,73.914543,2026-09-18 15:51:00,STORE010,GeoMart Hadapsar,1.2106528104316305
DEV963,18.509464,73.932543,2026-09-18 15:52:00,STORE010,GeoMart Hadapsar,0.6927588754717054
DEV640,18.513149,73.938897,2026-09-18 15:59:00,STORE010,GeoMart Hadapsar,1.4396226558970135
DEV073,18.49689,73.928128,2026-09-18 15:59:00,STORE010,GeoMart Hadapsar,1.3541716921548015
DEV825,18.512424,73.931137,2026-09-18 15:59:00,STORE010,GeoMart Hadapsar,0.668535012095943
DEV808,18.513615,73.911395,2026-09-18 16:02:00,STORE010,GeoMart Hadapsar,1.626777943755234
DEV541,18.51981,73.913054,2026-09-18 16:06:00,STORE010,GeoMart Hadapsar,1.8261968411529195
DEV867,18.501792,73.937683,2026-09-18 16:07:00,STORE010,GeoMart Hadapsar,1.4636653585786146
DEV283,18.508277,73.919925,2026-09-18 16:14:00,STORE010,GeoMart Hadapsar,0.6443041554340235
DEV142,18.503018,73.927144,2026-09-18 16:15:00,STORE010,GeoMart Hadapsar,0.6650796358026203
DEV105,18.500401,73.941928,2026-09-18 16:18:00,STORE010,GeoMart Hadapsar,1.927167471648647
DEV835,18.513721,73.912615,2026-09-18 16:20:00,STORE010,GeoMart Hadapsar,1.5097180667725254
DEV323,18.517531,73.93009,2026-09-18 16:23:00,STORE010,GeoMart Hadapsar,1.0521632460281922
DEV375,18.510518,73.939281,2026-09-18 16:28:00,STORE010,GeoMart Hadapsar,1.4118956239692608
DEV293,18.515169,73.921611,2026-09-18 16:32:00,STORE010,GeoMart Hadapsar,0.8367133543231042
DEV921,18.511239,73.940559,2026-09-18 16:40:00,STORE010,GeoMart Hadapsar,1.5570145513187508
DEV728,18.501196,73.938942,2026-09-18 16:41:00,STORE010,GeoMart Hadapsar,1.6112689260513597
DEV828,18.519409,73.925702,2026-09-18 16:42:00,STORE010,GeoMart Hadapsar,1.1689698501292
DEV095,18.501175,73.912471,2026-09-18 16:44:00,STORE010,GeoMart Hadapsar,1.6652216076661297
DEV678,18.518405,73.925726,2026-09-18 16:54:00,STORE010,GeoMart Hadapsar,1.057302568322141
DEV154,18.499237,73.912038,2026-09-18 16:56:00,STORE010,GeoMart Hadapsar,1.822633559259852
DEV505,18.502135,73.913983,2026-09-18 16:57:00,STORE010,GeoMart Hadapsar,1.473598333441104
DEV453,18.494874,73.930456,2026-09-18 16:57:00,STORE010,GeoMart Hadapsar,1.6288636512105203
DEV932,18.495347,73.930642,2026-09-18 16:58:00,STORE010,GeoMart Hadapsar,1.5845256552124285
DEV296,18.521893,73.934229,2026-09-18 17:01:00,STORE010,GeoMart Hadapsar,1.6852752801666007
DEV041,18.508096,73.933708,2026-09-18 17:01:00,STORE010,GeoMart Hadapsar,0.8176609501715721
DEV779,18.496263,73.913139,2026-09-18 17:17:00,STORE010,GeoMart Hadapsar,1.9528603248397713
DEV246,18.51323,73.911453,2026-09-18 17:26:00,STORE010,GeoMart Hadapsar,1.6076556711544288
DEV856,18.517965,73.93195,2026-09-18 17:27:00,STORE010,GeoMart Hadapsar,1.1872750761693958
DEV494,18.509765,73.911877,2026-09-18 17:28:00,STORE010,GeoMart Hadapsar,1.4922748777758703
DEV685,18.510319,73.91005,2026-09-18 17:30:00,STORE010,GeoMart Hadapsar,1.689199026433261
DEV254,18.502266,73.930082,2026-09-18 17:46:00,STORE010,GeoMart Hadapsar,0.8540614584879399
DEV630,18.505714,73.923177,2026-09-18 17:48:00,STORE010,GeoMart Hadapsar,0.4627224708131543
DEV978,18.504457,73.940022,2026-09-18 17:48:00,STORE010,GeoMart Hadapsar,1.558900323810578
DEV715,18.523921,73.926151,2026-09-18 17:54:00,STORE010,GeoMart Hadapsar,1.6703348736035757
DEV923,18.497512,73.940222,2026-09-18 17:58:00,STORE010,GeoMart Hadapsar,1.962773123032736
DEV807,18.519084,73.932947,2026-09-18 18:02:00,STORE010,GeoMart Hadapsar,1.3486645731228288
DEV704,18.498706,73.928223,2026-09-18 18:04:00,STORE010,GeoMart Hadapsar,1.1575045947127587
DEV083,18.511769,73.943932,2026-09-18 18:07:00,STORE010,GeoMart Hadapsar,1.9175171885598954
DEV494,18.50321,73.942573,2026-09-18 18:12:00,STORE010,GeoMart Hadapsar,1.8585497259348496
DEV016,18.514284,73.943635,2026-09-18 18:13:00,STORE010,GeoMart Hadapsar,1.9534619779024998
DEV895,18.491011,73.927351,2026-09-18 18:27:00,STORE010,GeoMart Hadapsar,1.9942609603966666
DEV802,18.510771,73.933153,2026-09-18 18:30:00,STORE010,GeoMart Hadapsar,0.7823992584977967
DEV658,18.504089,73.914251,2026-09-18 18:33:00,STORE010,GeoMart Hadapsar,1.3494374933075288
DEV366,18.526587,73.923558,2026-09-18 18:37:00,STORE010,GeoMart Hadapsar,1.983487534535962
DEV957,18.509308,73.920839,2026-09-18 18:38:00,STORE010,GeoMart Hadapsar,0.5460800063451071
DEV210,18.502324,73.933513,2026-09-18 18:39:00,STORE010,GeoMart Hadapsar,1.0780896695853113
DEV862,18.518177,73.926307,2026-09-18 18:44:00,STORE010,GeoMart Hadapsar,1.0320630983159398
DEV039,18.502849,73.910211,2026-09-18 18:44:00,STORE010,GeoMart Hadapsar,1.795694463562658
DEV262,18.511996,73.921012,2026-09-18 18:46:00,STORE010,GeoMart Hadapsar,0.6285970288696614
DEV292,18.505887,73.930791,2026-09-18 18:48:00,STORE010,GeoMart Hadapsar,0.6061810471728992
DEV833,18.507985,73.931565,2026-09-18 19:00:00,STORE010,GeoMart Hadapsar,0.5955487756885027
DEV778,18.517511,73.94069,2026-09-18 19:04:00,STORE010,GeoMart Hadapsar,1.8209799511258666
DEV590,18.494216,73.927845,2026-09-18 19:16:00,STORE010,GeoMart Hadapsar,1.64433612459354
DEV923,18.510747,73.934037,2026-09-18 19:24:00,STORE010,GeoMart Hadapsar,0.871974607120095
DEV807,18.502939,73.915949,2026-09-18 19:24:00,STORE010,GeoMart Hadapsar,1.2500340456620818
DEV344,18.518635,73.930631,2026-09-18 19:25:00,STORE010,GeoMart Hadapsar,1.1875182748492554
DEV885,18.501315,73.941731,2026-09-18 19:28:00,STORE010,GeoMart Hadapsar,1.8608730624607008
DEV744,18.51208,73.917167,2026-09-18 19:33:00,STORE010,GeoMart Hadapsar,0.9962362443390639
DEV854,18.504817,73.925473,2026-09-18 19:39:00,STORE010,GeoMart Hadapsar,0.45739699719140386
DEV520,18.494019,73.928194,2026-09-18 19:40:00,STORE010,GeoMart Hadapsar,1.6707868450076937
DEV439,18.497295,73.933648,2026-09-18 19:49:00,STORE010,GeoMart Hadapsar,1.5216932447432263
DEV658,18.498508,73.933173,2026-09-18 19:55:00,STORE010,GeoMart Hadapsar,1.3810718544291078
DEV709,18.505564,73.916059,2026-09-18 19:58:00,STORE010,GeoMart Hadapsar,1.1119220171946635
DEV270,18.513552,73.938991,2026-09-18 20:01:00,STORE010,GeoMart Hadapsar,1.4642118716899366
DEV079,18.498876,73.936955,2026-09-18 20:06:00,STORE010,GeoMart Hadapsar,1.605235082844123
DEV387,18.508181,73.939937,2026-09-18 20:07:00,STORE010,GeoMart Hadapsar,1.4717394614057482
DEV042,18.501741,73.933492,2026-09-18 20:08:00,STORE010,GeoMart Hadapsar,1.1215093337894948
DEV483,18.520014,73.917184,2026-09-18 20:09:00,STORE010,GeoMart Hadapsar,1.5463925847534812
DEV293,18.50867,73.941509,2026-09-18 20:19:00,STORE010,GeoMart Hadapsar,1.635521168133201
DEV787,18.517136,73.936239,2026-09-18 20:23:00,STORE010,GeoMart Hadapsar,1.4157137916371316
DEV213,18.502127,73.922811,2026-09-18 20:26:00,STORE010,GeoMart Hadapsar,0.8247842036924037
DEV731,18.517835,73.926007,2026-09-18 20:30:00,STORE010,GeoMart Hadapsar,0.9935269437276049
DEV956,18.525478,73.930679,2026-09-18 20:40:00,STORE010,GeoMart Hadapsar,1.9082647610187886
DEV597,18.500884,73.931987,2026-09-18 20:42:00,STORE010,GeoMart Hadapsar,1.0922586094690936
DEV984,18.516554,73.921953,2026-09-18 20:44:00,STORE010,GeoMart Hadapsar,0.952069767187311
DEV715,18.516242,73.930159,2026-09-18 20:49:00,STORE010,GeoMart Hadapsar,0.9267176998162183
DEV649,18.497396,73.940209,2026-09-18 20:52:00,STORE010,GeoMart Hadapsar,1.9700769808606768
DEV306,18.501366,73.916667,2026-09-18 20:53:00,STORE010,GeoMart Hadapsar,1.2924057325382
DEV640,18.513851,73.927293,2026-09-18 20:57:00,STORE010,GeoMart Hadapsar,0.5671565297971315
DEV988,18.501281,73.937217,2026-09-18 21:01:00,STORE010,GeoMart Hadapsar,1.454893608665053
DEV091,18.501281,73.913071,2026-09-18 21:02:00,STORE010,GeoMart Hadapsar,1.605099113790702
DEV262,18.499835,73.920845,2026-09-18 21:04:00,STORE010,GeoMart Hadapsar,1.145207871050997
DEV393,18.514936,73.937114,2026-09-18 21:06:00,STORE010,GeoMart Hadapsar,1.3504689244316261
DEV557,18.496708,73.934349,2026-09-18 21:10:00,STORE010,GeoMart Hadapsar,1.6164640012129383
DEV917,18.497167,73.937425,2026-09-18 21:12:00,STORE010,GeoMart Hadapsar,1.7758064347155837
DEV023,18.52403,73.919027,2026-09-18 21:15:00,STORE010,GeoMart Hadapsar,1.836015701525678
DEV192,18.520344,73.924673,2026-09-18 21:20:00,STORE010,GeoMart Hadapsar,1.2801839605823597
DEV243,18.500429,73.917279,2026-09-18 21:20:00,STORE010,GeoMart Hadapsar,1.3163924104532168
DEV956,18.50496,73.911467,2026-09-18 21:23:00,STORE010,GeoMart Hadapsar,1.5938209587159227
DEV895,18.5114,73.929318,2026-09-18 21:26:00,STORE010,GeoMart Hadapsar,0.446853199684057
DEV054,18.515156,73.917227,2026-09-18 21:26:00,STORE010,GeoMart Hadapsar,1.157411942224355
DEV096,18.504369,73.924144,2026-09-18 21:27:00,STORE010,GeoMart Hadapsar,0.5404992334316246
DEV462,18.509479,73.917803,2026-09-18 21:27:00,STORE010,GeoMart Hadapsar,0.8667117901078834
DEV922,18.522832,73.933356,2026-09-18 21:34:00,STORE010,GeoMart Hadapsar,1.7324810049840813
DEV124,18.498846,73.92418,2026-09-18 21:35:00,STORE010,GeoMart Hadapsar,1.1343064248878942
DEV959,18.502299,73.913283,2026-09-18 21:36:00,STORE010,GeoMart Hadapsar,1.5286905825115813
DEV218,18.519055,73.925585,2026-09-18 21:42:00,STORE010,GeoMart Hadapsar,1.1300320011954788
DEV663,18.514685,73.933405,2026-09-18 21:42:00,STORE010,GeoMart Hadapsar,1.0116455721919944
DEV208,18.514452,73.912117,2026-09-18 21:42:00,STORE010,GeoMart Hadapsar,1.5887007418832073
DEV693,18.51028,73.943157,2026-09-18 21:44:00,STORE010,GeoMart Hadapsar,1.8155795756404494
DEV427,18.508461,73.931942,2026-09-18 21:45:00,STORE010,GeoMart Hadapsar,0.6284435893110959
DEV303,18.505248,73.912426,2026-09-18 21:46:00,STORE010,GeoMart Hadapsar,1.4877940748098613
DEV868,18.507133,73.914735,2026-09-18 21:47:00,STORE010,GeoMart Hadapsar,1.2039654860065723
DEV001,18.495682,73.917045,2026-09-18 21:58:00,STORE010,GeoMart Hadapsar,1.7469699907412146
DEV472,18.497199,73.93449,2026-09-18 22:05:00,STORE010,GeoMart Hadapsar,1.5793359763413046
DEV282,18.505864,73.92003,2026-09-18 22:06:00,STORE010,GeoMart Hadapsar,0.7143097191905219
DEV942,18.493445,73.934975,2026-09-18 22:06:00,STORE010,GeoMart Hadapsar,1.9618788664456597
DEV726,18.503452,73.935235,2026-09-18 22:12:00,STORE010,GeoMart Hadapsar,1.146838014976645
DEV854,18.517108,73.934651,2026-09-18 22:20:00,STORE010,GeoMart Hadapsar,1.2903681378200313
DEV782,18.521273,73.920901,2026-09-18 22:24:00,STORE010,GeoMart Hadapsar,1.4771319633968685
DEV613,18.517707,73.941171,2026-09-18 22:24:00,STORE010,GeoMart Hadapsar,1.8755962884090742
DEV822,18.504798,73.925668,2026-09-18 22:29:00,STORE010,GeoMart Hadapsar,0.4574630429797743
DEV624,18.506983,73.937238,2026-09-18 22:30:00,STORE010,GeoMart Hadapsar,1.2039980522544038
DEV285,18.504535,73.933049,2026-09-18 22:35:00,STORE010,GeoMart Hadapsar,0.887718481289261
DEV522,18.498222,73.922173,2026-09-18 22:48:00,STORE010,GeoMart Hadapsar,1.2540425600744434
DEV832,18.516069,73.91357,2026-09-18 22:50:00,STORE010,GeoMart Hadapsar,1.53401973023989
DEV105,18.49522,73.919512,2026-09-18 22:51:00,STORE010,GeoMart Hadapsar,1.6679146333280186
DEV224,18.500482,73.928235,2026-09-18 22:51:00,STORE010,GeoMart Hadapsar,0.9652512079752673
DEV641,18.504526,73.919458,2026-09-18 22:56:00,STORE010,GeoMart Hadapsar,0.8440394217468987
DEV023,18.520249,73.914554,2026-09-18 22:56:00,STORE010,GeoMart Hadapsar,1.7461504808750294
