device_id,latitude,longitude,timestamp
DEV984,18.610752,73.804243,2026-09-18 06:00:00
DEV766,18.550316,73.936914,2026-09-18 06:00:00
DEV011,18.541125,73.941549,2026-09-18 06:00:00
DEV374,18.579705,73.760781,2026-09-18 06:00:00
DEV829,18.527163,73.935382,2026-09-18 06:00:00
DEV396,18.561943,73.756063,2026-09-18 06:00:00
DEV970,18.475105,73.898656,2026-09-18 06:00:00
DEV004,18.536515,73.817483,2026-09-18 06:00:00
DEV296,18.538661,73.903772,2026-09-18 06:00:00
DEV876,18.627707,73.790133,2026-09-18 06:00:00
DEV110,18.624167,73.788007,2026-09-18 06:00:00
DEV558,18.535777,73.77331,2026-09-18 06:01:00
DEV124,18.498176,73.945683,2026-09-18 06:01:00
DEV964,18.526716,73.776115,2026-09-18 06:01:00
DEV411,18.571938,73.778529,2026-09-18 06:01:00
DEV373,18.613559,73.86169,2026-09-18 06:01:00
DEV999,18.483618,73.903423,2026-09-18 06:01:00
DEV273,18.605256,73.845137,2026-09-18 06:01:00
DEV140,18.452646,73.944097,2026-09-18 06:01:00
DEV883,18.594252,73.780617,2026-09-18 06:01:00
DEV550,18.556748,73.766893,2026-09-18 06:01:00
DEV437,18.536476,73.940814,2026-09-18 06:02:00
DEV235,18.510477,73.785724,2026-09-18 06:02:00
DEV340,18.592055,73.817366,2026-09-18 06:02:00
DEV827,18.617504,73.849237,2026-09-18 06:02:00
DEV591,18.516617,73.921833,2026-09-18 06:02:00
DEV527,18.459281,73.936377,2026-09-18 06:02:00
DEV805,18.472327,73.86689,2026-09-18 06:02:00
DEV752,18.59642,73.752861,2026-09-18 06:02:00
DEV187,18.523199,73.784521,2026-09-18 06:02:00
DEV748,18.552549,73.765317,2026-09-18 06:03:00
DEV948,18.568955,73.935986,2026-09-18 06:03:00
DEV515,18.488727,73.905166,2026-09-18 06:03:00
DEV568,18.564048,73.9482,2026-09-18 06:03:00
DEV672,18.589351,73.835752,2026-09-18 06:03:00
DEV783,18.595391,73.794597,2026-09-18 06:03:00
DEV772,18.580717,73.808351,2026-09-18 06:04:00
DEV566,18.463186,73.770985,2026-09-18 06:04:00
DEV476,18.58542,73.864527,2026-09-18 06:04:00
DEV755,18.567436,73.812225,2026-09-18 06:04:00
DEV733,18.509892,73.777255,2026-09-18 06:04:00
DEV139,18.648684,73.879005,2026-09-18 06:04:00
DEV657,18.558644,73.875222,2026-09-18 06:04:00
DEV887,18.64487,73.865031,2026-09-18 06:04:00
DEV449,18.537842,73.847596,2026-09-18 06:04:00
DEV495,18.481184,73.909436,2026-09-18 06:04:00
DEV148,18.45825,73.864454,2026-09-18 06:04:00
DEV637,18.566999,73.78008,2026-09-18 06:05:00
DEV351,18.582435,73.845111,2026-09-18 06:05:00
DEV140,18.546974,73.839019,2026-09-18 06:05:00
DEV577,18.611954,73.809153,2026-09-18 06:05:00
DEV129,18.514698,73.844042,2026-09-18 06:05:00
DEV612,18.496554,73.943816,2026-09-18 06:05:00
DEV889,18.490388,73.942035,2026-09-18 06:05:00
DEV517,18.458119,73.762898,2026-09-18 06:05:00
DEV171,18.461276,73.938635,2026-09-18 06:05:00
DEV691,18.544019,73.935646,2026-09-18 06:05:00
DEV519,18.547966,73.946301,2026-09-18 06:05:00
DEV664,18.548281,73.898288,2026-09-18 06:05:00
DEV969,18.579629,73.857152,2026-09-18 06:06:00
DEV910,18.546738,73.802704,2026-09-18 06:06:00
DEV481,18.647149,73.92118,2026-09-18 06:06:00
DEV283,18.556254,73.822215,2026-09-18 06:06:00
DEV166,18.485697,73.884219,2026-09-18 06:06:00
DEV163,18.594232,73.889937,2026-09-18 06:06:00
DEV457,18.464484,73.894241,2026-09-18 06:06:00
DEV141,18.512115,73.758387,2026-09-18 06:06:00
DEV040,18.59278,73.903519,2026-09-18 06:06:00
DEV798,18.476752,73.904576,2026-09-18 06:06:00
DEV752,18.46428,73.901427,2026-09-18 06:06:00
DEV676,18.614168,73.792536,2026-09-18 06:06:00
DEV040,18.461249,73.893586,2026-09-18 06:07:00
DEV278,18.567405,73.909586,2026-09-18 06:07:00
DEV630,18.648631,73.927664,2026-09-18 06:07:00
DEV490,18.471757,73.858605,2026-09-18 06:07:00
DEV900,18.644861,73.879655,2026-09-18 06:07:00
DEV734,18.478249,73.904973,2026-09-18 06:07:00
DEV867,18.585248,73.847568,2026-09-18 06:07:00
DEV563,18.603436,73.939107,2026-09-18 06:07:00
DEV430,18.64889,73.886083,2026-09-18 06:07:00
DEV758,18.499745,73.913094,2026-09-18 06:07:00
DEV676,18.592843,73.850762,2026-09-18 06:08:00
DEV265,18.635761,73.752428,2026-09-18 06:08:00
DEV229,18.511172,73.909404,2026-09-18 06:08:00
DEV352,18.513735,73.94235,2026-09-18 06:08:00
DEV431,18.567502,73.8129,2026-09-18 06:08:00
DEV681,18.521279,73.760568,2026-09-18 06:09:00
DEV112,18.484889,73.794738,2026-09-18 06:09:00
DEV554,18.614718,73.876537,2026-09-18 06:09:00
DEV130,18.555569,73.765665,2026-09-18 06:09:00
DEV220,18.569727,73.845909,2026-09-18 06:09:00
DEV145,18.479021,73.901432,2026-09-18 06:09:00
DEV977,18.554539,73.880883,2026-09-18 06:09:00
DEV576,18.618491,73.751534,2026-09-18 06:09:00
DEV762,18.577829,73.936256,2026-09-18 06:09:00
DEV574,18.565017,73.86469,2026-09-18 06:10:00
DEV885,18.645607,73.925246,2026-09-18 06:10:00
DEV446,18.628821,73.876964,2026-09-18 06:10:00
DEV314,18.552521,73.826212,2026-09-18 06:10:00
DEV517,18.634995,73.826492,2026-09-18 06:10:00
DEV104,18.635827,73.888175,2026-09-18 06:10:00
DEV530,18.499168,73.820529,2026-09-18 06:10:00
DEV914,18.568332,73.838205,2026-09-18 06:10:00
DEV256,18.494458,73.905301,2026-09-18 06:10:00
DEV936,18.587141,73.880838,2026-09-18 06:10:00
DEV291,18.536795,73.781224,2026-09-18 06:11:00
DEV967,18.620693,73.765087,2026-09-18 06:11:00
DEV647,18.485351,73.881924,2026-09-18 06:11:00
DEV699,18.575355,73.934444,2026-09-18 06:11:00
DEV450,18.532534,73.818987,2026-09-18 06:11:00
DEV314,18.573243,73.86325,2026-09-18 06:11:00
DEV443,18.606856,73.94886,2026-09-18 06:11:00
DEV820,18.624317,73.933924,2026-09-18 06:11:00
DEV387,18.635165,73.860599,2026-09-18 06:11:00
DEV672,18.558241,73.873251,2026-09-18 06:12:00
DEV897,18.614854,73.78481,2026-09-18 06:12:00
DEV448,18.46561,73.807371,2026-09-18 06:12:00
DEV235,18.463585,73.883239,2026-09-18 06:12:00
DEV439,18.534381,73.869776,2026-09-18 06:13:00
DEV148,18.495111,73.920023,2026-09-18 06:13:00
DEV075,18.450386,73.818358,2026-09-18 06:13:00
DEV497,18.543124,73.752763,2026-09-18 06:13:00
DEV853,18.626447,73.873528,2026-09-18 06:13:00
DEV271,18.538598,73.854582,2026-09-18 06:13:00
DEV366,18.62892,73.814664,2026-09-18 06:13:00
DEV563,18.460382,73.840336,2026-09-18 06:13:00
DEV287,18.594586,73.761368,2026-09-18 06:13:00
DEV905,18.464822,73.78098,2026-09-18 06:13:00
DEV069,18.574193,73.798148,2026-09-18 06:13:00
DEV449,18.509869,73.865278,2026-09-18 06:13:00
DEV373,18.606854,73.765148,2026-09-18 06:13:00
DEV997,18.61731,73.911797,2026-09-18 06:13:00
DEV129,18.60443,73.942083,2026-09-18 06:13:00
DEV810,18.640874,73.867392,2026-09-18 06:13:00
DEV050,18.45382,73.866407,2026-09-18 06:13:00
DEV008,18.491205,73.862781,2026-09-18 06:13:00
DEV881,18.469201,73.785534,2026-09-18 06:14:00
DEV698,18.463827,73.909972,2026-09-18 06:14:00
DEV506,18.491414,73.904767,2026-09-18 06:14:00
DEV008,18.53526,73.946568,2026-09-18 06:15:00
DEV987,18.455499,73.858164,2026-09-18 06:15:00
DEV843,18.477461,73.849876,2026-09-18 06:15:00
DEV753,18.48993,73.757224,2026-09-18 06:15:00
DEV915,18.529764,73.857344,2026-09-18 06:15:00
DEV376,18.563426,73.907607,2026-09-18 06:15:00
DEV528,18.557792,73.811929,2026-09-18 06:15:00
DEV391,18.55352,73.774324,2026-09-18 06:15:00
DEV323,18.62387,73.893495,2026-09-18 06:15:00
DEV476,18.59954,73.940025,2026-09-18 06:15:00
DEV117,18.624373,73.939717,2026-09-18 06:15:00
DEV367,18.540455,73.839145,2026-09-18 06:15:00
DEV424,18.578183,73.902253,2026-09-18 06:16:00
DEV484,18.563568,73.772619,2026-09-18 06:16:00
DEV899,18.541675,73.916244,2026-09-18 06:16:00
DEV567,18.648075,73.831904,2026-09-18 06:16:00
DEV049,18.517364,73.942887,2026-09-18 06:16:00
DEV882,18.548575,73.819645,2026-09-18 06:16:00
DEV239,18.544273,73.811203,2026-09-18 06:16:00
DEV892,18.537249,73.764248,2026-09-18 06:16:00
DEV785,18.623923,73.847385,2026-09-18 06:17:00
DEV511,18.465928,73.886769,2026-09-18 06:17:00
DEV914,18.627355,73.76811,2026-09-18 06:17:00
DEV267,18.460418,73.887799,2026-09-18 06:17:00
DEV694,18.551338,73.752478,2026-09-18 06:17:00
DEV828,18.505829,73.886043,2026-09-18 06:17:00
DEV025,18.49937,73.803251,2026-09-18 06:17:00
DEV559,18.608121,73.837163,2026-09-18 06:17:00
DEV758,18.636799,73.888188,2026-09-18 06:17:00
DEV367,18.604901,73.932852,2026-09-18 06:17:00
DEV866,18.605281,73.914132,2026-09-18 06:17:00
DEV517,18.510927,73.784962,2026-09-18 06:17:00
DEV298,18.488155,73.899465,2026-09-18 06:17:00
DEV905,18.603927,73.765611,2026-09-18 06:17:00
DEV497,18.529886,73.942087,2026-09-18 06:17:00
DEV909,18.563904,73.774644,2026-09-18 06:18:00
DEV202,18.542471,73.755911,2026-09-18 06:18:00
DEV226,18.52524,73.818055,2026-09-18 06:18:00
DEV348,18.597973,73.920428,2026-09-18 06:18:00
DEV141,18.611356,73.94575,2026-09-18 06:18:00
DEV402,18.539444,73.787261,2026-09-18 06:18:00
DEV579,18.558106,73.831256,2026-09-18 06:18:00
DEV106,18.586795,73.908622,2026-09-18 06:19:00
DEV618,18.482404,73.876141,2026-09-18 06:19:00
DEV299,18.613896,73.773805,2026-09-18 06:19:00
DEV425,18.596724,73.933923,2026-09-18 06:19:00
DEV713,18.6119,73.937812,2026-09-18 06:19:00
DEV937,18.570769,73.919062,2026-09-18 06:19:00
DEV542,18.450792,73.871666,2026-09-18 06:19:00
DEV132,18.642789,73.761404,2026-09-18 06:19:00
DEV320,18.591132,73.896557,2026-09-18 06:19:00
DEV508,18.536421,73.921606,2026-09-18 06:19:00
DEV201,18.639379,73.84388,2026-09-18 06:19:00
DEV512,18.583937,73.83092,2026-09-18 06:20:00
DEV556,18.621755,73.881764,2026-09-18 06:20:00
DEV775,18.571973,73.789042,2026-09-18 06:20:00
DEV870,18.504087,73.814102,2026-09-18 06:20:00
DEV918,18.607124,73.835366,2026-09-18 06:20:00
DEV763,18.580599,73.898541,2026-09-18 06:20:00
DEV270,18.507876,73.805839,2026-09-18 06:20:00
DEV835,18.643211,73.755345,2026-09-18 06:20:00
DEV676,18.51485,73.755098,2026-09-18 06:20:00
DEV864,18.459116,73.841507,2026-09-18 06:20:00
DEV987,18.58276,73.871544,2026-09-18 06:20:00
DEV523,18.596093,73.929182,2026-09-18 06:20:00
DEV190,18.491984,73.810437,2026-09-18 06:21:00
DEV487,18.495067,73.930035,2026-09-18 06:21:00
DEV048,18.490064,73.8439,2026-09-18 06:21:00
DEV103,18.635603,73.774368,2026-09-18 06:21:00
DEV345,18.599585,73.76172,2026-09-18 06:21:00
DEV966,18.484375,73.901723,2026-09-18 06:21:00
DEV460,18.584504,73.927502,2026-09-18 06:21:00
DEV251,18.604251,73.924216,2026-09-18 06:21:00
DEV152,18.538951,73.939131,2026-09-18 06:21:00
DEV968,18.452134,73.916999,2026-09-18 06:21:00
DEV950,18.462985,73.799739,2026-09-18 06:22:00
DEV209,18.623205,73.908936,2026-09-18 06:22:00
DEV104,18.568302,73.840635,2026-09-18 06:22:00
DEV676,18.549341,73.873724,2026-09-18 06:22:00
DEV905,18.546318,73.784016,2026-09-18 06:22:00
DEV913,18.634265,73.815936,2026-09-18 06:22:00
DEV667,18.587928,73.79399,2026-09-18 06:22:00
DEV517,18.601661,73.852949,2026-09-18 06:22:00
DEV902,18.502894,73.837122,2026-09-18 06:23:00
DEV931,18.552517,73.774922,2026-09-18 06:23:00
DEV883,18.552311,73.932248,2026-09-18 06:23:00
DEV630,18.5351,73.946096,2026-09-18 06:23:00
DEV564,18.545498,73.827356,2026-09-18 06:23:00
DEV798,18.644111,73.83483,2026-09-18 06:23:00
DEV670,18.490153,73.91623,2026-09-18 06:23:00
DEV843,18.497387,73.936594,2026-09-18 06:23:00
DEV191,18.56718,73.93401,2026-09-18 06:23:00
DEV866,18.598546,73.871259,2026-09-18 06:23:00
DEV658,18.49212,73.884624,2026-09-18 06:23:00
DEV210,18.513815,73.944397,2026-09-18 06:23:00
DEV565,18.537356,73.769614,2026-09-18 06:23:00
DEV355,18.640892,73.936089,2026-09-18 06:23:00
DEV201,18.641346,73.80773,2026-09-18 06:23:00
DEV182,18.580552,73.772865,2026-09-18 06:24:00
DEV973,18.605104,73.754046,2026-09-18 06:24:00
DEV462,18.623593,73.835462,2026-09-18 06:24:00
DEV476,18.476494,73.813771,2026-09-18 06:24:00
DEV649,18.450217,73.852998,2026-09-18 06:24:00
DEV381,18.648448,73.930136,2026-09-18 06:24:00
DEV989,18.522784,73.930102,2026-09-18 06:24:00
DEV973,18.554176,73.916502,2026-09-18 06:24:00
DEV574,18.458557,73.922584,2026-09-18 06:24:00
DEV270,18.467373,73.802507,2026-09-18 06:24:00
DEV821,18.462002,73.894877,2026-09-18 06:24:00
DEV345,18.597789,73.94005,2026-09-18 06:24:00
DEV601,18.584389,73.871681,2026-09-18 06:24:00
DEV958,18.646337,73.848092,2026-09-18 06:24:00
DEV122,18.462776,73.940182,2026-09-18 06:24:00
DEV767,18.50489,73.893678,2026-09-18 06:25:00
DEV245,18.489819,73.799468,2026-09-18 06:25:00
DEV596,18.587725,73.763928,2026-09-18 06:25:00
DEV362,18.473086,73.887635,2026-09-18 06:25:00
DEV271,18.572453,73.806899,2026-09-18 06:25:00
DEV859,18.475637,73.869275,2026-09-18 06:25:00
DEV735,18.479244,73.756384,2026-09-18 06:25:00
DEV576,18.534787,73.785728,2026-09-18 06:25:00
DEV167,18.613629,73.93936,2026-09-18 06:26:00
DEV530,18.50971,73.872983,2026-09-18 06:26:00
DEV968,18.469781,73.859618,2026-09-18 06:26:00
DEV980,18.646839,73.904551,2026-09-18 06:26:00
DEV069,18.528908,73.871487,2026-09-18 06:26:00
DEV940,18.535421,73.927795,2026-09-18 06:26:00
DEV333,18.562528,73.870602,2026-09-18 06:26:00
DEV456,18.565443,73.930928,2026-09-18 06:26:00
DEV251,18.4642,73.86187,2026-09-18 06:26:00
DEV054,18.520761,73.896811,2026-09-18 06:26:00
DEV277,18.501922,73.780546,2026-09-18 06:26:00
DEV725,18.506463,73.827806,2026-09-18 06:26:00
DEV490,18.558642,73.938116,2026-09-18 06:27:00
DEV770,18.464932,73.917107,2026-09-18 06:27:00
DEV156,18.543324,73.929604,2026-09-18 06:27:00
DEV704,18.563566,73.811339,2026-09-18 06:27:00
DEV763,18.634126,73.857941,2026-09-18 06:27:00
DEV646,18.648119,73.941096,2026-09-18 06:27:00
DEV665,18.598825,73.9332,2026-09-18 06:27:00
DEV017,18.622686,73.754348,2026-09-18 06:27:00
DEV272,18.543404,73.917365,2026-09-18 06:27:00
DEV906,18.619969,73.855422,2026-09-18 06:27:00
DEV412,18.567875,73.788305,2026-09-18 06:27:00
DEV573,18.494399,73.852557,2026-09-18 06:27:00
DEV175,18.492116,73.891403,2026-09-18 06:27:00
DEV135,18.475817,73.847787,2026-09-18 06:28:00
DEV147,18.635621,73.838094,2026-09-18 06:28:00
DEV398,18.451606,73.779141,2026-09-18 06:28:00
DEV332,18.478156,73.750659,2026-09-18 06:28:00
DEV157,18.519131,73.922614,2026-09-18 06:28:00
DEV361,18.540181,73.796359,2026-09-18 06:28:00
DEV509,18.465504,73.814464,2026-09-18 06:28:00
DEV334,18.563353,73.866305,2026-09-18 06:29:00
DEV940,18.513115,73.778431,2026-09-18 06:29:00
DEV732,18.50048,73.849982,2026-09-18 06:29:00
DEV060,18.502689,73.887989,2026-09-18 06:29:00
DEV616,18.467098,73.766175,2026-09-18 06:29:00
DEV704,18.477893,73.779713,2026-09-18 06:29:00
DEV974,18.61433,73.885078,2026-09-18 06:29:00
DEV101,18.602137,73.930021,2026-09-18 06:29:00
DEV039,18.644657,73.801288,2026-09-18 06:29:00
DEV209,18.53915,73.853321,2026-09-18 06:29:00
DEV973,18.533224,73.84448,2026-09-18 06:29:00
DEV291,18.499971,73.769222,2026-09-18 06:29:00
DEV950,18.649034,73.927033,2026-09-18 06:29:00
DEV875,18.560454,73.809472,2026-09-18 06:29:00
DEV851,18.587698,73.80394,2026-09-18 06:29:00
DEV161,18.506106,73.825735,2026-09-18 06:29:00
DEV023,18.565919,73.894303,2026-09-18 06:30:00
DEV557,18.535521,73.914186,2026-09-18 06:30:00
DEV759,18.574838,73.784491,2026-09-18 06:30:00
DEV710,18.565288,73.809851,2026-09-18 06:30:00
DEV334,18.485722,73.838704,2026-09-18 06:30:00
DEV518,18.46905,73.919935,2026-09-18 06:30:00
DEV820,18.513694,73.86911,2026-09-18 06:30:00
DEV220,18.632892,73.80623,2026-09-18 06:30:00
DEV187,18.497327,73.834047,2026-09-18 06:30:00
DEV123,18.519606,73.93957,2026-09-18 06:30:00
DEV571,18.485733,73.888527,2026-09-18 06:30:00
DEV029,18.612742,73.797546,2026-09-18 06:30:00
DEV181,18.59795,73.839443,2026-09-18 06:30:00
DEV816,18.627334,73.762197,2026-09-18 06:30:00
DEV392,18.61849,73.775645,2026-09-18 06:31:00
DEV062,18.493545,73.89745,2026-09-18 06:31:00
DEV730,18.582024,73.931852,2026-09-18 06:31:00
DEV549,18.500103,73.948724,2026-09-18 06:31:00
DEV835,18.624988,73.823017,2026-09-18 06:31:00
DEV176,18.623528,73.779009,2026-09-18 06:31:00
DEV400,18.647416,73.878876,2026-09-18 06:32:00
DEV263,18.537046,73.913793,2026-09-18 06:32:00
DEV952,18.578555,73.79001,2026-09-18 06:32:00
DEV604,18.565899,73.856762,2026-09-18 06:32:00
DEV489,18.478233,73.935426,2026-09-18 06:32:00
DEV420,18.578959,73.859199,2026-09-18 06:32:00
DEV021,18.587038,73.80831,2026-09-18 06:33:00
DEV226,18.604138,73.937913,2026-09-18 06:33:00
DEV082,18.621532,73.822834,2026-09-18 06:33:00
DEV695,18.501023,73.917606,2026-09-18 06:33:00
DEV853,18.635333,73.872072,2026-09-18 06:33:00
DEV743,18.648143,73.865826,2026-09-18 06:33:00
DEV532,18.566264,73.889091,2026-09-18 06:33:00
DEV567,18.482859,73.787968,2026-09-18 06:33:00
DEV770,18.533318,73.948135,2026-09-18 06:33:00
DEV490,18.452069,73.932552,2026-09-18 06:34:00
DEV212,18.51321,73.783328,2026-09-18 06:34:00
DEV945,18.530542,73.805804,2026-09-18 06:34:00
DEV160,18.536242,73.821535,2026-09-18 06:34:00
DEV747,18.534508,73.772931,2026-09-18 06:34:00
DEV823,18.481135,73.757798,2026-09-18 06:34:00
DEV522,18.632702,73.860941,2026-09-18 06:34:00
DEV427,18.627769,73.897404,2026-09-18 06:34:00
DEV300,18.591176,73.84608,2026-09-18 06:34:00
DEV407,18.480627,73.893164,2026-09-18 06:34:00
DEV646,18.455105,73.762535,2026-09-18 06:34:00
DEV401,18.569628,73.864886,2026-09-18 06:34:00
DEV019,18.535246,73.892513,2026-09-18 06:35:00
DEV019,18.627325,73.870357,2026-09-18 06:35:00
DEV589,18.500592,73.861291,2026-09-18 06:35:00
DEV093,18.589399,73.803364,2026-09-18 06:35:00
DEV258,18.640615,73.752668,2026-09-18 06:35:00
DEV322,18.603245,73.858116,2026-09-18 06:35:00
DEV425,18.451063,73.948909,2026-09-18 06:35:00
DEV422,18.487987,73.781087,2026-09-18 06:35:00
DEV917,18.470928,73.836217,2026-09-18 06:36:00
DEV226,18.62349,73.818355,2026-09-18 06:36:00
DEV011,18.541617,73.94541,2026-09-18 06:36:00
DEV774,18.626747,73.846163,2026-09-18 06:36:00
DEV654,18.471706,73.790739,2026-09-18 06:36:00
DEV571,18.644385,73.809833,2026-09-18 06:36:00
DEV466,18.452854,73.871125,2026-09-18 06:36:00
DEV701,18.484383,73.820774,2026-09-18 06:36:00
DEV235,18.596779,73.841459,2026-09-18 06:36:00
DEV648,18.476898,73.947683,2026-09-18 06:36:00
DEV655,18.567525,73.926975,2026-09-18 06:37:00
DEV074,18.613291,73.830999,2026-09-18 06:37:00
DEV228,18.648366,73.799044,2026-09-18 06:37:00
DEV144,18.59298,73.873917,2026-09-18 06:37:00
DEV159,18.546546,73.932722,2026-09-18 06:37:00
DEV769,18.487759,73.888349,2026-09-18 06:37:00
DEV536,18.600495,73.820529,2026-09-18 06:37:00
DEV649,18.613438,73.906469,2026-09-18 06:37:00
DEV127,18.467357,73.759684,2026-09-18 06:37:00
DEV461,18.607038,73.817192,2026-09-18 06:37:00
DEV758,18.453641,73.921843,2026-09-18 06:37:00
DEV404,18.64169,73.812426,2026-09-18 06:37:00
DEV720,18.581666,73.879807,2026-09-18 06:37:00
DEV100,18.598687,73.822449,2026-09-18 06:37:00
DEV783,18.556023,73.897253,2026-09-18 06:38:00
DEV893,18.488676,73.864715,2026-09-18 06:38:00
DEV858,18.596049,73.774585,2026-09-18 06:38:00
DEV849,18.618392,73.815055,2026-09-18 06:38:00
DEV345,18.539207,73.839316,2026-09-18 06:38:00
DEV751,18.640633,73.901599,2026-09-18 06:39:00
DEV046,18.453676,73.772124,2026-09-18 06:39:00
DEV911,18.508316,73.774317,2026-09-18 06:39:00
DEV934,18.539501,73.880505,2026-09-18 06:39:00
DEV865,18.491952,73.774014,2026-09-18 06:39:00
DEV540,18.631991,73.848483,2026-09-18 06:39:00
DEV463,18.577745,73.802999,2026-09-18 06:39:00
DEV863,18.494963,73.845273,2026-09-18 06:39:00
DEV578,18.513111,73.796193,2026-09-18 06:39:00
DEV729,18.634092,73.827292,2026-09-18 06:39:00
DEV953,18.581145,73.833814,2026-09-18 06:40:00
DEV540,18.605819,73.882295,2026-09-18 06:40:00
DEV895,18.459764,73.949056,2026-09-18 06:40:00
DEV175,18.519287,73.758298,2026-09-18 06:40:00
DEV327,18.638375,73.819995,2026-09-18 06:40:00
DEV648,18.487546,73.931149,2026-09-18 06:40:00
DEV692,18.559756,73.890186,2026-09-18 06:40:00
DEV411,18.627266,73.84452,2026-09-18 06:40:00
DEV653,18.513637,73.755748,2026-09-18 06:41:00
DEV053,18.520156,73.880708,2026-09-18 06:41:00
DEV518,18.538075,73.827184,2026-09-18 06:41:00
DEV949,18.45517,73.778456,2026-09-18 06:41:00
DEV254,18.530338,73.790581,2026-09-18 06:41:00
DEV883,18.515264,73.943195,2026-09-18 06:41:00
DEV381,18.516702,73.794003,2026-09-18 06:41:00
DEV835,18.465747,73.910528,2026-09-18 06:41:00
DEV560,18.552104,73.785949,2026-09-18 06:41:00
DEV871,18.617575,73.852052,2026-09-18 06:42:00
DEV090,18.525639,73.787246,2026-09-18 06:42:00
DEV447,18.48405,73.890237,2026-09-18 06:42:00
DEV314,18.618994,73.869328,2026-09-18 06:42:00
DEV667,18.62758,73.828278,2026-09-18 06:42:00
DEV516,18.525348,73.824988,2026-09-18 06:42:00
DEV359,18.602807,73.809995,2026-09-18 06:42:00
DEV233,18.584411,73.800722,2026-09-18 06:42:00
DEV735,18.477445,73.946092,2026-09-18 06:42:00
DEV974,18.569577,73.912651,2026-09-18 06:42:00
DEV480,18.559091,73.936321,2026-09-18 06:42:00
DEV208,18.535501,73.931362,2026-09-18 06:42:00
DEV420,18.51477,73.900351,2026-09-18 06:43:00
DEV439,18.484466,73.861036,2026-09-18 06:43:00
DEV307,18.518043,73.780557,2026-09-18 06:43:00
DEV889,18.643851,73.917187,2026-09-18 06:43:00
DEV522,18.48547,73.907818,2026-09-18 06:43:00
DEV125,18.517093,73.838201,2026-09-18 06:43:00
DEV993,18.599503,73.949363,2026-09-18 06:43:00
DEV316,18.515752,73.778804,2026-09-18 06:43:00
DEV353,18.557051,73.933354,2026-09-18 06:43:00
DEV306,18.601175,73.777642,2026-09-18 06:43:00
DEV065,18.509995,73.907805,2026-09-18 06:44:00
DEV008,18.492092,73.820279,2026-09-18 06:44:00
DEV037,18.534831,73.817892,2026-09-18 06:44:00
DEV688,18.457337,73.948371,2026-09-18 06:44:00
DEV276,18.615106,73.873276,2026-09-18 06:44:00
DEV238,18.500067,73.855456,2026-09-18 06:44:00
DEV442,18.559325,73.826748,2026-09-18 06:44:00
DEV753,18.592186,73.908025,2026-09-18 06:45:00
DEV333,18.62706,73.875932,2026-09-18 06:45:00
DEV457,18.583095,73.846161,2026-09-18 06:45:00
DEV532,18.554405,73.924139,2026-09-18 06:45:00
DEV007,18.553833,73.823748,2026-09-18 06:45:00
DEV258,18.486059,73.814019,2026-09-18 06:45:00
DEV877,18.640143,73.798978,2026-09-18 06:45:00
DEV609,18.534612,73.948485,2026-09-18 06:45:00
DEV864,18.461447,73.857479,2026-09-18 06:45:00
DEV861,18.463951,73.854538,2026-09-18 06:45:00
DEV158,18.615007,73.946738,2026-09-18 06:45:00
DEV377,18.563813,73.918061,2026-09-18 06:46:00
DEV936,18.451561,73.866013,2026-09-18 06:46:00
DEV453,18.586191,73.838747,2026-09-18 06:46:00
DEV405,18.502701,73.779876,2026-09-18 06:46:00
DEV069,18.567621,73.825075,2026-09-18 06:46:00
DEV025,18.487956,73.751545,2026-09-18 06:46:00
DEV873,18.557717,73.833099,2026-09-18 06:46:00
DEV326,18.578555,73.861456,2026-09-18 06:46:00
DEV278,18.576998,73.924578,2026-09-18 06:47:00
DEV414,18.639795,73.817193,2026-09-18 06:47:00
DEV911,18.530455,73.88404,2026-09-18 06:47:00
DEV431,18.54964,73.896002,2026-09-18 06:47:00
DEV330,18.595842,73.882903,2026-09-18 06:47:00
DEV888,18.586545,73.8388,2026-09-18 06:47:00
DEV561,18.552268,73.791016,2026-09-18 06:47:00
DEV087,18.600494,73.81465,2026-09-18 06:48:00
DEV825,18.538044,73.840171,2026-09-18 06:48:00
DEV804,18.600216,73.847078,2026-09-18 06:48:00
DEV010,18.476466,73.931453,2026-09-18 06:48:00
DEV365,18.486579,73.808622,2026-09-18 06:48:00
DEV304,18.460498,73.791879,2026-09-18 06:48:00
DEV277,18.64964,73.774241,2026-09-18 06:48:00
DEV214,18.473122,73.802815,2026-09-18 06:48:00
DEV970,18.525145,73.828103,2026-09-18 06:48:00
DEV612,18.614099,73.750792,2026-09-18 06:48:00
DEV858,18.483408,73.820785,2026-09-18 06:48:00
DEV331,18.500746,73.797804,2026-09-18 06:48:00
DEV003,18.624883,73.868523,2026-09-18 06:48:00
DEV326,18.576815,73.862146,2026-09-18 06:49:00
DEV520,18.627317,73.942493,2026-09-18 06:49:00
DEV699,18.589777,73.873874,2026-09-18 06:49:00
DEV710,18.627184,73.880088,2026-09-18 06:49:00
DEV227,18.604655,73.871771,2026-09-18 06:49:00
DEV730,18.5274,73.814042,2026-09-18 06:49:00
DEV128,18.592551,73.908986,2026-09-18 06:50:00
DEV698,18.538412,73.763166,2026-09-18 06:50:00
DEV283,18.484623,73.756421,2026-09-18 06:50:00
DEV629,18.485863,73.947818,2026-09-18 06:50:00
DEV693,18.621018,73.939594,2026-09-18 06:51:00
DEV669,18.460449,73.887815,2026-09-18 06:51:00
DEV666,18.54372,73.888415,2026-09-18 06:51:00
DEV113,18.581999,73.807184,2026-09-18 06:51:00
DEV645,18.584529,73.781316,2026-09-18 06:51:00
DEV927,18.601778,73.826093,2026-09-18 06:51:00
DEV913,18.555425,73.923926,2026-09-18 06:51:00
DEV490,18.613565,73.903726,2026-09-18 06:51:00
DEV607,18.596026,73.799287,2026-09-18 06:51:00
DEV783,18.480724,73.883169,2026-09-18 06:51:00
DEV535,18.629971,73.771502,2026-09-18 06:51:00
DEV857,18.566922,73.776684,2026-09-18 06:51:00
DEV696,18.454348,73.879214,2026-09-18 06:51:00
DEV944,18.521673,73.761775,2026-09-18 06:51:00
DEV983,18.522665,73.792808,2026-09-18 06:51:00
DEV331,18.568425,73.891506,2026-09-18 06:51:00
DEV278,18.532645,73.882872,2026-09-18 06:51:00
DEV139,18.521958,73.894904,2026-09-18 06:52:00
DEV669,18.497942,73.910985,2026-09-18 06:52:00
DEV165,18.479968,73.804726,2026-09-18 06:52:00
DEV364,18.530303,73.80144,2026-09-18 06:52:00
DEV440,18.504272,73.835217,2026-09-18 06:52:00
DEV016,18.579027,73.821059,2026-09-18 06:52:00
DEV529,18.609936,73.835156,2026-09-18 06:52:00
DEV635,18.584565,73.801443,2026-09-18 06:52:00
DEV721,18.55624,73.903165,2026-09-18 06:52:00
DEV557,18.580954,73.847233,2026-09-18 06:53:00
DEV480,18.637606,73.907942,2026-09-18 06:53:00
DEV836,18.508653,73.797682,2026-09-18 06:53:00
DEV823,18.500807,73.854056,2026-09-18 06:53:00
DEV263,18.533477,73.902369,2026-09-18 06:53:00
DEV082,18.57256,73.927642,2026-09-18 06:53:00
DEV990,18.543261,73.781942,2026-09-18 06:53:00
DEV942,18.587215,73.932671,2026-09-18 06:53:00
DEV078,18.498136,73.855486,2026-09-18 06:53:00
DEV892,18.51997,73.913335,2026-09-18 06:53:00
DEV588,18.523776,73.777126,2026-09-18 06:53:00
DEV778,18.457153,73.755722,2026-09-18 06:54:00
DEV038,18.453712,73.932498,2026-09-18 06:54:00
DEV156,18.502644,73.935758,2026-09-18 06:54:00
DEV511,18.515755,73.770582,2026-09-18 06:54:00
DEV179,18.513393,73.862622,2026-09-18 06:54:00
DEV134,18.627015,73.827794,2026-09-18 06:54:00
DEV025,18.492697,73.780059,2026-09-18 06:54:00
DEV612,18.602849,73.755646,2026-09-18 06:54:00
DEV558,18.535427,73.788338,2026-09-18 06:54:00
DEV825,18.522026,73.782429,2026-09-18 06:54:00
DEV845,18.573102,73.752052,2026-09-18 06:54:00
DEV735,18.52046,73.799002,2026-09-18 06:55:00
DEV355,18.499031,73.855953,2026-09-18 06:55:00
DEV996,18.536402,73.907755,2026-09-18 06:55:00
DEV658,18.640222,73.786955,2026-09-18 06:55:00
DEV568,18.456976,73.887136,2026-09-18 06:55:00
DEV316,18.596524,73.890248,2026-09-18 06:55:00
DEV800,18.579489,73.821666,2026-09-18 06:56:00
DEV526,18.499971,73.770282,2026-09-18 06:56:00
DEV429,18.462571,73.761782,2026-09-18 06:56:00
DEV618,18.521107,73.764404,2026-09-18 06:56:00
DEV445,18.640663,73.764742,2026-09-18 06:56:00
DEV185,18.479473,73.751972,2026-09-18 06:56:00
DEV698,18.642114,73.75351,2026-09-18 06:56:00
DEV614,18.544069,73.79658,2026-09-18 06:56:00
DEV675,18.462441,73.917651,2026-09-18 06:56:00
DEV752,18.63352,73.814929,2026-09-18 06:57:00
DEV111,18.603031,73.869875,2026-09-18 06:57:00
DEV628,18.514534,73.853821,2026-09-18 06:57:00
DEV482,18.517022,73.794166,2026-09-18 06:57:00
DEV679,18.462485,73.753999,2026-09-18 06:57:00
DEV758,18.475168,73.924153,2026-09-18 06:57:00
DEV235,18.461925,73.854115,2026-09-18 06:57:00
DEV785,18.457116,73.755523,2026-09-18 06:57:00
DEV857,18.513474,73.815669,2026-09-18 06:58:00
DEV018,18.591419,73.788018,2026-09-18 06:58:00
DEV996,18.544714,73.77897,2026-09-18 06:58:00
DEV787,18.544308,73.767196,2026-09-18 06:58:00
DEV513,18.518193,73.754664,2026-09-18 06:58:00
DEV686,18.51678,73.85628,2026-09-18 06:59:00
DEV912,18.647297,73.84483,2026-09-18 06:59:00
DEV206,18.496609,73.915863,2026-09-18 06:59:00
DEV607,18.614925,73.93632,2026-09-18 06:59:00
DEV653,18.623693,73.781203,2026-09-18 06:59:00
DEV249,18.570218,73.838141,2026-09-18 06:59:00
DEV952,18.477657,73.830062,2026-09-18 06:59:00
DEV814,18.568062,73.806553,2026-09-18 06:59:00
DEV013,18.641463,73.940085,2026-09-18 06:59:00
DEV026,18.58704,73.774651,2026-09-18 06:59:00
DEV184,18.452716,73.768192,2026-09-18 07:00:00
DEV075,18.583559,73.910193,2026-09-18 07:00:00
DEV943,18.521169,73.761121,2026-09-18 07:00:00
DEV917,18.578711,73.829556,2026-09-18 07:00:00
DEV857,18.509601,73.848009,2026-09-18 07:00:00
DEV449,18.452485,73.936162,2026-09-18 07:00:00
DEV050,18.4958,73.753399,2026-09-18 07:01:00
DEV056,18.513291,73.851109,2026-09-18 07:01:00
DEV778,18.632374,73.765894,2026-09-18 07:01:00
DEV226,18.510253,73.900313,2026-09-18 07:01:00
DEV467,18.637647,73.802688,2026-09-18 07:01:00
DEV043,18.60476,73.899028,2026-09-18 07:01:00
DEV103,18.62775,73.859064,2026-09-18 07:01:00
DEV156,18.582613,73.851221,2026-09-18 07:01:00
DEV804,18.521998,73.788402,2026-09-18 07:02:00
DEV380,18.543376,73.892521,2026-09-18 07:02:00
DEV816,18.554839,73.933993,2026-09-18 07:02:00
DEV199,18.518635,73.763057,2026-09-18 07:02:00
DEV288,18.561923,73.894996,2026-09-18 07:02:00
DEV012,18.556849,73.802903,2026-09-18 07:02:00
DEV926,18.48932,73.948847,2026-09-18 07:02:00
DEV896,18.632133,73.889463,2026-09-18 07:02:00
DEV781,18.470057,73.823462,2026-09-18 07:02:00
DEV304,18.511051,73.855699,2026-09-18 07:03:00
DEV156,18.626134,73.937018,2026-09-18 07:03:00
DEV471,18.598091,73.857627,2026-09-18 07:03:00
DEV999,18.502792,73.76848,2026-09-18 07:03:00
DEV089,18.628269,73.868792,2026-09-18 07:03:00
DEV772,18.62852,73.872164,2026-09-18 07:03:00
DEV849,18.576838,73.949756,2026-09-18 07:03:00
DEV423,18.468484,73.757738,2026-09-18 07:03:00
DEV561,18.556786,73.938397,2026-09-18 07:03:00
DEV762,18.614455,73.770631,2026-09-18 07:03:00
DEV168,18.621662,73.755086,2026-09-18 07:04:00
DEV007,18.533033,73.902407,2026-09-18 07:04:00
DEV962,18.554197,73.750693,2026-09-18 07:04:00
DEV891,18.618885,73.751633,2026-09-18 07:04:00
DEV986,18.597463,73.909149,2026-09-18 07:04:00
DEV243,18.521977,73.826672,2026-09-18 07:04:00
DEV888,18.571494,73.849451,2026-09-18 07:04:00
DEV781,18.522253,73.921488,2026-09-18 07:04:00
DEV443,18.528058,73.869139,2026-09-18 07:04:00
DEV683,18.536813,73.87125,2026-09-18 07:04:00
DEV670,18.46132,73.862781,2026-09-18 07:04:00
DEV280,18.645731,73.754781,2026-09-18 07:05:00
DEV386,18.479703,73.835267,2026-09-18 07:05:00
DEV340,18.568723,73.945033,2026-09-18 07:05:00
DEV185,18.606337,73.893262,2026-09-18 07:05:00
DEV659,18.505217,73.787605,2026-09-18 07:05:00
DEV173,18.456068,73.921146,2026-09-18 07:05:00
DEV429,18.634535,73.856856,2026-09-18 07:05:00
DEV119,18.549941,73.774105,2026-09-18 07:05:00
DEV374,18.603708,73.919084,2026-09-18 07:05:00
DEV666,18.557441,73.9184,2026-09-18 07:05:00
DEV312,18.591375,73.881551,2026-09-18 07:05:00
DEV506,18.5395,73.93321,2026-09-18 07:06:00
DEV345,18.528017,73.81355,2026-09-18 07:06:00
DEV643,18.551512,73.943092,2026-09-18 07:06:00
DEV324,18.624998,73.782574,2026-09-18 07:06:00
DEV343,18.598726,73.921285,2026-09-18 07:06:00
DEV763,18.504666,73.84184,2026-09-18 07:06:00
DEV342,18.581889,73.878794,2026-09-18 07:06:00
DEV981,18.573345,73.877486,2026-09-18 07:07:00
DEV736,18.594589,73.929316,2026-09-18 07:07:00
DEV570,18.604549,73.924168,2026-09-18 07:07:00
DEV873,18.598833,73.926135,2026-09-18 07:07:00
DEV349,18.534929,73.847006,2026-09-18 07:07:00
DEV534,18.489387,73.940455,2026-09-18 07:07:00
DEV211,18.467547,73.817407,2026-09-18 07:07:00
DEV084,18.621748,73.767142,2026-09-18 07:07:00
DEV922,18.600066,73.928472,2026-09-18 07:07:00
DEV859,18.528932,73.943398,2026-09-18 07:07:00
DEV885,18.567823,73.834386,2026-09-18 07:07:00
DEV141,18.477384,73.881402,2026-09-18 07:07:00
DEV160,18.47405,73.896133,2026-09-18 07:07:00
DEV835,18.514639,73.904701,2026-09-18 07:08:00
DEV321,18.595271,73.818863,2026-09-18 07:08:00
DEV122,18.611586,73.854257,2026-09-18 07:08:00
DEV794,18.519752,73.770778,2026-09-18 07:08:00
DEV933,18.586263,73.783358,2026-09-18 07:08:00
DEV990,18.45216,73.805611,2026-09-18 07:08:00
DEV420,18.637387,73.896624,2026-09-18 07:08:00
DEV551,18.495952,73.923268,2026-09-18 07:08:00
DEV825,18.450783,73.845079,2026-09-18 07:08:00
DEV446,18.527176,73.788503,2026-09-18 07:08:00
DEV002,18.522194,73.804933,2026-09-18 07:09:00
DEV895,18.574461,73.884727,2026-09-18 07:09:00
DEV752,18.641915,73.875677,2026-09-18 07:09:00
DEV776,18.579064,73.933366,2026-09-18 07:09:00
DEV092,18.568697,73.934456,2026-09-18 07:09:00
DEV141,18.497658,73.93353,2026-09-18 07:09:00
DEV468,18.6225,73.908033,2026-09-18 07:09:00
DEV034,18.626482,73.922024,2026-09-18 07:09:00
DEV865,18.494932,73.929352,2026-09-18 07:09:00
DEV613,18.607018,73.859139,2026-09-18 07:09:00
DEV860,18.618365,73.769292,2026-09-18 07:09:00
DEV251,18.625822,73.94002,2026-09-18 07:09:00
DEV762,18.516467,73.898735,2026-09-18 07:10:00
DEV326,18.570247,73.790901,2026-09-18 07:10:00
DEV607,18.477443,73.942382,2026-09-18 07:10:00
DEV613,18.575029,73.826589,2026-09-18 07:10:00
DEV356,18.604729,73.82002,2026-09-18 07:10:00
DEV496,18.485352,73.814467,2026-09-18 07:10:00
DEV283,18.514754,73.948613,2026-09-18 07:10:00
DEV375,18.569941,73.852668,2026-09-18 07:10:00
DEV682,18.489352,73.931567,2026-09-18 07:11:00
DEV182,18.49523,73.827333,2026-09-18 07:11:00
DEV414,18.493796,73.777879,2026-09-18 07:11:00
DEV598,18.514781,73.917715,2026-09-18 07:11:00
DEV146,18.647339,73.867968,2026-09-18 07:11:00
DEV490,18.456943,73.763701,2026-09-18 07:11:00
DEV708,18.600586,73.849069,2026-09-18 07:11:00
DEV105,18.48973,73.868714,2026-09-18 07:11:00
DEV461,18.537208,73.754075,2026-09-18 07:11:00
DEV708,18.474409,73.777154,2026-09-18 07:11:00
DEV451,18.615992,73.899639,2026-09-18 07:11:00
DEV726,18.562042,73.806564,2026-09-18 07:11:00
DEV207,18.534311,73.92041,2026-09-18 07:11:00
DEV943,18.531215,73.918528,2026-09-18 07:12:00
DEV562,18.624145,73.764005,2026-09-18 07:12:00
DEV719,18.648573,73.831609,2026-09-18 07:12:00
DEV254,18.606991,73.81865,2026-09-18 07:12:00
DEV777,18.58168,73.931108,2026-09-18 07:12:00
DEV109,18.483108,73.839414,2026-09-18 07:12:00
DEV546,18.455594,73.920227,2026-09-18 07:12:00
DEV971,18.502079,73.812059,2026-09-18 07:12:00
DEV660,18.629081,73.947837,2026-09-18 07:12:00
DEV208,18.475514,73.830801,2026-09-18 07:12:00
DEV647,18.567244,73.82138,2026-09-18 07:12:00
DEV686,18.63441,73.840438,2026-09-18 07:12:00
DEV548,18.593803,73.819097,2026-09-18 07:13:00
DEV377,18.461141,73.792817,2026-09-18 07:13:00
DEV263,18.623247,73.827496,2026-09-18 07:13:00
DEV176,18.464866,73.877602,2026-09-18 07:13:00
DEV041,18.465931,73.812204,2026-09-18 07:13:00
DEV984,18.510505,73.854254,2026-09-18 07:13:00
DEV572,18.616539,73.808195,2026-09-18 07:13:00
DEV108,18.623659,73.909294,2026-09-18 07:14:00
DEV812,18.476005,73.835978,2026-09-18 07:14:00
DEV720,18.473734,73.861759,2026-09-18 07:14:00
DEV663,18.479842,73.80535,2026-09-18 07:14:00
DEV089,18.482531,73.778925,2026-09-18 07:14:00
DEV882,18.560938,73.866772,2026-09-18 07:14:00
DEV518,18.624603,73.889442,2026-09-18 07:14:00
DEV463,18.551903,73.865664,2026-09-18 07:14:00
DEV732,18.553097,73.858375,2026-09-18 07:14:00
DEV541,18.598303,73.78816,2026-09-18 07:15:00
DEV943,18.523704,73.876212,2026-09-18 07:15:00
DEV662,18.56747,73.898985,2026-09-18 07:15:00
DEV121,18.587622,73.843385,2026-09-18 07:15:00
DEV897,18.648343,73.911592,2026-09-18 07:15:00
DEV201,18.601782,73.88125,2026-09-18 07:15:00
DEV506,18.466561,73.761115,2026-09-18 07:15:00
DEV021,18.644303,73.919948,2026-09-18 07:15:00
DEV364,18.471852,73.843381,2026-09-18 07:15:00
DEV700,18.517066,73.804377,2026-09-18 07:15:00
DEV133,18.504278,73.816637,2026-09-18 07:16:00
DEV715,18.594245,73.878727,2026-09-18 07:16:00
DEV601,18.46458,73.761944,2026-09-18 07:16:00
DEV042,18.479403,73.914013,2026-09-18 07:16:00
DEV528,18.52988,73.94054,2026-09-18 07:16:00
DEV066,18.478321,73.910327,2026-09-18 07:16:00
DEV425,18.457436,73.944289,2026-09-18 07:16:00
DEV935,18.472654,73.774003,2026-09-18 07:16:00
DEV505,18.606644,73.854509,2026-09-18 07:17:00
DEV860,18.644858,73.767757,2026-09-18 07:17:00
DEV103,18.494595,73.823505,2026-09-18 07:17:00
DEV013,18.634974,73.812605,2026-09-18 07:17:00
DEV562,18.459287,73.895386,2026-09-18 07:17:00
DEV294,18.63532,73.7798,2026-09-18 07:17:00
DEV744,18.494207,73.819808,2026-09-18 07:17:00
DEV631,18.590994,73.784435,2026-09-18 07:17:00
DEV796,18.497267,73.846403,2026-09-18 07:17:00
DEV434,18.578736,73.834306,2026-09-18 07:17:00
DEV803,18.582867,73.903355,2026-09-18 07:18:00
DEV380,18.520993,73.897668,2026-09-18 07:18:00
DEV950,18.451176,73.78758,2026-09-18 07:18:00
DEV755,18.585536,73.893095,2026-09-18 07:18:00
DEV029,18.48536,73.770086,2026-09-18 07:18:00
DEV348,18.474939,73.79855,2026-09-18 07:18:00
DEV832,18.642396,73.857338,2026-09-18 07:18:00
DEV774,18.450465,73.752388,2026-09-18 07:18:00
DEV824,18.481329,73.760108,2026-09-18 07:18:00
DEV308,18.608043,73.840145,2026-09-18 07:18:00
DEV519,18.534665,73.79479,2026-09-18 07:18:00
DEV047,18.462579,73.902531,2026-09-18 07:19:00
DEV516,18.554347,73.873832,2026-09-18 07:19:00
DEV600,18.492126,73.782323,2026-09-18 07:19:00
DEV611,18.486839,73.844668,2026-09-18 07:19:00
DEV830,18.52711,73.757977,2026-09-18 07:19:00
DEV833,18.641713,73.908171,2026-09-18 07:19:00
DEV731,18.574058,73.926419,2026-09-18 07:19:00
DEV881,18.521867,73.847819,2026-09-18 07:19:00
DEV648,18.47388,73.852021,2026-09-18 07:19:00
DEV430,18.511694,73.812514,2026-09-18 07:19:00
DEV666,18.51123,73.828961,2026-09-18 07:20:00
DEV986,18.59549,73.772542,2026-09-18 07:20:00
DEV154,18.487522,73.897195,2026-09-18 07:20:00
DEV349,18.634397,73.785567,2026-09-18 07:20:00
DEV896,18.571069,73.847707,2026-09-18 07:20:00
DEV582,18.469119,73.832117,2026-09-18 07:20:00
DEV220,18.538153,73.836739,2026-09-18 07:21:00
DEV154,18.520944,73.772157,2026-09-18 07:21:00
DEV471,18.548951,73.852488,2026-09-18 07:21:00
DEV585,18.630507,73.825489,2026-09-18 07:21:00
DEV483,18.46128,73.765406,2026-09-18 07:21:00
DEV700,18.611271,73.751704,2026-09-18 07:21:00
DEV074,18.627638,73.793304,2026-09-18 07:21:00
DEV519,18.476805,73.946077,2026-09-18 07:21:00
DEV559,18.503299,73.779507,2026-09-18 07:21:00
DEV790,18.527931,73.894529,2026-09-18 07:21:00
DEV416,18.611588,73.864555,2026-09-18 07:21:00
DEV759,18.567318,73.91679,2026-09-18 07:21:00
DEV963,18.452615,73.815596,2026-09-18 07:21:00
DEV837,18.619989,73.842119,2026-09-18 07:21:00
DEV832,18.543962,73.851465,2026-09-18 07:21:00
DEV323,18.567537,73.861638,2026-09-18 07:21:00
DEV271,18.623114,73.789317,2026-09-18 07:22:00
DEV816,18.588655,73.912684,2026-09-18 07:22:00
DEV059,18.539096,73.842779,2026-09-18 07:22:00
DEV891,18.598867,73.775026,2026-09-18 07:22:00
DEV302,18.515342,73.81111,2026-09-18 07:22:00
DEV936,18.510657,73.825407,2026-09-18 07:22:00
DEV389,18.552004,73.816442,2026-09-18 07:22:00
DEV742,18.532953,73.93606,2026-09-18 07:22:00
DEV217,18.649362,73.858588,2026-09-18 07:22:00
DEV971,18.511946,73.848784,2026-09-18 07:22:00
DEV524,18.47696,73.888524,2026-09-18 07:22:00
DEV966,18.466878,73.757172,2026-09-18 07:22:00
DEV740,18.593453,73.861139,2026-09-18 07:22:00
DEV983,18.581241,73.931259,2026-09-18 07:22:00
DEV949,18.534067,73.839991,2026-09-18 07:22:00
DEV441,18.646929,73.939654,2026-09-18 07:23:00
DEV819,18.522675,73.760782,2026-09-18 07:23:00
DEV732,18.463177,73.772467,2026-09-18 07:23:00
DEV173,18.589594,73.836852,2026-09-18 07:23:00
DEV752,18.541864,73.861551,2026-09-18 07:23:00
DEV670,18.599647,73.81068,2026-09-18 07:23:00
DEV527,18.498594,73.876169,2026-09-18 07:23:00
DEV060,18.46825,73.878174,2026-09-18 07:23:00
DEV132,18.617148,73.810974,2026-09-18 07:24:00
DEV672,18.470176,73.89439,2026-09-18 07:24:00
DEV725,18.551986,73.781263,2026-09-18 07:24:00
DEV298,18.557915,73.805895,2026-09-18 07:24:00
DEV460,18.468307,73.752867,2026-09-18 07:24:00
DEV211,18.543471,73.930726,2026-09-18 07:24:00
DEV446,18.517269,73.832099,2026-09-18 07:24:00
DEV685,18.564021,73.816203,2026-09-18 07:24:00
DEV651,18.487698,73.81208,2026-09-18 07:24:00
DEV023,18.578006,73.814101,2026-09-18 07:24:00
DEV533,18.506922,73.790324,2026-09-18 07:25:00
DEV305,18.5948,73.880836,2026-09-18 07:25:00
DEV387,18.506935,73.765495,2026-09-18 07:25:00
DEV272,18.548918,73.750698,2026-09-18 07:25:00
DEV442,18.647698,73.924072,2026-09-18 07:25:00
DEV562,18.485078,73.819744,2026-09-18 07:25:00
DEV422,18.588503,73.798947,2026-09-18 07:25:00
DEV720,18.59131,73.935209,2026-09-18 07:26:00
DEV532,18.601177,73.819518,2026-09-18 07:26:00
DEV828,18.464363,73.804041,2026-09-18 07:26:00
DEV978,18.635512,73.751532,2026-09-18 07:26:00
DEV899,18.502325,73.792203,2026-09-18 07:26:00
DEV060,18.619758,73.852735,2026-09-18 07:26:00
DEV689,18.502607,73.830958,2026-09-18 07:26:00
DEV162,18.634862,73.802852,2026-09-18 07:26:00
DEV824,18.454473,73.820102,2026-09-18 07:26:00
DEV834,18.488785,73.940308,2026-09-18 07:26:00
DEV482,18.498661,73.808517,2026-09-18 07:26:00
DEV342,18.545204,73.835021,2026-09-18 07:26:00
DEV178,18.612217,73.941202,2026-09-18 07:27:00
DEV672,18.59946,73.758704,2026-09-18 07:27:00
DEV250,18.590484,73.82265,2026-09-18 07:27:00
DEV415,18.579905,73.794078,2026-09-18 07:27:00
DEV611,18.545016,73.870044,2026-09-18 07:27:00
DEV653,18.619514,73.807765,2026-09-18 07:27:00
DEV446,18.595983,73.766184,2026-09-18 07:27:00
DEV591,18.615721,73.883582,2026-09-18 07:27:00
DEV817,18.476694,73.814228,2026-09-18 07:27:00
DEV059,18.6177,73.790631,2026-09-18 07:27:00
DEV686,18.630133,73.817417,2026-09-18 07:27:00
DEV760,18.543865,73.794914,2026-09-18 07:28:00
DEV665,18.505052,73.894266,2026-09-18 07:28:00
DEV058,18.647285,73.869183,2026-09-18 07:28:00
DEV335,18.517815,73.867542,2026-09-18 07:28:00
DEV436,18.480793,73.841072,2026-09-18 07:28:00
DEV947,18.583027,73.899997,2026-09-18 07:28:00
DEV619,18.507426,73.841956,2026-09-18 07:28:00
DEV835,18.514318,73.800867,2026-09-18 07:28:00
DEV129,18.508792,73.893245,2026-09-18 07:28:00
DEV242,18.61049,73.758895,2026-09-18 07:28:00
DEV293,18.585579,73.890182,2026-09-18 07:28:00
DEV615,18.583866,73.908995,2026-09-18 07:28:00
DEV826,18.502605,73.877908,2026-09-18 07:28:00
DEV088,18.647161,73.903921,2026-09-18 07:28:00
DEV491,18.533626,73.763201,2026-09-18 07:28:00
DEV874,18.600563,73.924413,2026-09-18 07:29:00
DEV083,18.466858,73.78815,2026-09-18 07:29:00
DEV489,18.533669,73.890569,2026-09-18 07:29:00
DEV792,18.541094,73.779214,2026-09-18 07:29:00
DEV940,18.550085,73.762162,2026-09-18 07:29:00
DEV551,18.51409,73.848263,2026-09-18 07:29:00
DEV061,18.627397,73.80576,2026-09-18 07:29:00
DEV540,18.530169,73.80323,2026-09-18 07:29:00
DEV341,18.566066,73.778634,2026-09-18 07:29:00
DEV702,18.609132,73.855018,2026-09-18 07:29:00
DEV879,18.472511,73.887144,2026-09-18 07:29:00
DEV104,18.520256,73.815645,2026-09-18 07:29:00
DEV736,18.493266,73.800208,2026-09-18 07:29:00
DEV532,18.546124,73.925637,2026-09-18 07:29:00
DEV029,18.584936,73.898809,2026-09-18 07:29:00
DEV012,18.571466,73.866491,2026-09-18 07:29:00
DEV938,18.595672,73.759181,2026-09-18 07:29:00
DEV776,18.542367,73.871529,2026-09-18 07:29:00
DEV043,18.457444,73.752866,2026-09-18 07:30:00
DEV326,18.54735,73.81658,2026-09-18 07:30:00
DEV700,18.580737,73.768048,2026-09-18 07:30:00
DEV888,18.559284,73.792153,2026-09-18 07:30:00
DEV996,18.568738,73.904183,2026-09-18 07:30:00
DEV771,18.625024,73.85384,2026-09-18 07:30:00
DEV856,18.543509,73.803851,2026-09-18 07:30:00
DEV602,18.572381,73.799394,2026-09-18 07:31:00
DEV331,18.497962,73.848557,2026-09-18 07:31:00
DEV188,18.539124,73.885928,2026-09-18 07:31:00
DEV144,18.477411,73.84776,2026-09-18 07:31:00
DEV916,18.563061,73.900152,2026-09-18 07:31:00
DEV800,18.63244,73.803518,2026-09-18 07:31:00
DEV411,18.50123,73.824597,2026-09-18 07:31:00
DEV937,18.635882,73.817031,2026-09-18 07:32:00
DEV541,18.589954,73.763477,2026-09-18 07:32:00
DEV528,18.648017,73.912643,2026-09-18 07:32:00
DEV986,18.603121,73.916181,2026-09-18 07:32:00
DEV754,18.632043,73.7635,2026-09-18 07:32:00
DEV808,18.574983,73.789509,2026-09-18 07:32:00
DEV673,18.570051,73.847893,2026-09-18 07:32:00
DEV191,18.523016,73.909698,2026-09-18 07:32:00
DEV367,18.642148,73.893165,2026-09-18 07:32:00
DEV137,18.642572,73.800461,2026-09-18 07:32:00
DEV517,18.493122,73.869989,2026-09-18 07:32:00
DEV584,18.526832,73.892465,2026-09-18 07:32:00
DEV187,18.640138,73.777513,2026-09-18 07:33:00
DEV349,18.551248,73.865617,2026-09-18 07:33:00
DEV182,18.647735,73.933602,2026-09-18 07:33:00
DEV073,18.461902,73.843213,2026-09-18 07:33:00
DEV178,18.648356,73.896924,2026-09-18 07:33:00
DEV233,18.579119,73.776668,2026-09-18 07:33:00
DEV002,18.499513,73.848494,2026-09-18 07:33:00
DEV561,18.48434,73.864533,2026-09-18 07:33:00
DEV668,18.512224,73.750284,2026-09-18 07:33:00
DEV079,18.646704,73.849255,2026-09-18 07:33:00
DEV837,18.46664,73.837451,2026-09-18 07:34:00
DEV588,18.519146,73.943031,2026-09-18 07:34:00
DEV340,18.601485,73.760535,2026-09-18 07:34:00
DEV648,18.509699,73.822551,2026-09-18 07:34:00
DEV386,18.546571,73.943962,2026-09-18 07:34:00
DEV069,18.45211,73.920587,2026-09-18 07:34:00
DEV514,18.494895,73.892057,2026-09-18 07:34:00
DEV906,18.555116,73.89625,2026-09-18 07:34:00
DEV452,18.517628,73.831314,2026-09-18 07:35:00
DEV113,18.450024,73.831568,2026-09-18 07:35:00
DEV268,18.638486,73.854908,2026-09-18 07:35:00
DEV455,18.578526,73.851217,2026-09-18 07:35:00
DEV999,18.587729,73.795618,2026-09-18 07:35:00
DEV764,18.538837,73.88448,2026-09-18 07:35:00
DEV249,18.586011,73.881393,2026-09-18 07:35:00
DEV801,18.632753,73.814052,2026-09-18 07:35:00
DEV227,18.643082,73.898104,2026-09-18 07:35:00
DEV008,18.550747,73.836088,2026-09-18 07:35:00
DEV026,18.470099,73.903554,2026-09-18 07:35:00
DEV030,18.629245,73.909631,2026-09-18 07:36:00
DEV418,18.492116,73.763721,2026-09-18 07:36:00
DEV897,18.528646,73.796534,2026-09-18 07:36:00
DEV329,18.618221,73.84214,2026-09-18 07:36:00
DEV001,18.520242,73.916629,2026-09-18 07:36:00
DEV217,18.480399,73.801562,2026-09-18 07:37:00
DEV087,18.574164,73.85192,2026-09-18 07:37:00
DEV226,18.586113,73.823459,2026-09-18 07:37:00
DEV872,18.584332,73.835668,2026-09-18 07:37:00
DEV533,18.60731,73.84345,2026-09-18 07:37:00
DEV597,18.592788,73.947966,2026-09-18 07:37:00
DEV390,18.62144,73.943259,2026-09-18 07:37:00
DEV916,18.461022,73.891432,2026-09-18 07:37:00
DEV853,18.467211,73.773469,2026-09-18 07:37:00
DEV399,18.463336,73.881812,2026-09-18 07:37:00
DEV914,18.579422,73.879521,2026-09-18 07:37:00
DEV092,18.493492,73.791679,2026-09-18 07:37:00
DEV562,18.53103,73.781468,2026-09-18 07:37:00
DEV959,18.632888,73.886664,2026-09-18 07:37:00
DEV771,18.519603,73.94307,2026-09-18 07:38:00
DEV137,18.47719,73.825222,2026-09-18 07:38:00
DEV687,18.483808,73.899949,2026-09-18 07:38:00
DEV626,18.587958,73.809989,2026-09-18 07:38:00
DEV554,18.483652,73.79187,2026-09-18 07:38:00
DEV188,18.496924,73.90888,2026-09-18 07:38:00
DEV524,18.564783,73.880627,2026-09-18 07:38:00
DEV134,18.563821,73.812512,2026-09-18 07:38:00
DEV109,18.625337,73.778014,2026-09-18 07:38:00
DEV334,18.557417,73.839289,2026-09-18 07:38:00
DEV832,18.560432,73.787741,2026-09-18 07:39:00
DEV473,18.486573,73.862676,2026-09-18 07:39:00
DEV283,18.590194,73.792904,2026-09-18 07:39:00
DEV544,18.525379,73.805851,2026-09-18 07:39:00
DEV566,18.588025,73.79643,2026-09-18 07:39:00
DEV692,18.580712,73.881023,2026-09-18 07:39:00
DEV556,18.454428,73.890603,2026-09-18 07:39:00
DEV929,18.524575,73.89012,2026-09-18 07:39:00
DEV884,18.625367,73.926336,2026-09-18 07:39:00
DEV858,18.537459,73.763355,2026-09-18 07:39:00
DEV320,18.558016,73.928333,2026-09-18 07:40:00
DEV296,18.530898,73.880246,2026-09-18 07:40:00
DEV938,18.607849,73.808181,2026-09-18 07:40:00
DEV327,18.64972,73.906943,2026-09-18 07:40:00
DEV344,18.602977,73.775179,2026-09-18 07:40:00
DEV449,18.523929,73.863989,2026-09-18 07:40:00
DEV692,18.58652,73.922819,2026-09-18 07:40:00
DEV364,18.474526,73.798965,2026-09-18 07:40:00
DEV136,18.612343,73.865591,2026-09-18 07:41:00
DEV300,18.460873,73.883532,2026-09-18 07:41:00
DEV267,18.571131,73.829245,2026-09-18 07:41:00
DEV559,18.509938,73.789702,2026-09-18 07:41:00
DEV379,18.594404,73.88508,2026-09-18 07:41:00
DEV840,18.562224,73.812994,2026-09-18 07:41:00
DEV563,18.518373,73.827391,2026-09-18 07:41:00
DEV650,18.546351,73.831234,2026-09-18 07:41:00
DEV886,18.558787,73.80853,2026-09-18 07:41:00
DEV008,18.485889,73.844472,2026-09-18 07:41:00
DEV298,18.508726,73.914892,2026-09-18 07:41:00
DEV556,18.616046,73.868668,2026-09-18 07:41:00
DEV230,18.603715,73.755231,2026-09-18 07:41:00
DEV557,18.501742,73.753269,2026-09-18 07:41:00
DEV764,18.507827,73.862403,2026-09-18 07:42:00
DEV784,18.507181,73.865907,2026-09-18 07:42:00
DEV806,18.641005,73.83136,2026-09-18 07:42:00
DEV343,18.64088,73.828552,2026-09-18 07:42:00
DEV551,18.562825,73.82697,2026-09-18 07:42:00
DEV851,18.621033,73.838862,2026-09-18 07:42:00
DEV608,18.48286,73.751759,2026-09-18 07:42:00
DEV952,18.505543,73.819206,2026-09-18 07:42:00
DEV717,18.516173,73.868686,2026-09-18 07:42:00
DEV170,18.531748,73.844699,2026-09-18 07:43:00
DEV914,18.634942,73.936917,2026-09-18 07:43:00
DEV224,18.612523,73.778272,2026-09-18 07:43:00
DEV442,18.487724,73.762838,2026-09-18 07:43:00
DEV980,18.623285,73.872016,2026-09-18 07:43:00
DEV151,18.454062,73.792021,2026-09-18 07:43:00
DEV279,18.487407,73.900357,2026-09-18 07:44:00
DEV973,18.64911,73.792158,2026-09-18 07:44:00
DEV161,18.457179,73.823343,2026-09-18 07:44:00
DEV071,18.586667,73.785054,2026-09-18 07:44:00
DEV360,18.547026,73.858379,2026-09-18 07:44:00
DEV036,18.53951,73.859293,2026-09-18 07:44:00
DEV981,18.561001,73.945491,2026-09-18 07:44:00
DEV407,18.605467,73.766472,2026-09-18 07:44:00
DEV959,18.598061,73.911356,2026-09-18 07:44:00
DEV460,18.624662,73.890463,2026-09-18 07:44:00
DEV120,18.539854,73.86787,2026-09-18 07:44:00
DEV418,18.452203,73.930125,2026-09-18 07:44:00
DEV562,18.604357,73.77616,2026-09-18 07:44:00
DEV080,18.554515,73.822866,2026-09-18 07:45:00
DEV628,18.474923,73.879542,2026-09-18 07:45:00
DEV251,18.473984,73.779364,2026-09-18 07:45:00
DEV073,18.520605,73.841572,2026-09-18 07:45:00
DEV526,18.484434,73.927918,2026-09-18 07:45:00
DEV510,18.621439,73.847717,2026-09-18 07:45:00
DEV225,18.455789,73.908121,2026-09-18 07:45:00
DEV828,18.574463,73.878794,2026-09-18 07:45:00
DEV924,18.515824,73.783774,2026-09-18 07:45:00
DEV824,18.472327,73.753794,2026-09-18 07:45:00
DEV459,18.620465,73.938121,2026-09-18 07:45:00
DEV207,18.608399,73.782073,2026-09-18 07:45:00
DEV196,18.535947,73.942454,2026-09-18 07:45:00
DEV855,18.584218,73.895928,2026-09-18 07:45:00
DEV448,18.549138,73.778859,2026-09-18 07:45:00
DEV848,18.555044,73.923997,2026-09-18 07:45:00
DEV851,18.595321,73.822996,2026-09-18 07:45:00
DEV988,18.480791,73.816693,2026-09-18 07:45:00
DEV311,18.575823,73.881863,2026-09-18 07:45:00
DEV049,18.596942,73.812904,2026-09-18 07:45:00
DEV553,18.564627,73.879053,2026-09-18 07:46:00
DEV823,18.606881,73.857441,2026-09-18 07:46:00
DEV046,18.619528,73.897564,2026-09-18 07:46:00
DEV427,18.529346,73.793999,2026-09-18 07:46:00
DEV574,18.560826,73.790045,2026-09-18 07:46:00
DEV009,18.605801,73.911014,2026-09-18 07:46:00
DEV186,18.619128,73.863199,2026-09-18 07:46:00
DEV550,18.537604,73.863926,2026-09-18 07:46:00
DEV116,18.531222,73.891977,2026-09-18 07:46:00
DEV390,18.583673,73.922902,2026-09-18 07:46:00
DEV218,18.616642,73.769333,2026-09-18 07:46:00
DEV049,18.592473,73.799619,2026-09-18 07:46:00
DEV911,18.590164,73.855304,2026-09-18 07:47:00
DEV293,18.467688,73.925716,2026-09-18 07:47:00
DEV476,18.485439,73.920963,2026-09-18 07:47:00
DEV684,18.477376,73.896503,2026-09-18 07:47:00
DEV459,18.471225,73.753921,2026-09-18 07:47:00
DEV088,18.484678,73.765951,2026-09-18 07:47:00
DEV499,18.575187,73.890421,2026-09-18 07:47:00
DEV650,18.479471,73.839988,2026-09-18 07:47:00
DEV802,18.463054,73.836636,2026-09-18 07:48:00
DEV655,18.575111,73.836151,2026-09-18 07:48:00
DEV129,18.474068,73.900871,2026-09-18 07:48:00
DEV520,18.647434,73.911374,2026-09-18 07:48:00
DEV684,18.616398,73.863913,2026-09-18 07:48:00
DEV226,18.455277,73.888625,2026-09-18 07:48:00
DEV145,18.462225,73.801031,2026-09-18 07:48:00
DEV362,18.642925,73.926654,2026-09-18 07:49:00
DEV507,18.527606,73.86937,2026-09-18 07:49:00
DEV957,18.536011,73.865188,2026-09-18 07:49:00
DEV567,18.599238,73.75681,2026-09-18 07:49:00
DEV174,18.614504,73.793363,2026-09-18 07:49:00
DEV901,18.522669,73.855476,2026-09-18 07:49:00
DEV813,18.516259,73.908739,2026-09-18 07:49:00
DEV382,18.495569,73.8827,2026-09-18 07:49:00
DEV723,18.515338,73.94791,2026-09-18 07:50:00
DEV872,18.522194,73.837545,2026-09-18 07:50:00
DEV623,18.579747,73.777355,2026-09-18 07:50:00
DEV670,18.524727,73.906537,2026-09-18 07:50:00
DEV139,18.565662,73.825385,2026-09-18 07:50:00
DEV284,18.494557,73.864771,2026-09-18 07:50:00
DEV295,18.575004,73.945719,2026-09-18 07:50:00
DEV171,18.512209,73.892433,2026-09-18 07:50:00
DEV258,18.512101,73.930426,2026-09-18 07:51:00
DEV715,18.517622,73.833554,2026-09-18 07:51:00
DEV022,18.574919,73.908801,2026-09-18 07:51:00
DEV687,18.487752,73.813566,2026-09-18 07:51:00
DEV703,18.625475,73.892643,2026-09-18 07:51:00
DEV367,18.538748,73.93878,2026-09-18 07:51:00
DEV285,18.576986,73.84963,2026-09-18 07:51:00
DEV676,18.580173,73.763291,2026-09-18 07:51:00
DEV229,18.462269,73.844439,2026-09-18 07:52:00
DEV256,18.548796,73.947469,2026-09-18 07:52:00
DEV363,18.605589,73.760591,2026-09-18 07:52:00
DEV772,18.580469,73.903932,2026-09-18 07:52:00
DEV426,18.566209,73.762069,2026-09-18 07:52:00
DEV075,18.576424,73.815299,2026-09-18 07:52:00
DEV330,18.630145,73.932814,2026-09-18 07:52:00
DEV204,18.599499,73.898298,2026-09-18 07:52:00
DEV309,18.528818,73.936749,2026-09-18 07:53:00
DEV822,18.563555,73.784813,2026-09-18 07:53:00
DEV520,18.615348,73.94042,2026-09-18 07:53:00
DEV504,18.610133,73.785155,2026-09-18 07:53:00
DEV342,18.591454,73.867851,2026-09-18 07:53:00
DEV350,18.616607,73.937742,2026-09-18 07:53:00
DEV417,18.610653,73.947418,2026-09-18 07:53:00
DEV783,18.580497,73.917894,2026-09-18 07:53:00
DEV986,18.528003,73.778998,2026-09-18 07:54:00
DEV700,18.565926,73.800566,2026-09-18 07:54:00
DEV833,18.501298,73.917442,2026-09-18 07:54:00
DEV564,18.53354,73.948683,2026-09-18 07:54:00
DEV302,18.467416,73.864856,2026-09-18 07:54:00
DEV187,18.470233,73.838758,2026-09-18 07:54:00
DEV847,18.527354,73.76313,2026-09-18 07:54:00
DEV554,18.574965,73.798948,2026-09-18 07:54:00
DEV675,18.58159,73.892205,2026-09-18 07:54:00
DEV231,18.641169,73.777561,2026-09-18 07:54:00
DEV985,18.577541,73.917094,2026-09-18 07:54:00
DEV343,18.48664,73.791883,2026-09-18 07:55:00
DEV216,18.561336,73.878366,2026-09-18 07:55:00
DEV225,18.514649,73.766379,2026-09-18 07:55:00
DEV237,18.552741,73.856332,2026-09-18 07:55:00
DEV764,18.636332,73.771976,2026-09-18 07:55:00
DEV248,18.551669,73.785054,2026-09-18 07:56:00
DEV558,18.556139,73.840135,2026-09-18 07:56:00
DEV181,18.599909,73.863932,2026-09-18 07:56:00
DEV774,18.454011,73.806402,2026-09-18 07:56:00
DEV217,18.615385,73.819143,2026-09-18 07:56:00
DEV955,18.485576,73.905578,2026-09-18 07:56:00
DEV233,18.622791,73.827452,2026-09-18 07:56:00
DEV985,18.631204,73.75666,2026-09-18 07:56:00
DEV403,18.593073,73.948754,2026-09-18 07:56:00
DEV646,18.466946,73.837211,2026-09-18 07:57:00
DEV149,18.608214,73.795507,2026-09-18 07:57:00
DEV054,18.550928,73.933191,2026-09-18 07:57:00
DEV393,18.49737,73.831068,2026-09-18 07:57:00
DEV253,18.583951,73.824694,2026-09-18 07:57:00
DEV511,18.505654,73.823079,2026-09-18 07:57:00
DEV529,18.544057,73.903909,2026-09-18 07:57:00
DEV065,18.613142,73.786206,2026-09-18 07:57:00
DEV113,18.539817,73.766548,2026-09-18 07:57:00
DEV571,18.482916,73.895028,2026-09-18 07:57:00
DEV868,18.64195,73.922741,2026-09-18 07:58:00
DEV162,18.604393,73.85677,2026-09-18 07:58:00
DEV758,18.602507,73.794589,2026-09-18 07:58:00
DEV126,18.613272,73.888984,2026-09-18 07:58:00
DEV634,18.551473,73.753175,2026-09-18 07:58:00
DEV497,18.562534,73.782308,2026-09-18 07:58:00
DEV858,18.603109,73.863669,2026-09-18 07:58:00
DEV520,18.523427,73.837671,2026-09-18 07:58:00
DEV009,18.56386,73.900326,2026-09-18 07:58:00
DEV200,18.536683,73.769203,2026-09-18 07:58:00
DEV043,18.576763,73.853759,2026-09-18 07:58:00
DEV833,18.6165,73.862789,2026-09-18 07:58:00
DEV190,18.552148,73.893111,2026-09-18 07:59:00
DEV017,18.608946,73.780486,2026-09-18 07:59:00
DEV611,18.450274,73.843639,2026-09-18 07:59:00
DEV359,18.506358,73.79719,2026-09-18 07:59:00
DEV427,18.649934,73.84259,2026-09-18 08:00:00
DEV906,18.599847,73.886771,2026-09-18 08:00:00
DEV263,18.456432,73.919597,2026-09-18 08:00:00
DEV130,18.641566,73.911825,2026-09-18 08:00:00
DEV910,18.593798,73.908649,2026-09-18 08:00:00
DEV383,18.598702,73.840662,2026-09-18 08:00:00
DEV126,18.633444,73.815262,2026-09-18 08:00:00
DEV868,18.585928,73.884099,2026-09-18 08:00:00
DEV284,18.525049,73.77741,2026-09-18 08:01:00
DEV495,18.511276,73.806037,2026-09-18 08:01:00
DEV261,18.537622,73.840041,2026-09-18 08:01:00
DEV001,18.589288,73.92102,2026-09-18 08:01:00
DEV924,18.541388,73.908869,2026-09-18 08:01:00
DEV787,18.525889,73.889718,2026-09-18 08:01:00
DEV692,18.473768,73.798949,2026-09-18 08:01:00
DEV963,18.632303,73.92484,2026-09-18 08:01:00
DEV073,18.643028,73.835621,2026-09-18 08:01:00
DEV551,18.472901,73.88215,2026-09-18 08:02:00
DEV452,18.55046,73.786422,2026-09-18 08:02:00
DEV180,18.569272,73.790323,2026-09-18 08:02:00
DEV958,18.522486,73.944184,2026-09-18 08:02:00
DEV392,18.48169,73.880727,2026-09-18 08:02:00
DEV639,18.539257,73.858903,2026-09-18 08:02:00
DEV195,18.574387,73.854674,2026-09-18 08:02:00
DEV122,18.586814,73.893509,2026-09-18 08:03:00
DEV518,18.548072,73.921637,2026-09-18 08:03:00
DEV291,18.479137,73.868814,2026-09-18 08:03:00
DEV981,18.62999,73.921498,2026-09-18 08:03:00
DEV920,18.496247,73.906332,2026-09-18 08:03:00
DEV565,18.5757,73.759167,2026-09-18 08:03:00
DEV222,18.47642,73.787867,2026-09-18 08:03:00
DEV211,18.485711,73.839334,2026-09-18 08:03:00
DEV106,18.516042,73.930275,2026-09-18 08:03:00
DEV669,18.474468,73.945196,2026-09-18 08:03:00
DEV629,18.638432,73.821776,2026-09-18 08:03:00
DEV753,18.606711,73.759018,2026-09-18 08:04:00
DEV528,18.488927,73.776584,2026-09-18 08:04:00
DEV238,18.629829,73.81809,2026-09-18 08:04:00
DEV727,18.599998,73.884061,2026-09-18 08:04:00
DEV686,18.624979,73.870361,2026-09-18 08:04:00
DEV505,18.618405,73.784893,2026-09-18 08:04:00
DEV887,18.561391,73.870226,2026-09-18 08:04:00
DEV529,18.587455,73.895494,2026-09-18 08:04:00
DEV411,18.620369,73.79286,2026-09-18 08:04:00
DEV387,18.54877,73.876037,2026-09-18 08:05:00
DEV252,18.644776,73.788194,2026-09-18 08:05:00
DEV900,18.636322,73.802553,2026-09-18 08:05:00
DEV367,18.576223,73.873832,2026-09-18 08:05:00
DEV890,18.591082,73.898427,2026-09-18 08:05:00
DEV211,18.536037,73.882262,2026-09-18 08:05:00
DEV575,18.548924,73.888443,2026-09-18 08:05:00
DEV218,18.495165,73.768595,2026-09-18 08:06:00
DEV066,18.573018,73.912722,2026-09-18 08:06:00
DEV711,18.52357,73.753216,2026-09-18 08:06:00
DEV871,18.450048,73.879898,2026-09-18 08:06:00
DEV289,18.512276,73.813483,2026-09-18 08:06:00
DEV843,18.554105,73.891746,2026-09-18 08:06:00
DEV554,18.619809,73.806307,2026-09-18 08:06:00
DEV099,18.53773,73.80801,2026-09-18 08:06:00
DEV945,18.470378,73.860367,2026-09-18 08:06:00
DEV072,18.596854,73.863917,2026-09-18 08:07:00
DEV063,18.553664,73.824551,2026-09-18 08:07:00
DEV062,18.64845,73.892397,2026-09-18 08:07:00
DEV449,18.567329,73.755637,2026-09-18 08:07:00
DEV108,18.586955,73.75632,2026-09-18 08:07:00
DEV888,18.630469,73.919413,2026-09-18 08:08:00
DEV517,18.489783,73.806372,2026-09-18 08:08:00
DEV075,18.560741,73.832364,2026-09-18 08:08:00
DEV301,18.459568,73.921636,2026-09-18 08:08:00
DEV308,18.539354,73.835207,2026-09-18 08:08:00
DEV111,18.501348,73.760187,2026-09-18 08:08:00
DEV456,18.529382,73.936674,2026-09-18 08:08:00
DEV657,18.467093,73.79693,2026-09-18 08:08:00
DEV783,18.472888,73.857982,2026-09-18 08:08:00
DEV493,18.529631,73.891991,2026-09-18 08:08:00
DEV919,18.493615,73.893092,2026-09-18 08:08:00
DEV321,18.453113,73.873196,2026-09-18 08:08:00
DEV141,18.514204,73.902717,2026-09-18 08:09:00
DEV625,18.50191,73.947019,2026-09-18 08:09:00
DEV414,18.49228,73.773305,2026-09-18 08:09:00
DEV345,18.639759,73.758876,2026-09-18 08:09:00
DEV131,18.539458,73.939301,2026-09-18 08:09:00
DEV897,18.451368,73.779246,2026-09-18 08:09:00
DEV700,18.470746,73.770106,2026-09-18 08:09:00
DEV563,18.584584,73.879196,2026-09-18 08:09:00
DEV700,18.518342,73.89296,2026-09-18 08:09:00
DEV602,18.565014,73.786659,2026-09-18 08:10:00
DEV183,18.486365,73.893495,2026-09-18 08:10:00
DEV247,18.603066,73.758787,2026-09-18 08:10:00
DEV630,18.587095,73.885485,2026-09-18 08:10:00
DEV064,18.618308,73.7875,2026-09-18 08:10:00
DEV445,18.529244,73.856369,2026-09-18 08:10:00
DEV961,18.584142,73.83935,2026-09-18 08:10:00
DEV770,18.615904,73.894832,2026-09-18 08:10:00
DEV840,18.639574,73.788289,2026-09-18 08:11:00
DEV990,18.521832,73.905836,2026-09-18 08:11:00
DEV939,18.537737,73.788911,2026-09-18 08:11:00
DEV036,18.64699,73.750171,2026-09-18 08:11:00
DEV232,18.520302,73.752311,2026-09-18 08:11:00
DEV182,18.591492,73.924237,2026-09-18 08:11:00
DEV533,18.474661,73.847565,2026-09-18 08:11:00
DEV344,18.519172,73.772893,2026-09-18 08:11:00
DEV728,18.636546,73.941403,2026-09-18 08:11:00
DEV506,18.587388,73.757464,2026-09-18 08:11:00
DEV298,18.508292,73.853188,2026-09-18 08:11:00
DEV596,18.599435,73.882402,2026-09-18 08:12:00
DEV736,18.584465,73.927441,2026-09-18 08:12:00
DEV314,18.614556,73.946328,2026-09-18 08:12:00
DEV509,18.563402,73.944111,2026-09-18 08:12:00
DEV271,18.460842,73.873259,2026-09-18 08:12:00
DEV964,18.470703,73.750401,2026-09-18 08:12:00
DEV947,18.468936,73.871974,2026-09-18 08:12:00
DEV056,18.549335,73.903227,2026-09-18 08:12:00
DEV909,18.634094,73.762465,2026-09-18 08:13:00
DEV200,18.541605,73.78566,2026-09-18 08:13:00
DEV990,18.577735,73.930171,2026-09-18 08:13:00
DEV097,18.538742,73.904722,2026-09-18 08:13:00
DEV802,18.532741,73.859695,2026-09-18 08:13:00
DEV124,18.596692,73.845983,2026-09-18 08:13:00
DEV982,18.548418,73.923503,2026-09-18 08:13:00
DEV747,18.637964,73.813549,2026-09-18 08:13:00
DEV323,18.478531,73.89401,2026-09-18 08:14:00
DEV923,18.484644,73.949632,2026-09-18 08:14:00
DEV283,18.475845,73.875057,2026-09-18 08:14:00
DEV727,18.48169,73.861088,2026-09-18 08:14:00
DEV321,18.46101,73.887836,2026-09-18 08:14:00
DEV793,18.564552,73.949473,2026-09-18 08:14:00
DEV232,18.616448,73.888413,2026-09-18 08:14:00
DEV538,18.469605,73.805746,2026-09-18 08:14:00
DEV137,18.464511,73.761945,2026-09-18 08:14:00
DEV252,18.517789,73.83461,2026-09-18 08:14:00
DEV893,18.494555,73.913596,2026-09-18 08:14:00
DEV818,18.583438,73.798391,2026-09-18 08:14:00
DEV915,18.645408,73.888509,2026-09-18 08:14:00
DEV621,18.505853,73.947647,2026-09-18 08:15:00
DEV114,18.52968,73.949939,2026-09-18 08:15:00
DEV245,18.514941,73.845899,2026-09-18 08:15:00
DEV629,18.570003,73.841945,2026-09-18 08:15:00
DEV273,18.48565,73.821559,2026-09-18 08:15:00
DEV837,18.561376,73.782071,2026-09-18 08:15:00
DEV426,18.586687,73.817103,2026-09-18 08:15:00
DEV363,18.645997,73.82758,2026-09-18 08:15:00
DEV069,18.483353,73.76934,2026-09-18 08:15:00
DEV997,18.514598,73.921046,2026-09-18 08:16:00
DEV584,18.585997,73.767419,2026-09-18 08:16:00
DEV822,18.467054,73.82845,2026-09-18 08:16:00
DEV285,18.566514,73.85437,2026-09-18 08:16:00
DEV265,18.624742,73.831618,2026-09-18 08:16:00
DEV900,18.502544,73.826189,2026-09-18 08:16:00
DEV344,18.519069,73.750871,2026-09-18 08:16:00
DEV141,18.611672,73.917086,2026-09-18 08:16:00
DEV274,18.52935,73.928014,2026-09-18 08:16:00
DEV195,18.52699,73.940236,2026-09-18 08:16:00
DEV832,18.474568,73.939264,2026-09-18 08:16:00
DEV403,18.543189,73.821489,2026-09-18 08:17:00
DEV660,18.531548,73.829414,2026-09-18 08:17:00
DEV459,18.484052,73.750928,2026-09-18 08:17:00
DEV421,18.511908,73.919393,2026-09-18 08:17:00
DEV038,18.644525,73.858689,2026-09-18 08:17:00
DEV380,18.453608,73.77534,2026-09-18 08:17:00
DEV491,18.606199,73.76433,2026-09-18 08:18:00
DEV029,18.630294,73.872334,2026-09-18 08:18:00
DEV137,18.555609,73.756973,2026-09-18 08:18:00
DEV726,18.47816,73.795848,2026-09-18 08:18:00
DEV285,18.489022,73.764518,2026-09-18 08:18:00
DEV294,18.562351,73.760789,2026-09-18 08:18:00
DEV303,18.521648,73.793676,2026-09-18 08:18:00
DEV990,18.482798,73.791582,2026-09-18 08:18:00
DEV702,18.641057,73.803855,2026-09-18 08:18:00
DEV635,18.507422,73.949593,2026-09-18 08:18:00
DEV584,18.465267,73.804886,2026-09-18 08:18:00
DEV220,18.552791,73.880564,2026-09-18 08:19:00
DEV981,18.643794,73.866814,2026-09-18 08:19:00
DEV929,18.481929,73.949955,2026-09-18 08:19:00
DEV259,18.500806,73.789615,2026-09-18 08:19:00
DEV935,18.59433,73.780832,2026-09-18 08:19:00
DEV499,18.591071,73.79626,2026-09-18 08:19:00
DEV975,18.485939,73.901037,2026-09-18 08:19:00
DEV597,18.649802,73.857126,2026-09-18 08:19:00
DEV740,18.531598,73.773032,2026-09-18 08:19:00
DEV017,18.61859,73.80087,2026-09-18 08:19:00
DEV033,18.46506,73.780845,2026-09-18 08:19:00
DEV849,18.45576,73.870848,2026-09-18 08:20:00
DEV327,18.47725,73.858354,2026-09-18 08:20:00
DEV850,18.565424,73.89835,2026-09-18 08:20:00
DEV620,18.564657,73.851479,2026-09-18 08:20:00
DEV725,18.527033,73.901115,2026-09-18 08:20:00
DEV470,18.527339,73.903334,2026-09-18 08:20:00
DEV601,18.541761,73.815999,2026-09-18 08:20:00
DEV164,18.589309,73.755694,2026-09-18 08:20:00
DEV091,18.579434,73.927082,2026-09-18 08:21:00
DEV799,18.600469,73.946892,2026-09-18 08:21:00
DEV554,18.63693,73.838916,2026-09-18 08:21:00
DEV421,18.636028,73.836459,2026-09-18 08:21:00
DEV163,18.546238,73.944785,2026-09-18 08:21:00
DEV211,18.451673,73.787611,2026-09-18 08:21:00
DEV722,18.578506,73.838131,2026-09-18 08:21:00
DEV473,18.501401,73.832605,2026-09-18 08:21:00
DEV725,18.619312,73.946697,2026-09-18 08:21:00
DEV375,18.520849,73.939836,2026-09-18 08:21:00
DEV538,18.506812,73.83315,2026-09-18 08:21:00
DEV893,18.581065,73.947751,2026-09-18 08:22:00
DEV064,18.475003,73.788925,2026-09-18 08:22:00
DEV825,18.464612,73.9139,2026-09-18 08:22:00
DEV870,18.581519,73.761831,2026-09-18 08:22:00
DEV905,18.459308,73.948091,2026-09-18 08:22:00
DEV041,18.648035,73.761948,2026-09-18 08:23:00
DEV106,18.453887,73.928377,2026-09-18 08:23:00
DEV827,18.512695,73.840302,2026-09-18 08:23:00
DEV595,18.501553,73.764463,2026-09-18 08:23:00
DEV783,18.561032,73.803059,2026-09-18 08:23:00
DEV125,18.600412,73.88456,2026-09-18 08:23:00
DEV673,18.476943,73.928696,2026-09-18 08:23:00
DEV839,18.460449,73.915209,2026-09-18 08:23:00
DEV881,18.463701,73.78836,2026-09-18 08:23:00
DEV618,18.64517,73.809276,2026-09-18 08:23:00
DEV350,18.627488,73.939939,2026-09-18 08:24:00
DEV885,18.589082,73.830055,2026-09-18 08:24:00
DEV471,18.527597,73.844089,2026-09-18 08:24:00
DEV101,18.463251,73.752025,2026-09-18 08:24:00
DEV964,18.47613,73.791074,2026-09-18 08:24:00
DEV879,18.484258,73.876815,2026-09-18 08:24:00
DEV906,18.641134,73.903318,2026-09-18 08:24:00
DEV623,18.642146,73.892165,2026-09-18 08:24:00
DEV275,18.492611,73.856005,2026-09-18 08:24:00
DEV850,18.636133,73.824431,2026-09-18 08:24:00
DEV946,18.466134,73.838608,2026-09-18 08:25:00
DEV937,18.548855,73.761999,2026-09-18 08:25:00
DEV574,18.482583,73.815781,2026-09-18 08:25:00
DEV888,18.561678,73.926534,2026-09-18 08:25:00
DEV556,18.4583,73.882606,2026-09-18 08:25:00
DEV156,18.642578,73.780765,2026-09-18 08:25:00
DEV355,18.551051,73.823302,2026-09-18 08:25:00
DEV274,18.539357,73.812201,2026-09-18 08:25:00
DEV830,18.552573,73.915826,2026-09-18 08:25:00
DEV624,18.609467,73.831051,2026-09-18 08:25:00
DEV018,18.452858,73.795787,2026-09-18 08:25:00
DEV658,18.483854,73.750817,2026-09-18 08:25:00
DEV561,18.628211,73.823406,2026-09-18 08:25:00
DEV431,18.517697,73.765107,2026-09-18 08:25:00
DEV531,18.492038,73.928062,2026-09-18 08:26:00
DEV246,18.601615,73.934606,2026-09-18 08:26:00
DEV845,18.602929,73.920731,2026-09-18 08:26:00
DEV177,18.563646,73.911637,2026-09-18 08:26:00
DEV281,18.509419,73.925242,2026-09-18 08:26:00
DEV012,18.575235,73.871734,2026-09-18 08:26:00
DEV634,18.571465,73.906955,2026-09-18 08:26:00
DEV485,18.521702,73.829828,2026-09-18 08:26:00
DEV563,18.522877,73.856362,2026-09-18 08:26:00
DEV228,18.602933,73.932946,2026-09-18 08:26:00
DEV285,18.530006,73.808261,2026-09-18 08:26:00
DEV227,18.451714,73.817109,2026-09-18 08:27:00
DEV453,18.519905,73.759563,2026-09-18 08:27:00
DEV988,18.580637,73.757358,2026-09-18 08:27:00
DEV426,18.551705,73.795552,2026-09-18 08:27:00
DEV071,18.57338,73.89675,2026-09-18 08:27:00
DEV454,18.510078,73.813764,2026-09-18 08:27:00
DEV912,18.549995,73.870001,2026-09-18 08:27:00
DEV140,18.587791,73.854514,2026-09-18 08:27:00
DEV800,18.452002,73.891831,2026-09-18 08:27:00
DEV172,18.569332,73.862251,2026-09-18 08:28:00
DEV893,18.553723,73.894655,2026-09-18 08:28:00
DEV162,18.462603,73.822055,2026-09-18 08:28:00
DEV699,18.465032,73.91131,2026-09-18 08:28:00
DEV681,18.503023,73.936045,2026-09-18 08:28:00
DEV090,18.624859,73.931514,2026-09-18 08:28:00
DEV424,18.462328,73.773881,2026-09-18 08:28:00
DEV952,18.480872,73.810642,2026-09-18 08:29:00
DEV124,18.511934,73.889165,2026-09-18 08:29:00
DEV770,18.57096,73.775159,2026-09-18 08:29:00
DEV808,18.50307,73.885322,2026-09-18 08:29:00
DEV662,18.45695,73.761698,2026-09-18 08:29:00
DEV886,18.527021,73.811931,2026-09-18 08:29:00
DEV222,18.580627,73.924308,2026-09-18 08:30:00
DEV480,18.460957,73.821515,2026-09-18 08:30:00
DEV616,18.527612,73.873884,2026-09-18 08:30:00
DEV976,18.608478,73.786543,2026-09-18 08:30:00
DEV197,18.498135,73.80114,2026-09-18 08:30:00
DEV971,18.515348,73.918625,2026-09-18 08:30:00
DEV781,18.511886,73.804807,2026-09-18 08:30:00
DEV039,18.607297,73.77751,2026-09-18 08:31:00
DEV949,18.478196,73.810958,2026-09-18 08:31:00
DEV084,18.455767,73.945984,2026-09-18 08:31:00
DEV634,18.587836,73.802946,2026-09-18 08:31:00
DEV397,18.641104,73.769819,2026-09-18 08:31:00
DEV288,18.575212,73.7708,2026-09-18 08:31:00
DEV236,18.614255,73.754897,2026-09-18 08:31:00
DEV639,18.620402,73.795991,2026-09-18 08:31:00
DEV406,18.514806,73.807311,2026-09-18 08:31:00
DEV203,18.457825,73.825762,2026-09-18 08:32:00
DEV072,18.525936,73.923548,2026-09-18 08:32:00
DEV130,18.585126,73.858374,2026-09-18 08:32:00
DEV975,18.609329,73.834683,2026-09-18 08:32:00
DEV832,18.513581,73.911044,2026-09-18 08:32:00
DEV381,18.645827,73.878213,2026-09-18 08:32:00
DEV422,18.525407,73.828838,2026-09-18 08:32:00
DEV400,18.556704,73.771509,2026-09-18 08:32:00
DEV619,18.556578,73.890064,2026-09-18 08:32:00
DEV786,18.45433,73.856019,2026-09-18 08:32:00
DEV389,18.563029,73.934006,2026-09-18 08:32:00
DEV253,18.611442,73.863826,2026-09-18 08:32:00
DEV043,18.54727,73.795657,2026-09-18 08:32:00
DEV160,18.591793,73.866574,2026-09-18 08:32:00
DEV709,18.598911,73.93397,2026-09-18 08:33:00
DEV925,18.455665,73.834401,2026-09-18 08:33:00
DEV911,18.543154,73.948952,2026-09-18 08:33:00
DEV688,18.644297,73.8994,2026-09-18 08:33:00
DEV710,18.643594,73.784066,2026-09-18 08:33:00
DEV010,18.610928,73.846038,2026-09-18 08:33:00
DEV833,18.517657,73.816684,2026-09-18 08:33:00
DEV255,18.528391,73.782743,2026-09-18 08:33:00
DEV951,18.532188,73.932526,2026-09-18 08:33:00
DEV789,18.511936,73.843329,2026-09-18 08:33:00
DEV198,18.597917,73.932674,2026-09-18 08:33:00
DEV068,18.607048,73.832069,2026-09-18 08:33:00
DEV235,18.564377,73.905802,2026-09-18 08:34:00
DEV761,18.61632,73.921593,2026-09-18 08:34:00
DEV833,18.5265,73.939368,2026-09-18 08:34:00
DEV127,18.635901,73.942148,2026-09-18 08:34:00
DEV478,18.615886,73.782177,2026-09-18 08:34:00
DEV428,18.590043,73.806464,2026-09-18 08:34:00
DEV412,18.573251,73.878916,2026-09-18 08:34:00
DEV307,18.616352,73.854818,2026-09-18 08:34:00
DEV171,18.614118,73.946208,2026-09-18 08:34:00
DEV866,18.567016,73.849672,2026-09-18 08:34:00
DEV059,18.551193,73.79235,2026-09-18 08:34:00
DEV192,18.613513,73.947214,2026-09-18 08:34:00
DEV136,18.573563,73.888341,2026-09-18 08:34:00
DEV029,18.563867,73.788906,2026-09-18 08:34:00
DEV004,18.460692,73.845505,2026-09-18 08:34:00
DEV832,18.515221,73.91162,2026-09-18 08:34:00
DEV327,18.646572,73.798049,2026-09-18 08:35:00
DEV737,18.510368,73.761343,2026-09-18 08:35:00
DEV365,18.507625,73.918167,2026-09-18 08:35:00
DEV647,18.473321,73.81013,2026-09-18 08:35:00
DEV348,18.600559,73.818686,2026-09-18 08:35:00
DEV936,18.533252,73.879616,2026-09-18 08:35:00
DEV190,18.613003,73.757486,2026-09-18 08:35:00
DEV359,18.616506,73.94446,2026-09-18 08:35:00
DEV484,18.619016,73.928574,2026-09-18 08:35:00
DEV979,18.565739,73.837261,2026-09-18 08:35:00
DEV881,18.481908,73.914746,2026-09-18 08:36:00
DEV225,18.526559,73.822396,2026-09-18 08:36:00
DEV121,18.47545,73.843321,2026-09-18 08:36:00
DEV095,18.624822,73.792868,2026-09-18 08:36:00
DEV335,18.626454,73.802287,2026-09-18 08:36:00
DEV128,18.508074,73.903443,2026-09-18 08:36:00
DEV489,18.525278,73.843328,2026-09-18 08:36:00
DEV754,18.532033,73.806139,2026-09-18 08:36:00
DEV992,18.631228,73.889504,2026-09-18 08:36:00
DEV748,18.53857,73.909791,2026-09-18 08:36:00
DEV161,18.592336,73.789981,2026-09-18 08:36:00
DEV237,18.637402,73.800837,2026-09-18 08:36:00
DEV154,18.450582,73.785957,2026-09-18 08:36:00
DEV558,18.512683,73.771901,2026-09-18 08:36:00
DEV146,18.596997,73.767314,2026-09-18 08:36:00
DEV681,18.450437,73.830863,2026-09-18 08:36:00
DEV039,18.582422,73.915839,2026-09-18 08:36:00
DEV1000,18.639834,73.827866,2026-09-18 08:37:00
DEV915,18.509639,73.867621,2026-09-18 08:37:00
DEV354,18.566008,73.930568,2026-09-18 08:37:00
DEV636,18.556681,73.846141,2026-09-18 08:37:00
DEV183,18.616138,73.858617,2026-09-18 08:37:00
DEV896,18.597399,73.756014,2026-09-18 08:37:00
DEV597,18.458587,73.816736,2026-09-18 08:37:00
DEV974,18.46735,73.764017,2026-09-18 08:37:00
DEV050,18.478117,73.930344,2026-09-18 08:37:00
DEV960,18.541794,73.874083,2026-09-18 08:37:00
DEV667,18.571359,73.926794,2026-09-18 08:37:00
DEV618,18.490458,73.815395,2026-09-18 08:37:00
DEV854,18.552805,73.845061,2026-09-18 08:38:00
DEV355,18.602308,73.776509,2026-09-18 08:38:00
DEV865,18.464288,73.91429,2026-09-18 08:38:00
DEV127,18.56094,73.784501,2026-09-18 08:38:00
DEV691,18.525371,73.784121,2026-09-18 08:38:00
DEV302,18.628204,73.876465,2026-09-18 08:38:00
DEV324,18.635958,73.754394,2026-09-18 08:38:00
DEV375,18.578516,73.865156,2026-09-18 08:38:00
DEV390,18.647266,73.925409,2026-09-18 08:38:00
DEV086,18.509165,73.823633,2026-09-18 08:39:00
DEV152,18.47112,73.789191,2026-09-18 08:39:00
DEV209,18.613133,73.921965,2026-09-18 08:39:00
DEV656,18.46566,73.927639,2026-09-18 08:39:00
DEV393,18.580786,73.792178,2026-09-18 08:39:00
DEV578,18.570534,73.875394,2026-09-18 08:39:00
DEV386,18.540285,73.816398,2026-09-18 08:39:00
DEV727,18.634358,73.823478,2026-09-18 08:39:00
DEV659,18.496861,73.83099,2026-09-18 08:39:00
DEV891,18.456525,73.881962,2026-09-18 08:39:00
DEV642,18.605297,73.829116,2026-09-18 08:39:00
DEV419,18.614541,73.937295,2026-09-18 08:39:00
DEV346,18.471444,73.926151,2026-09-18 08:39:00
DEV429,18.587376,73.845654,2026-09-18 08:40:00
DEV053,18.471282,73.75415,2026-09-18 08:40:00
DEV988,18.45661,73.929717,2026-09-18 08:40:00
DEV631,18.480803,73.909943,2026-09-18 08:40:00
DEV437,18.473494,73.826145,2026-09-18 08:40:00
DEV512,18.507944,73.80805,2026-09-18 08:40:00
DEV049,18.57908,73.933215,2026-09-18 08:40:00
DEV740,18.616639,73.891709,2026-09-18 08:41:00
DEV358,18.547361,73.76402,2026-09-18 08:41:00
DEV868,18.570669,73.789399,2026-09-18 08:41:00
DEV785,18.634487,73.920681,2026-09-18 08:41:00
DEV820,18.577696,73.820666,2026-09-18 08:41:00
DEV367,18.596894,73.779003,2026-09-18 08:41:00
DEV622,18.544523,73.762302,2026-09-18 08:41:00
DEV020,18.511163,73.758407,2026-09-18 08:42:00
DEV300,18.505793,73.812454,2026-09-18 08:42:00
DEV517,18.461419,73.865619,2026-09-18 08:42:00
DEV542,18.545883,73.912373,2026-09-18 08:42:00
DEV074,18.598404,73.806245,2026-09-18 08:42:00
DEV947,18.505189,73.923737,2026-09-18 08:42:00
DEV162,18.578128,73.892055,2026-09-18 08:42:00
DEV353,18.465199,73.843876,2026-09-18 08:42:00
DEV625,18.460544,73.861694,2026-09-18 08:42:00
DEV042,18.546988,73.876309,2026-09-18 08:42:00
DEV952,18.532311,73.756224,2026-09-18 08:42:00
DEV964,18.489236,73.88594,2026-09-18 08:42:00
DEV744,18.450901,73.794876,2026-09-18 08:43:00
DEV892,18.574917,73.812656,2026-09-18 08:43:00
DEV663,18.563259,73.831696,2026-09-18 08:43:00
DEV769,18.562211,73.804747,2026-09-18 08:43:00
DEV958,18.619454,73.900205,2026-09-18 08:43:00
DEV306,18.531593,73.867597,2026-09-18 08:43:00
DEV237,18.634656,73.932121,2026-09-18 08:43:00
DEV848,18.494165,73.877966,2026-09-18 08:43:00
DEV346,18.479955,73.887282,2026-09-18 08:43:00
DEV499,18.629745,73.777678,2026-09-18 08:43:00
DEV398,18.636357,73.913857,2026-09-18 08:44:00
DEV312,18.512552,73.822638,2026-09-18 08:44:00
DEV523,18.620909,73.840497,2026-09-18 08:44:00
DEV039,18.486775,73.933481,2026-09-18 08:44:00
DEV922,18.585684,73.90229,2026-09-18 08:44:00
DEV115,18.509389,73.812158,2026-09-18 08:44:00
DEV130,18.51514,73.875005,2026-09-18 08:44:00
DEV485,18.51233,73.771922,2026-09-18 08:44:00
DEV633,18.545619,73.856283,2026-09-18 08:44:00
DEV693,18.485329,73.918758,2026-09-18 08:44:00
DEV547,18.492633,73.905523,2026-09-18 08:45:00
DEV963,18.589941,73.881054,2026-09-18 08:45:00
DEV797,18.466212,73.850192,2026-09-18 08:45:00
DEV322,18.480222,73.777048,2026-09-18 08:45:00
DEV456,18.546051,73.877929,2026-09-18 08:45:00
DEV078,18.584753,73.910962,2026-09-18 08:45:00
DEV990,18.592814,73.856404,2026-09-18 08:45:00
DEV244,18.598004,73.8814,2026-09-18 08:45:00
DEV497,18.582362,73.775404,2026-09-18 08:45:00
DEV021,18.522928,73.88162,2026-09-18 08:45:00
DEV005,18.583517,73.906588,2026-09-18 08:45:00
DEV915,18.510479,73.799404,2026-09-18 08:45:00
DEV549,18.565932,73.868944,2026-09-18 08:45:00
DEV648,18.52896,73.830918,2026-09-18 08:46:00
DEV920,18.480537,73.893812,2026-09-18 08:46:00
DEV421,18.469804,73.879507,2026-09-18 08:46:00
DEV901,18.619344,73.876415,2026-09-18 08:46:00
DEV525,18.597383,73.906971,2026-09-18 08:46:00
DEV445,18.535597,73.768963,2026-09-18 08:46:00
DEV791,18.63992,73.873175,2026-09-18 08:46:00
DEV893,18.462113,73.898239,2026-09-18 08:46:00
DEV955,18.561182,73.948017,2026-09-18 08:46:00
DEV031,18.560859,73.902385,2026-09-18 08:46:00
DEV425,18.625936,73.772527,2026-09-18 08:46:00
DEV800,18.493197,73.895959,2026-09-18 08:46:00
DEV825,18.627749,73.946796,2026-09-18 08:47:00
DEV508,18.612973,73.80996,2026-09-18 08:47:00
DEV087,18.479385,73.918897,2026-09-18 08:47:00
DEV013,18.546851,73.886688,2026-09-18 08:47:00
DEV041,18.526518,73.800885,2026-09-18 08:47:00
DEV515,18.517833,73.915974,2026-09-18 08:47:00
DEV396,18.61698,73.874635,2026-09-18 08:47:00
DEV369,18.478101,73.782474,2026-09-18 08:47:00
DEV979,18.552809,73.816643,2026-09-18 08:47:00
DEV122,18.611056,73.753473,2026-09-18 08:47:00
DEV803,18.573346,73.877951,2026-09-18 08:47:00
DEV663,18.617458,73.762718,2026-09-18 08:47:00
DEV688,18.598566,73.938947,2026-09-18 08:47:00
DEV382,18.578934,73.838718,2026-09-18 08:47:00
DEV266,18.472966,73.757456,2026-09-18 08:48:00
DEV784,18.628566,73.813341,2026-09-18 08:48:00
DEV696,18.609858,73.88097,2026-09-18 08:48:00
DEV019,18.638189,73.868405,2026-09-18 08:48:00
DEV523,18.463831,73.753956,2026-09-18 08:48:00
DEV819,18.50659,73.750494,2026-09-18 08:48:00
DEV439,18.510494,73.942175,2026-09-18 08:48:00
DEV086,18.634677,73.789136,2026-09-18 08:48:00
DEV128,18.557385,73.788985,2026-09-18 08:48:00
DEV353,18.555352,73.946674,2026-09-18 08:48:00
DEV477,18.615064,73.782341,2026-09-18 08:49:00
DEV032,18.563389,73.814435,2026-09-18 08:49:00
DEV187,18.48077,73.844286,2026-09-18 08:49:00
DEV799,18.550614,73.818663,2026-09-18 08:49:00
DEV659,18.52854,73.7508,2026-09-18 08:49:00
DEV550,18.519774,73.763927,2026-09-18 08:49:00
DEV332,18.524708,73.895133,2026-09-18 08:49:00
DEV599,18.511145,73.771396,2026-09-18 08:50:00
DEV149,18.64978,73.825304,2026-09-18 08:50:00
DEV817,18.485929,73.832467,2026-09-18 08:50:00
DEV436,18.508548,73.912916,2026-09-18 08:50:00
DEV569,18.617182,73.772057,2026-09-18 08:50:00
DEV921,18.537688,73.908482,2026-09-18 08:50:00
DEV715,18.522277,73.906387,2026-09-18 08:50:00
DEV030,18.513904,73.816768,2026-09-18 08:50:00
DEV286,18.492294,73.898817,2026-09-18 08:50:00
DEV383,18.626251,73.821181,2026-09-18 08:50:00
DEV844,18.612811,73.909345,2026-09-18 08:50:00
DEV337,18.587001,73.940129,2026-09-18 08:51:00
DEV451,18.510874,73.85066,2026-09-18 08:51:00
DEV377,18.456764,73.82648,2026-09-18 08:51:00
DEV937,18.617061,73.819626,2026-09-18 08:51:00
DEV242,18.493225,73.859367,2026-09-18 08:51:00
DEV978,18.51299,73.893403,2026-09-18 08:51:00
DEV437,18.618268,73.869002,2026-09-18 08:51:00
DEV348,18.625462,73.878427,2026-09-18 08:51:00
DEV801,18.588703,73.886469,2026-09-18 08:51:00
DEV779,18.505751,73.841403,2026-09-18 08:51:00
DEV970,18.489778,73.836556,2026-09-18 08:51:00
DEV292,18.598718,73.947676,2026-09-18 08:51:00
DEV861,18.502013,73.933107,2026-09-18 08:52:00
DEV203,18.537498,73.758307,2026-09-18 08:52:00
DEV277,18.562868,73.878268,2026-09-18 08:52:00
DEV608,18.536286,73.871083,2026-09-18 08:52:00
DEV912,18.581963,73.865981,2026-09-18 08:52:00
DEV088,18.536384,73.808072,2026-09-18 08:52:00
DEV726,18.509729,73.920445,2026-09-18 08:52:00
DEV460,18.605597,73.799299,2026-09-18 08:52:00
DEV428,18.620696,73.820977,2026-09-18 08:52:00
DEV844,18.646112,73.788112,2026-09-18 08:52:00
DEV902,18.454148,73.779259,2026-09-18 08:52:00
DEV601,18.522117,73.772238,2026-09-18 08:52:00
DEV870,18.510542,73.793489,2026-09-18 08:52:00
DEV039,18.598883,73.904404,2026-09-18 08:53:00
DEV646,18.550364,73.871048,2026-09-18 08:53:00
DEV687,18.626752,73.767727,2026-09-18 08:53:00
DEV985,18.543583,73.928078,2026-09-18 08:53:00
DEV662,18.511065,73.779494,2026-09-18 08:53:00
DEV296,18.498161,73.902515,2026-09-18 08:53:00
DEV166,18.456032,73.919463,2026-09-18 08:53:00
DEV477,18.455028,73.852206,2026-09-18 08:53:00
DEV004,18.494257,73.867767,2026-09-18 08:53:00
DEV490,18.586758,73.823423,2026-09-18 08:53:00
DEV865,18.582557,73.792767,2026-09-18 08:53:00
DEV983,18.481455,73.842786,2026-09-18 08:53:00
DEV258,18.51972,73.894273,2026-09-18 08:53:00
DEV503,18.557122,73.890124,2026-09-18 08:53:00
DEV730,18.477794,73.819513,2026-09-18 08:54:00
DEV688,18.58239,73.767155,2026-09-18 08:54:00
DEV318,18.606717,73.899866,2026-09-18 08:54:00
DEV881,18.631949,73.78815,2026-09-18 08:54:00
DEV998,18.470913,73.771993,2026-09-18 08:54:00
DEV963,18.483866,73.932544,2026-09-18 08:54:00
DEV386,18.582964,73.783421,2026-09-18 08:54:00
DEV876,18.630638,73.852439,2026-09-18 08:54:00
DEV229,18.540257,73.781532,2026-09-18 08:54:00
DEV787,18.5527,73.755185,2026-09-18 08:55:00
DEV742,18.648912,73.756676,2026-09-18 08:55:00
DEV303,18.497497,73.754582,2026-09-18 08:55:00
DEV966,18.625207,73.877934,2026-09-18 08:55:00
DEV769,18.459973,73.76827,2026-09-18 08:55:00
DEV920,18.63593,73.822948,2026-09-18 08:55:00
DEV892,18.539189,73.800331,2026-09-18 08:55:00
DEV970,18.460531,73.90502,2026-09-18 08:55:00
DEV746,18.556449,73.754466,2026-09-18 08:55:00
DEV932,18.645088,73.90249,2026-09-18 08:56:00
DEV776,18.62811,73.784975,2026-09-18 08:56:00
DEV227,18.612491,73.821224,2026-09-18 08:56:00
DEV330,18.55043,73.848913,2026-09-18 08:56:00
DEV205,18.493097,73.906525,2026-09-18 08:56:00
DEV717,18.550513,73.872251,2026-09-18 08:56:00
DEV802,18.457471,73.755864,2026-09-18 08:56:00
DEV392,18.645595,73.90251,2026-09-18 08:56:00
DEV429,18.626633,73.883414,2026-09-18 08:56:00
DEV440,18.580316,73.921175,2026-09-18 08:56:00
DEV273,18.524941,73.940322,2026-09-18 08:56:00
DEV513,18.454408,73.909102,2026-09-18 08:57:00
DEV213,18.468982,73.945962,2026-09-18 08:57:00
DEV084,18.484922,73.858587,2026-09-18 08:57:00
DEV598,18.570282,73.790073,2026-09-18 08:57:00
DEV571,18.485217,73.913725,2026-09-18 08:57:00
DEV526,18.56873,73.923629,2026-09-18 08:57:00
DEV653,18.482069,73.883066,2026-09-18 08:57:00
DEV044,18.502206,73.758551,2026-09-18 08:57:00
DEV529,18.529662,73.841656,2026-09-18 08:57:00
DEV434,18.456413,73.889192,2026-09-18 08:57:00
DEV495,18.46991,73.759469,2026-09-18 08:57:00
DEV200,18.528897,73.842828,2026-09-18 08:57:00
DEV066,18.467289,73.834716,2026-09-18 08:58:00
DEV340,18.631449,73.829177,2026-09-18 08:58:00
DEV111,18.543459,73.8283,2026-09-18 08:58:00
DEV446,18.494781,73.94502,2026-09-18 08:58:00
DEV940,18.620222,73.930253,2026-09-18 08:58:00
DEV334,18.615039,73.945613,2026-09-18 08:58:00
DEV267,18.567777,73.811093,2026-09-18 08:59:00
DEV979,18.557094,73.856126,2026-09-18 08:59:00
DEV073,18.452846,73.76019,2026-09-18 08:59:00
DEV800,18.61263,73.835721,2026-09-18 08:59:00
DEV852,18.519917,73.938529,2026-09-18 08:59:00
DEV829,18.530816,73.899638,2026-09-18 08:59:00
DEV842,18.589595,73.76946,2026-09-18 08:59:00
DEV137,18.473281,73.75784,2026-09-18 08:59:00
DEV734,18.629624,73.902988,2026-09-18 08:59:00
DEV113,18.565961,73.866932,2026-09-18 08:59:00
DEV854,18.60369,73.835403,2026-09-18 08:59:00
DEV704,18.461008,73.781103,2026-09-18 08:59:00
DEV642,18.491768,73.828081,2026-09-18 08:59:00
DEV334,18.590443,73.889965,2026-09-18 08:59:00
DEV958,18.609193,73.899745,2026-09-18 08:59:00
DEV414,18.599236,73.934509,2026-09-18 08:59:00
DEV191,18.542067,73.902109,2026-09-18 08:59:00
DEV755,18.646516,73.906015,2026-09-18 08:59:00
DEV757,18.610945,73.758999,2026-09-18 08:59:00
DEV925,18.47852,73.934681,2026-09-18 08:59:00
DEV554,18.457148,73.805118,2026-09-18 08:59:00
DEV008,18.588162,73.790747,2026-09-18 08:59:00
DEV825,18.55528,73.780736,2026-09-18 09:00:00
DEV390,18.460609,73.786685,2026-09-18 09:00:00
DEV877,18.47352,73.915165,2026-09-18 09:00:00
DEV503,18.535485,73.942004,2026-09-18 09:00:00
DEV703,18.45673,73.855109,2026-09-18 09:00:00
DEV021,18.559465,73.794663,2026-09-18 09:00:00
DEV450,18.556696,73.860465,2026-09-18 09:00:00
DEV247,18.475076,73.775338,2026-09-18 09:00:00
DEV568,18.624836,73.881018,2026-09-18 09:00:00
DEV115,18.470799,73.895038,2026-09-18 09:00:00
DEV662,18.45211,73.813358,2026-09-18 09:00:00
DEV481,18.543708,73.768344,2026-09-18 09:00:00
DEV966,18.50985,73.868102,2026-09-18 09:00:00
DEV084,18.579906,73.777208,2026-09-18 09:00:00
DEV274,18.488077,73.779837,2026-09-18 09:01:00
DEV006,18.602567,73.833622,2026-09-18 09:01:00
DEV308,18.560729,73.907643,2026-09-18 09:01:00
DEV116,18.62714,73.793816,2026-09-18 09:01:00
DEV440,18.601685,73.891608,2026-09-18 09:01:00
DEV877,18.532747,73.803216,2026-09-18 09:01:00
DEV195,18.642323,73.898491,2026-09-18 09:02:00
DEV371,18.451133,73.784323,2026-09-18 09:02:00
DEV108,18.53717,73.774746,2026-09-18 09:02:00
DEV696,18.563587,73.79686,2026-09-18 09:02:00
DEV883,18.488398,73.856033,2026-09-18 09:02:00
DEV806,18.635316,73.843844,2026-09-18 09:02:00
DEV367,18.629114,73.934314,2026-09-18 09:02:00
DEV640,18.621331,73.785903,2026-09-18 09:02:00
DEV675,18.600652,73.894189,2026-09-18 09:02:00
DEV494,18.546419,73.826247,2026-09-18 09:02:00
DEV548,18.57176,73.897954,2026-09-18 09:02:00
DEV230,18.519235,73.805393,2026-09-18 09:02:00
DEV852,18.523604,73.867542,2026-09-18 09:02:00
DEV104,18.574688,73.790992,2026-09-18 09:02:00
DEV704,18.479549,73.799341,2026-09-18 09:03:00
DEV635,18.638912,73.896375,2026-09-18 09:03:00
DEV794,18.452572,73.806031,2026-09-18 09:03:00
DEV913,18.571028,73.783576,2026-09-18 09:03:00
DEV314,18.486119,73.854935,2026-09-18 09:03:00
DEV727,18.533568,73.75972,2026-09-18 09:03:00
DEV791,18.58916,73.93569,2026-09-18 09:03:00
DEV195,18.508481,73.794184,2026-09-18 09:03:00
DEV280,18.525436,73.914138,2026-09-18 09:03:00
DEV985,18.584108,73.774649,2026-09-18 09:03:00
DEV881,18.466336,73.897755,2026-09-18 09:03:00
DEV900,18.602865,73.805253,2026-09-18 09:04:00
DEV075,18.581363,73.924785,2026-09-18 09:04:00
DEV198,18.624759,73.794623,2026-09-18 09:04:00
DEV547,18.550928,73.851975,2026-09-18 09:04:00
DEV757,18.474442,73.861888,2026-09-18 09:04:00
DEV591,18.616153,73.809061,2026-09-18 09:04:00
DEV915,18.512166,73.887483,2026-09-18 09:04:00
DEV968,18.507397,73.920505,2026-09-18 09:05:00
DEV238,18.616694,73.884284,2026-09-18 09:05:00
DEV923,18.603822,73.891004,2026-09-18 09:05:00
DEV621,18.461713,73.847369,2026-09-18 09:05:00
DEV188,18.578485,73.919572,2026-09-18 09:05:00
DEV762,18.454212,73.875896,2026-09-18 09:05:00
DEV227,18.588005,73.751179,2026-09-18 09:05:00
DEV630,18.537372,73.940519,2026-09-18 09:05:00
DEV319,18.550569,73.883967,2026-09-18 09:05:00
DEV670,18.643251,73.945029,2026-09-18 09:05:00
DEV180,18.46333,73.852905,2026-09-18 09:05:00
DEV216,18.602721,73.942173,2026-09-18 09:05:00
DEV825,18.530279,73.894437,2026-09-18 09:06:00
DEV049,18.633118,73.854149,2026-09-18 09:06:00
DEV238,18.482064,73.900994,2026-09-18 09:06:00
DEV006,18.528267,73.855881,2026-09-18 09:06:00
DEV186,18.631115,73.876572,2026-09-18 09:06:00
DEV068,18.600641,73.875398,2026-09-18 09:06:00
DEV231,18.633187,73.750689,2026-09-18 09:06:00
DEV393,18.457423,73.794298,2026-09-18 09:06:00
DEV622,18.594315,73.927911,2026-09-18 09:06:00
DEV316,18.649942,73.846316,2026-09-18 09:06:00
DEV543,18.533988,73.770063,2026-09-18 09:06:00
DEV155,18.561694,73.866105,2026-09-18 09:06:00
DEV943,18.611281,73.874587,2026-09-18 09:06:00
DEV973,18.474584,73.823225,2026-09-18 09:06:00
DEV700,18.649102,73.896772,2026-09-18 09:06:00
DEV069,18.569692,73.944781,2026-09-18 09:07:00
DEV477,18.607535,73.894165,2026-09-18 09:07:00
DEV731,18.546678,73.837166,2026-09-18 09:07:00
DEV566,18.570822,73.939539,2026-09-18 09:07:00
DEV766,18.571135,73.76013,2026-09-18 09:07:00
DEV059,18.5246,73.836221,2026-09-18 09:07:00
DEV108,18.471048,73.93163,2026-09-18 09:07:00
DEV945,18.545906,73.832023,2026-09-18 09:07:00
DEV669,18.546576,73.8544,2026-09-18 09:07:00
DEV782,18.471645,73.764188,2026-09-18 09:08:00
DEV754,18.571556,73.856105,2026-09-18 09:08:00
DEV245,18.49611,73.794053,2026-09-18 09:08:00
DEV127,18.55371,73.81929,2026-09-18 09:08:00
DEV411,18.544944,73.792969,2026-09-18 09:08:00
DEV003,18.494912,73.806806,2026-09-18 09:08:00
DEV215,18.571945,73.847607,2026-09-18 09:08:00
DEV352,18.562619,73.78851,2026-09-18 09:08:00
DEV040,18.550289,73.832611,2026-09-18 09:08:00
DEV440,18.634075,73.892676,2026-09-18 09:08:00
DEV752,18.507659,73.820085,2026-09-18 09:08:00
DEV474,18.635885,73.826647,2026-09-18 09:08:00
DEV580,18.63323,73.918129,2026-09-18 09:08:00
DEV557,18.509668,73.917119,2026-09-18 09:08:00
DEV051,18.563304,73.833687,2026-09-18 09:08:00
DEV818,18.474801,73.915901,2026-09-18 09:09:00
DEV884,18.603879,73.870298,2026-09-18 09:09:00
DEV420,18.481993,73.893175,2026-09-18 09:09:00
DEV826,18.605195,73.826177,2026-09-18 09:09:00
DEV471,18.562106,73.908002,2026-09-18 09:09:00
DEV568,18.471059,73.850418,2026-09-18 09:09:00
DEV553,18.503602,73.779077,2026-09-18 09:09:00
DEV224,18.625528,73.867033,2026-09-18 09:09:00
DEV422,18.521787,73.801453,2026-09-18 09:10:00
DEV497,18.61896,73.893355,2026-09-18 09:10:00
DEV494,18.479622,73.76491,2026-09-18 09:10:00
DEV813,18.563121,73.926524,2026-09-18 09:10:00
DEV584,18.632683,73.834994,2026-09-18 09:10:00
DEV776,18.5428,73.848955,2026-09-18 09:10:00
DEV907,18.561992,73.788937,2026-09-18 09:10:00
DEV162,18.503756,73.922868,2026-09-18 09:10:00
DEV795,18.574111,73.772319,2026-09-18 09:11:00
DEV158,18.532304,73.787357,2026-09-18 09:11:00
DEV703,18.623824,73.835131,2026-09-18 09:11:00
DEV989,18.56086,73.8135,2026-09-18 09:11:00
DEV179,18.506412,73.943917,2026-09-18 09:12:00
DEV501,18.45382,73.773052,2026-09-18 09:12:00
DEV927,18.534879,73.761445,2026-09-18 09:12:00
DEV457,18.466694,73.909119,2026-09-18 09:12:00
DEV522,18.571089,73.83277,2026-09-18 09:12:00
DEV893,18.585433,73.877028,2026-09-18 09:12:00
DEV639,18.645784,73.808878,2026-09-18 09:12:00
DEV615,18.573348,73.894143,2026-09-18 09:13:00
DEV088,18.612337,73.78994,2026-09-18 09:13:00
DEV472,18.491335,73.840087,2026-09-18 09:13:00
DEV367,18.475269,73.775793,2026-09-18 09:13:00
DEV984,18.616373,73.880489,2026-09-18 09:13:00
DEV512,18.636096,73.918498,2026-09-18 09:13:00
DEV207,18.539917,73.783361,2026-09-18 09:13:00
DEV929,18.465815,73.881941,2026-09-18 09:13:00
DEV547,18.597093,73.860635,2026-09-18 09:13:00
DEV485,18.565783,73.863654,2026-09-18 09:13:00
DEV175,18.476122,73.92347,2026-09-18 09:13:00
DEV725,18.534574,73.828831,2026-09-18 09:13:00
DEV393,18.489681,73.812781,2026-09-18 09:13:00
DEV574,18.532794,73.949871,2026-09-18 09:14:00
DEV279,18.542472,73.767108,2026-09-18 09:14:00
DEV210,18.64729,73.916407,2026-09-18 09:15:00
DEV871,18.533698,73.838017,2026-09-18 09:15:00
DEV834,18.4586,73.816953,2026-09-18 09:15:00
DEV118,18.568034,73.864362,2026-09-18 09:15:00
DEV443,18.454431,73.921649,2026-09-18 09:15:00
DEV435,18.580377,73.775643,2026-09-18 09:15:00
DEV930,18.633602,73.900309,2026-09-18 09:15:00
DEV343,18.581577,73.775164,2026-09-18 09:15:00
DEV863,18.473648,73.842972,2026-09-18 09:16:00
DEV997,18.641174,73.947266,2026-09-18 09:16:00
DEV343,18.477092,73.86687,2026-09-18 09:16:00
DEV102,18.627388,73.91812,2026-09-18 09:16:00
DEV450,18.478164,73.802901,2026-09-18 09:16:00
DEV889,18.618127,73.799025,2026-09-18 09:16:00
DEV497,18.581464,73.798959,2026-09-18 09:16:00
DEV242,18.609342,73.916045,2026-09-18 09:16:00
DEV980,18.639007,73.926914,2026-09-18 09:16:00
DEV482,18.517232,73.770563,2026-09-18 09:17:00
DEV282,18.58036,73.845219,2026-09-18 09:17:00
DEV491,18.648949,73.875094,2026-09-18 09:17:00
DEV711,18.514022,73.844951,2026-09-18 09:17:00
DEV485,18.477859,73.883247,2026-09-18 09:17:00
DEV687,18.500016,73.843703,2026-09-18 09:17:00
DEV737,18.488256,73.810927,2026-09-18 09:18:00
DEV700,18.549476,73.892684,2026-09-18 09:18:00
DEV612,18.481675,73.854363,2026-09-18 09:18:00
DEV084,18.569637,73.89972,2026-09-18 09:18:00
DEV599,18.507363,73.862755,2026-09-18 09:18:00
DEV398,18.608856,73.934036,2026-09-18 09:18:00
DEV491,18.580111,73.914839,2026-09-18 09:18:00
DEV732,18.479754,73.940014,2026-09-18 09:18:00
DEV866,18.54355,73.860872,2026-09-18 09:19:00
DEV675,18.467904,73.872866,2026-09-18 09:19:00
DEV064,18.593274,73.801839,2026-09-18 09:19:00
DEV891,18.471063,73.910244,2026-09-18 09:19:00
DEV868,18.472316,73.913185,2026-09-18 09:19:00
DEV407,18.464024,73.787068,2026-09-18 09:19:00
DEV807,18.49883,73.813864,2026-09-18 09:20:00
DEV268,18.574947,73.800985,2026-09-18 09:20:00
DEV377,18.643808,73.945994,2026-09-18 09:20:00
DEV278,18.475655,73.897676,2026-09-18 09:20:00
DEV138,18.583166,73.942385,2026-09-18 09:20:00
DEV076,18.519512,73.750805,2026-09-18 09:20:00
DEV143,18.578694,73.879382,2026-09-18 09:20:00
DEV549,18.601821,73.890553,2026-09-18 09:21:00
DEV223,18.550885,73.857885,2026-09-18 09:21:00
DEV919,18.519954,73.893564,2026-09-18 09:21:00
DEV076,18.584801,73.829681,2026-09-18 09:21:00
DEV413,18.534685,73.949788,2026-09-18 09:21:00
DEV774,18.562914,73.866716,2026-09-18 09:21:00
DEV628,18.454454,73.943532,2026-09-18 09:21:00
DEV426,18.629976,73.919744,2026-09-18 09:21:00
DEV850,18.591076,73.873003,2026-09-18 09:21:00
DEV436,18.563809,73.782436,2026-09-18 09:21:00
DEV937,18.593311,73.930642,2026-09-18 09:21:00
DEV693,18.553522,73.938826,2026-09-18 09:22:00
DEV757,18.63295,73.917019,2026-09-18 09:22:00
DEV985,18.622762,73.750449,2026-09-18 09:22:00
DEV983,18.55423,73.808981,2026-09-18 09:22:00
DEV431,18.51929,73.911281,2026-09-18 09:22:00
DEV642,18.637772,73.935695,2026-09-18 09:22:00
DEV127,18.474455,73.810328,2026-09-18 09:22:00
DEV940,18.480963,73.867464,2026-09-18 09:22:00
DEV750,18.45074,73.76669,2026-09-18 09:22:00
DEV838,18.648525,73.796219,2026-09-18 09:23:00
DEV478,18.616467,73.756127,2026-09-18 09:23:00
DEV910,18.560965,73.947405,2026-09-18 09:23:00
DEV708,18.60854,73.917417,2026-09-18 09:23:00
DEV699,18.491916,73.76766,2026-09-18 09:24:00
DEV817,18.47431,73.787061,2026-09-18 09:24:00
DEV544,18.587717,73.874489,2026-09-18 09:24:00
DEV840,18.561859,73.866284,2026-09-18 09:24:00
DEV432,18.537722,73.87364,2026-09-18 09:24:00
DEV578,18.483998,73.94565,2026-09-18 09:24:00
DEV563,18.649818,73.810204,2026-09-18 09:24:00
DEV602,18.497151,73.862416,2026-09-18 09:24:00
DEV248,18.50044,73.826148,2026-09-18 09:24:00
DEV784,18.598216,73.819808,2026-09-18 09:24:00
DEV132,18.589714,73.852399,2026-09-18 09:25:00
DEV003,18.513377,73.89196,2026-09-18 09:25:00
DEV296,18.465497,73.860689,2026-09-18 09:25:00
DEV523,18.461068,73.863703,2026-09-18 09:25:00
DEV305,18.458859,73.801604,2026-09-18 09:25:00
DEV809,18.484489,73.84472,2026-09-18 09:25:00
DEV386,18.491537,73.774053,2026-09-18 09:25:00
DEV654,18.567292,73.804265,2026-09-18 09:26:00
DEV036,18.536791,73.908525,2026-09-18 09:26:00
DEV995,18.600467,73.920475,2026-09-18 09:26:00
DEV765,18.558441,73.88304,2026-09-18 09:26:00
DEV739,18.519253,73.942596,2026-09-18 09:26:00
DEV790,18.548008,73.90385,2026-09-18 09:26:00
DEV854,18.480735,73.789337,2026-09-18 09:26:00
DEV489,18.451602,73.816476,2026-09-18 09:26:00
DEV665,18.548139,73.82547,2026-09-18 09:26:00
DEV714,18.457816,73.871716,2026-09-18 09:26:00
DEV883,18.496874,73.919758,2026-09-18 09:26:00
DEV127,18.458687,73.784228,2026-09-18 09:26:00
DEV643,18.588376,73.918544,2026-09-18 09:26:00
DEV505,18.585009,73.779015,2026-09-18 09:26:00
DEV989,18.486634,73.757732,2026-09-18 09:26:00
DEV543,18.596712,73.774079,2026-09-18 09:26:00
DEV974,18.547741,73.942151,2026-09-18 09:26:00
DEV369,18.538301,73.819718,2026-09-18 09:27:00
DEV273,18.493254,73.923445,2026-09-18 09:27:00
DEV027,18.538131,73.807144,2026-09-18 09:27:00
DEV566,18.485486,73.798709,2026-09-18 09:27:00
DEV144,18.613117,73.82247,2026-09-18 09:27:00
DEV794,18.594583,73.897143,2026-09-18 09:27:00
DEV712,18.549187,73.944427,2026-09-18 09:27:00
DEV560,18.578319,73.805237,2026-09-18 09:27:00
DEV126,18.476145,73.895525,2026-09-18 09:27:00
DEV472,18.560298,73.915763,2026-09-18 09:27:00
DEV758,18.622375,73.818404,2026-09-18 09:27:00
DEV172,18.647054,73.867176,2026-09-18 09:27:00
DEV557,18.579729,73.876529,2026-09-18 09:27:00
DEV822,18.544515,73.912186,2026-09-18 09:27:00
DEV509,18.505035,73.887147,2026-09-18 09:27:00
DEV155,18.566507,73.849674,2026-09-18 09:27:00
DEV675,18.630838,73.906684,2026-09-18 09:28:00
DEV272,18.4923,73.925176,2026-09-18 09:28:00
DEV920,18.487374,73.794762,2026-09-18 09:28:00
DEV659,18.554177,73.852784,2026-09-18 09:28:00
DEV366,18.452962,73.794138,2026-09-18 09:28:00
DEV548,18.583239,73.909563,2026-09-18 09:28:00
DEV590,18.501959,73.869892,2026-09-18 09:28:00
DEV063,18.572146,73.885969,2026-09-18 09:28:00
DEV189,18.590032,73.862963,2026-09-18 09:28:00
DEV378,18.455852,73.853335,2026-09-18 09:28:00
DEV980,18.511859,73.805504,2026-09-18 09:28:00
DEV337,18.479483,73.781685,2026-09-18 09:28:00
DEV973,18.565232,73.848185,2026-09-18 09:28:00
DEV727,18.52592,73.759806,2026-09-18 09:29:00
DEV096,18.55885,73.935754,2026-09-18 09:29:00
DEV890,18.59683,73.853344,2026-09-18 09:29:00
DEV976,18.564219,73.810862,2026-09-18 09:29:00
DEV161,18.575005,73.855848,2026-09-18 09:29:00
DEV029,18.5336,73.909428,2026-09-18 09:29:00
DEV751,18.520569,73.821234,2026-09-18 09:29:00
DEV917,18.451773,73.840898,2026-09-18 09:29:00
DEV841,18.473988,73.799782,2026-09-18 09:29:00
DEV864,18.475611,73.826913,2026-09-18 09:29:00
DEV153,18.539859,73.795762,2026-09-18 09:29:00
DEV552,18.5133,73.908812,2026-09-18 09:29:00
DEV902,18.569277,73.82395,2026-09-18 09:30:00
DEV745,18.550557,73.823335,2026-09-18 09:30:00
DEV178,18.632759,73.860338,2026-09-18 09:30:00
DEV113,18.543332,73.829108,2026-09-18 09:30:00
DEV222,18.574678,73.78913,2026-09-18 09:30:00
DEV997,18.644679,73.798108,2026-09-18 09:30:00
DEV846,18.518163,73.763374,2026-09-18 09:30:00
DEV714,18.648425,73.949156,2026-09-18 09:30:00
DEV806,18.534541,73.889478,2026-09-18 09:30:00
DEV205,18.647996,73.827343,2026-09-18 09:30:00
DEV361,18.555982,73.948453,2026-09-18 09:30:00
DEV170,18.469541,73.794438,2026-09-18 09:31:00
DEV397,18.621786,73.799187,2026-09-18 09:31:00
DEV847,18.478493,73.826507,2026-09-18 09:31:00
DEV059,18.589052,73.904765,2026-09-18 09:31:00
DEV363,18.503927,73.898798,2026-09-18 09:31:00
DEV639,18.594628,73.788967,2026-09-18 09:31:00
DEV607,18.499786,73.803489,2026-09-18 09:31:00
DEV065,18.541758,73.932199,2026-09-18 09:31:00
DEV355,18.551948,73.893854,2026-09-18 09:31:00
DEV203,18.593596,73.902692,2026-09-18 09:31:00
DEV856,18.590123,73.898752,2026-09-18 09:31:00
DEV037,18.479697,73.896147,2026-09-18 09:31:00
DEV445,18.608779,73.765704,2026-09-18 09:31:00
DEV244,18.522354,73.84909,2026-09-18 09:31:00
DEV831,18.473236,73.820291,2026-09-18 09:31:00
DEV831,18.531281,73.791656,2026-09-18 09:31:00
DEV903,18.542538,73.785207,2026-09-18 09:32:00
DEV534,18.580412,73.926232,2026-09-18 09:32:00
DEV344,18.509608,73.774934,2026-09-18 09:32:00
DEV069,18.511288,73.808133,2026-09-18 09:32:00
DEV020,18.588369,73.785767,2026-09-18 09:32:00
DEV268,18.51775,73.801706,2026-09-18 09:32:00
DEV516,18.589767,73.77713,2026-09-18 09:32:00
DEV884,18.526178,73.758199,2026-09-18 09:32:00
DEV131,18.465665,73.889086,2026-09-18 09:32:00
DEV961,18.642283,73.818873,2026-09-18 09:32:00
DEV182,18.592741,73.914549,2026-09-18 09:33:00
DEV962,18.622943,73.821456,2026-09-18 09:33:00
DEV690,18.482735,73.792464,2026-09-18 09:33:00
DEV424,18.530896,73.856479,2026-09-18 09:33:00
DEV496,18.647617,73.930989,2026-09-18 09:33:00
DEV099,18.492699,73.907898,2026-09-18 09:33:00
DEV465,18.618983,73.805761,2026-09-18 09:33:00
DEV964,18.539589,73.833966,2026-09-18 09:33:00
DEV259,18.560838,73.9141,2026-09-18 09:33:00
DEV172,18.477099,73.806986,2026-09-18 09:33:00
DEV890,18.459121,73.862061,2026-09-18 09:33:00
DEV110,18.620156,73.879819,2026-09-18 09:33:00
DEV872,18.566356,73.818005,2026-09-18 09:33:00
DEV518,18.623511,73.807732,2026-09-18 09:33:00
DEV580,18.512134,73.765704,2026-09-18 09:33:00
DEV158,18.461644,73.930583,2026-09-18 09:33:00
DEV384,18.608936,73.948229,2026-09-18 09:34:00
DEV668,18.484108,73.874142,2026-09-18 09:34:00
DEV242,18.504283,73.75577,2026-09-18 09:34:00
DEV377,18.485157,73.789326,2026-09-18 09:34:00
DEV382,18.56891,73.940264,2026-09-18 09:34:00
DEV925,18.486713,73.868851,2026-09-18 09:34:00
DEV492,18.514499,73.870859,2026-09-18 09:34:00
DEV787,18.502614,73.801719,2026-09-18 09:34:00
DEV371,18.596584,73.778237,2026-09-18 09:34:00
DEV348,18.532135,73.92252,2026-09-18 09:34:00
DEV189,18.526942,73.878444,2026-09-18 09:34:00
DEV605,18.457326,73.848603,2026-09-18 09:34:00
DEV372,18.58002,73.913905,2026-09-18 09:34:00
DEV883,18.476707,73.828868,2026-09-18 09:34:00
DEV462,18.597869,73.8557,2026-09-18 09:35:00
DEV330,18.570915,73.875728,2026-09-18 09:35:00
DEV659,18.557838,73.770002,2026-09-18 09:35:00
DEV832,18.581558,73.759605,2026-09-18 09:35:00
DEV128,18.597365,73.881495,2026-09-18 09:35:00
DEV031,18.507596,73.949845,2026-09-18 09:35:00
DEV830,18.56735,73.765604,2026-09-18 09:35:00
DEV161,18.646613,73.84539,2026-09-18 09:35:00
DEV039,18.491322,73.932781,2026-09-18 09:35:00
DEV400,18.606391,73.875648,2026-09-18 09:35:00
DEV526,18.577086,73.831225,2026-09-18 09:35:00
DEV222,18.466063,73.916543,2026-09-18 09:35:00
DEV508,18.493853,73.857882,2026-09-18 09:36:00
DEV017,18.616822,73.782395,2026-09-18 09:36:00
DEV467,18.521159,73.825776,2026-09-18 09:36:00
DEV866,18.519961,73.792866,2026-09-18 09:36:00
DEV274,18.59402,73.918641,2026-09-18 09:36:00
DEV618,18.635501,73.784902,2026-09-18 09:37:00
DEV915,18.48737,73.918371,2026-09-18 09:37:00
DEV750,18.526792,73.918114,2026-09-18 09:37:00
DEV528,18.590559,73.760634,2026-09-18 09:37:00
DEV774,18.561368,73.86964,2026-09-18 09:37:00
DEV869,18.6027,73.936337,2026-09-18 09:37:00
DEV073,18.577631,73.765903,2026-09-18 09:37:00
DEV467,18.576127,73.840983,2026-09-18 09:37:00
DEV607,18.573181,73.874271,2026-09-18 09:37:00
DEV926,18.48232,73.815357,2026-09-18 09:38:00
DEV338,18.507072,73.913654,2026-09-18 09:38:00
DEV759,18.611002,73.810337,2026-09-18 09:38:00
DEV112,18.570776,73.804039,2026-09-18 09:38:00
DEV223,18.49736,73.937017,2026-09-18 09:38:00
DEV012,18.499219,73.927915,2026-09-18 09:38:00
DEV687,18.617658,73.910888,2026-09-18 09:38:00
DEV852,18.563507,73.922311,2026-09-18 09:38:00
DEV622,18.544506,73.891059,2026-09-18 09:38:00
DEV137,18.548579,73.91918,2026-09-18 09:38:00
DEV879,18.458025,73.777862,2026-09-18 09:38:00
DEV508,18.450126,73.830739,2026-09-18 09:38:00
DEV503,18.525825,73.754822,2026-09-18 09:38:00
DEV834,18.621314,73.864776,2026-09-18 09:39:00
DEV196,18.483084,73.859727,2026-09-18 09:39:00
DEV162,18.606786,73.777748,2026-09-18 09:39:00
DEV027,18.586604,73.931544,2026-09-18 09:39:00
DEV564,18.559461,73.89775,2026-09-18 09:39:00
DEV814,18.606945,73.864008,2026-09-18 09:39:00
DEV726,18.585432,73.769159,2026-09-18 09:39:00
DEV677,18.468621,73.892917,2026-09-18 09:39:00
DEV599,18.471377,73.768549,2026-09-18 09:39:00
DEV075,18.531466,73.827706,2026-09-18 09:39:00
DEV204,18.513144,73.893583,2026-09-18 09:40:00
DEV610,18.627889,73.76876,2026-09-18 09:40:00
DEV309,18.637175,73.849369,2026-09-18 09:40:00
DEV012,18.624301,73.895312,2026-09-18 09:40:00
DEV639,18.536471,73.944594,2026-09-18 09:40:00
DEV003,18.64852,73.893006,2026-09-18 09:40:00
DEV675,18.610429,73.784179,2026-09-18 09:40:00
DEV830,18.538001,73.845239,2026-09-18 09:40:00
DEV499,18.521053,73.848893,2026-09-18 09:40:00
DEV179,18.47934,73.807333,2026-09-18 09:40:00
DEV676,18.508072,73.83293,2026-09-18 09:40:00
DEV661,18.546134,73.940733,2026-09-18 09:40:00
DEV129,18.573259,73.909541,2026-09-18 09:41:00
DEV442,18.584632,73.867544,2026-09-18 09:41:00
DEV155,18.637054,73.847493,2026-09-18 09:41:00
DEV079,18.610047,73.757409,2026-09-18 09:41:00
DEV606,18.572298,73.77962,2026-09-18 09:41:00
DEV739,18.554898,73.810052,2026-09-18 09:41:00
DEV156,18.606947,73.949785,2026-09-18 09:41:00
DEV387,18.627837,73.937413,2026-09-18 09:41:00
DEV948,18.518137,73.752304,2026-09-18 09:42:00
DEV532,18.516763,73.766951,2026-09-18 09:42:00
DEV329,18.520804,73.794817,2026-09-18 09:42:00
DEV412,18.584071,73.816636,2026-09-18 09:42:00
DEV592,18.48743,73.767401,2026-09-18 09:42:00
DEV559,18.62213,73.845893,2026-09-18 09:42:00
DEV273,18.477881,73.879349,2026-09-18 09:42:00
DEV662,18.537434,73.798656,2026-09-18 09:42:00
DEV190,18.629805,73.813675,2026-09-18 09:42:00
DEV410,18.585961,73.83155,2026-09-18 09:43:00
DEV293,18.502721,73.920466,2026-09-18 09:43:00
DEV573,18.573025,73.822201,2026-09-18 09:43:00
DEV588,18.510945,73.801082,2026-09-18 09:43:00
DEV172,18.494441,73.778988,2026-09-18 09:43:00
DEV679,18.500511,73.844733,2026-09-18 09:43:00
DEV454,18.551274,73.81127,2026-09-18 09:43:00
DEV109,18.556662,73.801263,2026-09-18 09:44:00
DEV665,18.639795,73.795837,2026-09-18 09:44:00
DEV234,18.456478,73.917424,2026-09-18 09:44:00
DEV384,18.565303,73.878629,2026-09-18 09:44:00
DEV683,18.579273,73.874286,2026-09-18 09:44:00
DEV082,18.474847,73.780908,2026-09-18 09:44:00
DEV305,18.521745,73.818367,2026-09-18 09:44:00
DEV388,18.595364,73.778301,2026-09-18 09:44:00
DEV017,18.469404,73.829698,2026-09-18 09:44:00
DEV878,18.608497,73.835249,2026-09-18 09:44:00
DEV988,18.56407,73.875762,2026-09-18 09:44:00
DEV620,18.474168,73.812293,2026-09-18 09:45:00
DEV080,18.61045,73.827452,2026-09-18 09:45:00
DEV670,18.545717,73.948142,2026-09-18 09:45:00
DEV817,18.530795,73.861505,2026-09-18 09:45:00
DEV776,18.585575,73.789373,2026-09-18 09:45:00
DEV116,18.470394,73.867598,2026-09-18 09:45:00
DEV132,18.487082,73.902424,2026-09-18 09:45:00
DEV405,18.615934,73.863105,2026-09-18 09:45:00
DEV417,18.550007,73.867384,2026-09-18 09:45:00
DEV883,18.536184,73.879256,2026-09-18 09:45:00
DEV482,18.525577,73.856627,2026-09-18 09:45:00
DEV400,18.608237,73.883078,2026-09-18 09:46:00
DEV063,18.537255,73.845519,2026-09-18 09:46:00
DEV053,18.609479,73.908602,2026-09-18 09:46:00
DEV090,18.528085,73.855383,2026-09-18 09:46:00
DEV788,18.645786,73.853671,2026-09-18 09:46:00
DEV738,18.488602,73.839158,2026-09-18 09:46:00
DEV439,18.606694,73.940021,2026-09-18 09:46:00
DEV013,18.585149,73.90233,2026-09-18 09:46:00
DEV224,18.648554,73.802813,2026-09-18 09:46:00
DEV192,18.489868,73.805585,2026-09-18 09:46:00
DEV088,18.600354,73.929534,2026-09-18 09:46:00
DEV661,18.617818,73.863797,2026-09-18 09:47:00
DEV713,18.630047,73.946576,2026-09-18 09:47:00
DEV206,18.639773,73.923399,2026-09-18 09:47:00
DEV576,18.542814,73.751364,2026-09-18 09:47:00
DEV376,18.559048,73.763709,2026-09-18 09:47:00
DEV199,18.57424,73.902388,2026-09-18 09:47:00
DEV178,18.505622,73.928172,2026-09-18 09:47:00
DEV334,18.625208,73.834801,2026-09-18 09:47:00
DEV262,18.548383,73.818061,2026-09-18 09:47:00
DEV190,18.527619,73.863067,2026-09-18 09:47:00
DEV808,18.628468,73.92999,2026-09-18 09:47:00
DEV884,18.611676,73.810034,2026-09-18 09:47:00
DEV334,18.59776,73.936906,2026-09-18 09:47:00
DEV106,18.502206,73.915917,2026-09-18 09:48:00
DEV027,18.499703,73.773091,2026-09-18 09:48:00
DEV670,18.504882,73.822665,2026-09-18 09:48:00
DEV814,18.47019,73.883154,2026-09-18 09:48:00
DEV927,18.455538,73.92994,2026-09-18 09:48:00
DEV336,18.645478,73.849645,2026-09-18 09:48:00
DEV884,18.578603,73.941541,2026-09-18 09:49:00
DEV381,18.586183,73.933508,2026-09-18 09:49:00
DEV459,18.606502,73.932607,2026-09-18 09:49:00
DEV137,18.564288,73.899129,2026-09-18 09:49:00
DEV033,18.494471,73.93033,2026-09-18 09:49:00
DEV870,18.607173,73.774308,2026-09-18 09:49:00
DEV214,18.576746,73.90784,2026-09-18 09:49:00
DEV516,18.501019,73.846455,2026-09-18 09:49:00
DEV744,18.533878,73.895154,2026-09-18 09:49:00
DEV079,18.523654,73.893169,2026-09-18 09:49:00
DEV395,18.483704,73.791081,2026-09-18 09:49:00
DEV302,18.635746,73.779139,2026-09-18 09:49:00
DEV992,18.573609,73.753144,2026-09-18 09:49:00
DEV754,18.600018,73.783727,2026-09-18 09:49:00
DEV548,18.47867,73.908917,2026-09-18 09:49:00
DEV792,18.500852,73.804717,2026-09-18 09:49:00
DEV109,18.468782,73.756803,2026-09-18 09:49:00
DEV401,18.483494,73.915171,2026-09-18 09:49:00
DEV654,18.50212,73.779305,2026-09-18 09:50:00
DEV969,18.537734,73.910291,2026-09-18 09:50:00
DEV734,18.54445,73.831507,2026-09-18 09:50:00
DEV480,18.595171,73.793354,2026-09-18 09:50:00
DEV151,18.551832,73.807668,2026-09-18 09:50:00
DEV984,18.487505,73.783976,2026-09-18 09:50:00
DEV356,18.629512,73.881022,2026-09-18 09:50:00
DEV660,18.643622,73.85519,2026-09-18 09:50:00
DEV232,18.523581,73.874908,2026-09-18 09:50:00
DEV910,18.552103,73.870293,2026-09-18 09:51:00
DEV357,18.605814,73.832128,2026-09-18 09:51:00
DEV319,18.502386,73.874997,2026-09-18 09:51:00
DEV749,18.612221,73.875395,2026-09-18 09:51:00
DEV113,18.534849,73.808019,2026-09-18 09:51:00
DEV740,18.508534,73.858674,2026-09-18 09:51:00
DEV065,18.631961,73.900668,2026-09-18 09:51:00
DEV542,18.481055,73.759744,2026-09-18 09:51:00
DEV083,18.612309,73.846578,2026-09-18 09:51:00
DEV247,18.474226,73.945735,2026-09-18 09:51:00
DEV685,18.506446,73.807716,2026-09-18 09:52:00
DEV283,18.464389,73.852151,2026-09-18 09:52:00
DEV196,18.582868,73.830139,2026-09-18 09:52:00
DEV005,18.532882,73.763034,2026-09-18 09:52:00
DEV012,18.518954,73.887746,2026-09-18 09:52:00
DEV828,18.586866,73.913124,2026-09-18 09:52:00
DEV012,18.546361,73.814824,2026-09-18 09:52:00
DEV327,18.516971,73.782872,2026-09-18 09:52:00
DEV691,18.526758,73.933028,2026-09-18 09:52:00
DEV270,18.528476,73.823115,2026-09-18 09:52:00
DEV853,18.489917,73.804574,2026-09-18 09:52:00
DEV020,18.559399,73.866596,2026-09-18 09:52:00
DEV857,18.591098,73.881027,2026-09-18 09:52:00
DEV464,18.540902,73.795725,2026-09-18 09:53:00
DEV848,18.550046,73.896652,2026-09-18 09:53:00
DEV250,18.472028,73.908344,2026-09-18 09:53:00
DEV365,18.471044,73.7523,2026-09-18 09:53:00
DEV131,18.481852,73.76481,2026-09-18 09:53:00
DEV914,18.602955,73.891596,2026-09-18 09:53:00
DEV908,18.567697,73.766501,2026-09-18 09:53:00
DEV810,18.536216,73.769549,2026-09-18 09:53:00
DEV628,18.543279,73.851399,2026-09-18 09:53:00
DEV571,18.478971,73.841509,2026-09-18 09:53:00
DEV609,18.468414,73.796345,2026-09-18 09:54:00
DEV364,18.580391,73.915816,2026-09-18 09:54:00
DEV704,18.617683,73.854727,2026-09-18 09:54:00
DEV900,18.582885,73.863364,2026-09-18 09:54:00
DEV002,18.487898,73.913596,2026-09-18 09:54:00
DEV877,18.646786,73.850242,2026-09-18 09:54:00
DEV233,18.480592,73.932392,2026-09-18 09:54:00
DEV496,18.59445,73.898191,2026-09-18 09:54:00
DEV027,18.626757,73.777227,2026-09-18 09:54:00
DEV897,18.465826,73.92559,2026-09-18 09:55:00
DEV516,18.62824,73.810855,2026-09-18 09:55:00
DEV482,18.498888,73.786258,2026-09-18 09:55:00
DEV131,18.588984,73.830727,2026-09-18 09:55:00
DEV747,18.52586,73.934117,2026-09-18 09:55:00
DEV828,18.593124,73.830273,2026-09-18 09:56:00
DEV199,18.533581,73.866507,2026-09-18 09:56:00
DEV925,18.619385,73.920706,2026-09-18 09:56:00
DEV313,18.614936,73.881209,2026-09-18 09:56:00
DEV067,18.505469,73.79384,2026-09-18 09:56:00
DEV804,18.590273,73.811106,2026-09-18 09:56:00
DEV048,18.468485,73.752581,2026-09-18 09:56:00
DEV357,18.524834,73.905007,2026-09-18 09:56:00
DEV604,18.530972,73.913959,2026-09-18 09:57:00
DEV311,18.597413,73.76393,2026-09-18 09:57:00
DEV589,18.479114,73.940347,2026-09-18 09:57:00
DEV015,18.476514,73.871682,2026-09-18 09:57:00
DEV845,18.520038,73.797012,2026-09-18 09:57:00
DEV568,18.551816,73.873581,2026-09-18 09:57:00
DEV041,18.527541,73.866419,2026-09-18 09:57:00
DEV275,18.54271,73.836939,2026-09-18 09:57:00
DEV490,18.506315,73.868154,2026-09-18 09:57:00
DEV827,18.475324,73.895139,2026-09-18 09:57:00
DEV427,18.466256,73.918485,2026-09-18 09:57:00
DEV213,18.533577,73.756132,2026-09-18 09:57:00
DEV825,18.579675,73.882497,2026-09-18 09:58:00
DEV424,18.491289,73.80782,2026-09-18 09:58:00
DEV605,18.612723,73.841258,2026-09-18 09:58:00
DEV456,18.456269,73.921394,2026-09-18 09:58:00
DEV834,18.5961,73.785808,2026-09-18 09:58:00
DEV544,18.477832,73.919646,2026-09-18 09:58:00
DEV017,18.649863,73.805579,2026-09-18 09:58:00
DEV932,18.474113,73.93018,2026-09-18 09:58:00
DEV473,18.554387,73.824072,2026-09-18 09:58:00
DEV039,18.492748,73.90013,2026-09-18 09:58:00
DEV857,18.555072,73.835129,2026-09-18 09:58:00
DEV790,18.532103,73.827398,2026-09-18 09:58:00
DEV892,18.517544,73.831387,2026-09-18 09:59:00
DEV631,18.56854,73.914846,2026-09-18 09:59:00
DEV902,18.617346,73.85096,2026-09-18 09:59:00
DEV957,18.562773,73.851822,2026-09-18 09:59:00
DEV817,18.558059,73.821962,2026-09-18 09:59:00
DEV919,18.467515,73.774076,2026-09-18 09:59:00
DEV509,18.635988,73.910757,2026-09-18 09:59:00
DEV236,18.466994,73.917003,2026-09-18 09:59:00
DEV575,18.503745,73.944898,2026-09-18 09:59:00
DEV780,18.597941,73.873663,2026-09-18 09:59:00
DEV557,18.64308,73.827865,2026-09-18 10:00:00
DEV269,18.60506,73.943829,2026-09-18 10:00:00
DEV776,18.490848,73.915657,2026-09-18 10:00:00
DEV183,18.606882,73.920462,2026-09-18 10:00:00
DEV677,18.482171,73.829688,2026-09-18 10:00:00
DEV022,18.532313,73.878707,2026-09-18 10:00:00
DEV908,18.599549,73.842721,2026-09-18 10:01:00
DEV688,18.594798,73.820616,2026-09-18 10:01:00
DEV770,18.565157,73.900166,2026-09-18 10:01:00
DEV679,18.545368,73.932204,2026-09-18 10:01:00
DEV642,18.47794,73.757422,2026-09-18 10:01:00
DEV897,18.639578,73.911722,2026-09-18 10:01:00
DEV440,18.572655,73.847866,2026-09-18 10:01:00
DEV684,18.517169,73.87883,2026-09-18 10:01:00
DEV848,18.569328,73.863278,2026-09-18 10:02:00
DEV314,18.636073,73.804545,2026-09-18 10:02:00
DEV130,18.628536,73.928038,2026-09-18 10:02:00
DEV313,18.499061,73.907689,2026-09-18 10:02:00
DEV771,18.594957,73.935363,2026-09-18 10:02:00
DEV652,18.577596,73.84267,2026-09-18 10:02:00
DEV840,18.475807,73.879911,2026-09-18 10:02:00
DEV881,18.62379,73.899135,2026-09-18 10:02:00
DEV533,18.477653,73.904701,2026-09-18 10:02:00
DEV609,18.612959,73.929748,2026-09-18 10:02:00
DEV310,18.566357,73.823069,2026-09-18 10:02:00
DEV193,18.50175,73.851388,2026-09-18 10:02:00
DEV150,18.482318,73.875019,2026-09-18 10:02:00
DEV840,18.45032,73.750511,2026-09-18 10:02:00
DEV010,18.635917,73.784672,2026-09-18 10:03:00
DEV747,18.603542,73.873728,2026-09-18 10:03:00
DEV693,18.542356,73.764786,2026-09-18 10:03:00
DEV413,18.635467,73.914091,2026-09-18 10:03:00
DEV149,18.59323,73.894571,2026-09-18 10:03:00
DEV518,18.512598,73.800948,2026-09-18 10:03:00
DEV631,18.583143,73.782362,2026-09-18 10:03:00
DEV359,18.472611,73.76387,2026-09-18 10:03:00
DEV751,18.479762,73.928093,2026-09-18 10:03:00
DEV459,18.54434,73.814117,2026-09-18 10:03:00
DEV697,18.457515,73.761728,2026-09-18 10:03:00
DEV426,18.541649,73.945811,2026-09-18 10:03:00
DEV663,18.498392,73.929302,2026-09-18 10:04:00
DEV445,18.538223,73.828957,2026-09-18 10:04:00
DEV295,18.587647,73.943089,2026-09-18 10:04:00
DEV256,18.602132,73.83982,2026-09-18 10:04:00
DEV648,18.499763,73.916209,2026-09-18 10:04:00
DEV896,18.552912,73.81226,2026-09-18 10:04:00
DEV831,18.596631,73.886084,2026-09-18 10:04:00
DEV959,18.640061,73.828379,2026-09-18 10:04:00
DEV754,18.477689,73.948462,2026-09-18 10:04:00
DEV157,18.571946,73.872174,2026-09-18 10:04:00
DEV076,18.473454,73.861739,2026-09-18 10:04:00
DEV118,18.53083,73.946907,2026-09-18 10:04:00
DEV994,18.476125,73.796832,2026-09-18 10:05:00
DEV069,18.62958,73.848355,2026-09-18 10:05:00
DEV712,18.535784,73.871077,2026-09-18 10:05:00
DEV901,18.528335,73.865182,2026-09-18 10:05:00
DEV734,18.640229,73.866699,2026-09-18 10:05:00
DEV129,18.649362,73.94337,2026-09-18 10:05:00
DEV655,18.521557,73.863398,2026-09-18 10:05:00
DEV746,18.577124,73.913168,2026-09-18 10:05:00
DEV160,18.509052,73.821918,2026-09-18 10:05:00
DEV862,18.641919,73.765039,2026-09-18 10:05:00
DEV566,18.517722,73.947517,2026-09-18 10:05:00
DEV491,18.493759,73.896074,2026-09-18 10:05:00
DEV355,18.492603,73.851122,2026-09-18 10:05:00
DEV153,18.457751,73.948283,2026-09-18 10:05:00
DEV339,18.546148,73.946639,2026-09-18 10:05:00
DEV691,18.510915,73.919738,2026-09-18 10:06:00
DEV469,18.450974,73.758373,2026-09-18 10:06:00
DEV938,18.610202,73.808899,2026-09-18 10:06:00
DEV015,18.647338,73.859498,2026-09-18 10:06:00
DEV443,18.517826,73.81397,2026-09-18 10:06:00
DEV255,18.4742,73.824316,2026-09-18 10:06:00
DEV753,18.616991,73.908336,2026-09-18 10:06:00
DEV236,18.584354,73.895864,2026-09-18 10:06:00
DEV378,18.469624,73.773133,2026-09-18 10:06:00
DEV285,18.494885,73.920457,2026-09-18 10:06:00
DEV482,18.599178,73.792183,2026-09-18 10:06:00
DEV019,18.648727,73.871047,2026-09-18 10:06:00
DEV954,18.529992,73.767307,2026-09-18 10:06:00
DEV674,18.471343,73.828703,2026-09-18 10:06:00
DEV081,18.459399,73.831509,2026-09-18 10:06:00
DEV035,18.485482,73.908561,2026-09-18 10:06:00
DEV974,18.497866,73.929278,2026-09-18 10:07:00
DEV894,18.53206,73.794552,2026-09-18 10:07:00
DEV362,18.49499,73.764066,2026-09-18 10:07:00
DEV275,18.502502,73.941893,2026-09-18 10:07:00
DEV035,18.480883,73.793433,2026-09-18 10:07:00
DEV958,18.633017,73.876151,2026-09-18 10:07:00
DEV994,18.57608,73.873218,2026-09-18 10:07:00
DEV564,18.533155,73.819824,2026-09-18 10:07:00
DEV698,18.613482,73.794057,2026-09-18 10:07:00
DEV780,18.457733,73.769904,2026-09-18 10:08:00
DEV674,18.544004,73.90946,2026-09-18 10:08:00
DEV305,18.530326,73.818917,2026-09-18 10:08:00
DEV434,18.559961,73.832017,2026-09-18 10:08:00
DEV963,18.477812,73.767574,2026-09-18 10:08:00
DEV486,18.496369,73.847632,2026-09-18 10:08:00
DEV517,18.468991,73.776775,2026-09-18 10:08:00
DEV594,18.539766,73.780699,2026-09-18 10:08:00
DEV367,18.649504,73.91465,2026-09-18 10:08:00
DEV977,18.648197,73.869848,2026-09-18 10:08:00
DEV168,18.641314,73.895827,2026-09-18 10:08:00
DEV381,18.508144,73.937341,2026-09-18 10:08:00
DEV815,18.633416,73.81811,2026-09-18 10:09:00
DEV164,18.631593,73.777696,2026-09-18 10:09:00
DEV124,18.492928,73.764286,2026-09-18 10:09:00
DEV620,18.54197,73.871378,2026-09-18 10:09:00
DEV096,18.610389,73.930179,2026-09-18 10:09:00
DEV142,18.587474,73.886695,2026-09-18 10:09:00
DEV575,18.640787,73.947955,2026-09-18 10:09:00
DEV636,18.634933,73.949057,2026-09-18 10:09:00
DEV167,18.453901,73.942756,2026-09-18 10:09:00
DEV163,18.604096,73.762833,2026-09-18 10:09:00
DEV921,18.538148,73.870502,2026-09-18 10:10:00
DEV664,18.518682,73.798012,2026-09-18 10:10:00
DEV608,18.518862,73.889231,2026-09-18 10:10:00
DEV017,18.453035,73.867996,2026-09-18 10:10:00
DEV157,18.509324,73.92296,2026-09-18 10:10:00
DEV550,18.463414,73.901744,2026-09-18 10:10:00
DEV343,18.523043,73.76326,2026-09-18 10:10:00
DEV912,18.521432,73.895265,2026-09-18 10:11:00
DEV233,18.486326,73.875154,2026-09-18 10:11:00
DEV258,18.468506,73.889235,2026-09-18 10:11:00
DEV113,18.510278,73.869016,2026-09-18 10:11:00
DEV276,18.509213,73.836559,2026-09-18 10:11:00
DEV749,18.506919,73.80959,2026-09-18 10:11:00
DEV511,18.504386,73.923625,2026-09-18 10:11:00
DEV887,18.576278,73.823055,2026-09-18 10:11:00
DEV720,18.493047,73.803643,2026-09-18 10:11:00
DEV525,18.59909,73.934317,2026-09-18 10:11:00
DEV085,18.517262,73.911433,2026-09-18 10:11:00
DEV046,18.597199,73.916468,2026-09-18 10:12:00
DEV457,18.477046,73.806718,2026-09-18 10:12:00
DEV794,18.600872,73.887596,2026-09-18 10:12:00
DEV844,18.588879,73.78573,2026-09-18 10:13:00
DEV581,18.465904,73.751801,2026-09-18 10:13:00
DEV906,18.551207,73.785929,2026-09-18 10:13:00
DEV548,18.583172,73.937839,2026-09-18 10:13:00
DEV963,18.631159,73.795432,2026-09-18 10:13:00
DEV697,18.638099,73.883323,2026-09-18 10:13:00
DEV880,18.614596,73.942358,2026-09-18 10:13:00
DEV045,18.471571,73.823882,2026-09-18 10:13:00
DEV720,18.63626,73.929126,2026-09-18 10:13:00
DEV283,18.460461,73.919217,2026-09-18 10:13:00
DEV076,18.46749,73.884033,2026-09-18 10:13:00
DEV799,18.539904,73.924726,2026-09-18 10:13:00
DEV559,18.631198,73.840646,2026-09-18 10:14:00
DEV424,18.563112,73.769222,2026-09-18 10:14:00
DEV892,18.461135,73.756489,2026-09-18 10:14:00
DEV525,18.596,73.81834,2026-09-18 10:14:00
DEV788,18.454181,73.921819,2026-09-18 10:14:00
DEV581,18.503247,73.890499,2026-09-18 10:14:00
DEV802,18.648075,73.882205,2026-09-18 10:14:00
DEV210,18.638252,73.872383,2026-09-18 10:15:00
DEV453,18.648677,73.823749,2026-09-18 10:15:00
DEV911,18.561923,73.934899,2026-09-18 10:15:00
DEV548,18.547126,73.827792,2026-09-18 10:15:00
DEV096,18.628088,73.755919,2026-09-18 10:15:00
DEV988,18.533786,73.784878,2026-09-18 10:15:00
DEV906,18.457035,73.941447,2026-09-18 10:15:00
DEV797,18.514911,73.87298,2026-09-18 10:15:00
DEV282,18.453089,73.788504,2026-09-18 10:15:00
DEV556,18.509378,73.889244,2026-09-18 10:15:00
DEV629,18.632324,73.857996,2026-09-18 10:16:00
DEV610,18.550173,73.77846,2026-09-18 10:16:00
DEV801,18.470643,73.791616,2026-09-18 10:16:00
DEV143,18.566879,73.760236,2026-09-18 10:16:00
DEV867,18.634525,73.900238,2026-09-18 10:16:00
DEV369,18.519614,73.842853,2026-09-18 10:17:00
DEV195,18.516456,73.833216,2026-09-18 10:17:00
DEV151,18.536443,73.798363,2026-09-18 10:17:00
DEV173,18.621988,73.795137,2026-09-18 10:17:00
DEV342,18.525402,73.763188,2026-09-18 10:17:00
DEV351,18.454896,73.755754,2026-09-18 10:17:00
DEV287,18.571677,73.838702,2026-09-18 10:18:00
DEV447,18.599463,73.902972,2026-09-18 10:18:00
DEV188,18.48493,73.924342,2026-09-18 10:18:00
DEV984,18.564024,73.921988,2026-09-18 10:18:00
DEV081,18.481832,73.782955,2026-09-18 10:18:00
DEV939,18.628431,73.939469,2026-09-18 10:18:00
DEV012,18.611159,73.766975,2026-09-18 10:18:00
DEV910,18.581964,73.783988,2026-09-18 10:18:00
DEV183,18.644936,73.771154,2026-09-18 10:18:00
DEV100,18.583555,73.9223,2026-09-18 10:18:00
DEV019,18.587675,73.94961,2026-09-18 10:18:00
DEV146,18.464478,73.776932,2026-09-18 10:18:00
DEV928,18.498192,73.822221,2026-09-18 10:19:00
DEV924,18.524966,73.769172,2026-09-18 10:19:00
DEV218,18.637165,73.942637,2026-09-18 10:19:00
DEV381,18.583894,73.895027,2026-09-18 10:19:00
DEV393,18.497363,73.778207,2026-09-18 10:19:00
DEV764,18.552898,73.906955,2026-09-18 10:19:00
DEV505,18.484478,73.902253,2026-09-18 10:19:00
DEV410,18.648126,73.809847,2026-09-18 10:19:00
DEV856,18.516547,73.926612,2026-09-18 10:19:00
DEV401,18.512509,73.779301,2026-09-18 10:19:00
DEV875,18.634381,73.808885,2026-09-18 10:19:00
DEV144,18.59289,73.913099,2026-09-18 10:20:00
DEV530,18.538249,73.922264,2026-09-18 10:20:00
DEV710,18.577668,73.890331,2026-09-18 10:20:00
DEV076,18.572823,73.936384,2026-09-18 10:20:00
DEV055,18.516608,73.914896,2026-09-18 10:20:00
DEV234,18.529601,73.787561,2026-09-18 10:20:00
DEV268,18.585839,73.89029,2026-09-18 10:20:00
DEV871,18.472387,73.876554,2026-09-18 10:20:00
DEV546,18.473648,73.77518,2026-09-18 10:20:00
DEV271,18.574497,73.788055,2026-09-18 10:20:00
DEV769,18.575812,73.791628,2026-09-18 10:20:00
DEV491,18.549746,73.807122,2026-09-18 10:20:00
DEV374,18.472015,73.752817,2026-09-18 10:20:00
DEV797,18.454129,73.846824,2026-09-18 10:21:00
DEV832,18.591966,73.927853,2026-09-18 10:21:00
DEV720,18.579002,73.906721,2026-09-18 10:21:00
DEV659,18.633569,73.80827,2026-09-18 10:21:00
DEV006,18.475311,73.765298,2026-09-18 10:21:00
DEV572,18.538771,73.777483,2026-09-18 10:22:00
DEV254,18.604129,73.802178,2026-09-18 10:22:00
DEV094,18.476679,73.817154,2026-09-18 10:22:00
DEV551,18.585901,73.91175,2026-09-18 10:22:00
DEV871,18.519817,73.905354,2026-09-18 10:22:00
DEV970,18.509676,73.803148,2026-09-18 10:22:00
DEV341,18.469112,73.862456,2026-09-18 10:22:00
DEV097,18.519455,73.927892,2026-09-18 10:23:00
DEV500,18.561724,73.767048,2026-09-18 10:23:00
DEV820,18.542513,73.840501,2026-09-18 10:23:00
DEV507,18.520001,73.826687,2026-09-18 10:23:00
DEV898,18.608223,73.923442,2026-09-18 10:23:00
DEV059,18.562839,73.773814,2026-09-18 10:23:00
DEV910,18.615311,73.815132,2026-09-18 10:23:00
DEV156,18.568824,73.931764,2026-09-18 10:23:00
DEV232,18.589173,73.770838,2026-09-18 10:23:00
DEV315,18.552134,73.820834,2026-09-18 10:23:00
DEV492,18.481263,73.824288,2026-09-18 10:23:00
DEV769,18.462352,73.798952,2026-09-18 10:24:00
DEV126,18.613847,73.943052,2026-09-18 10:24:00
DEV028,18.485134,73.829185,2026-09-18 10:24:00
DEV535,18.552995,73.808685,2026-09-18 10:24:00
DEV312,18.46107,73.836998,2026-09-18 10:24:00
DEV610,18.605699,73.762865,2026-09-18 10:24:00
DEV462,18.459412,73.919351,2026-09-18 10:24:00
DEV166,18.614182,73.883531,2026-09-18 10:25:00
DEV541,18.496063,73.815176,2026-09-18 10:25:00
DEV191,18.489804,73.886226,2026-09-18 10:25:00
DEV547,18.606407,73.785192,2026-09-18 10:25:00
DEV022,18.551441,73.933679,2026-09-18 10:25:00
DEV753,18.62436,73.790848,2026-09-18 10:25:00
DEV540,18.467573,73.89535,2026-09-18 10:25:00
DEV379,18.584395,73.919659,2026-09-18 10:25:00
DEV755,18.607259,73.91028,2026-09-18 10:25:00
DEV546,18.587516,73.83903,2026-09-18 10:25:00
DEV704,18.483642,73.840228,2026-09-18 10:25:00
DEV573,18.61286,73.940823,2026-09-18 10:25:00
DEV154,18.470453,73.948743,2026-09-18 10:25:00
DEV131,18.493924,73.788262,2026-09-18 10:26:00
DEV798,18.4859,73.8222,2026-09-18 10:26:00
DEV567,18.617722,73.949649,2026-09-18 10:26:00
DEV294,18.559347,73.832062,2026-09-18 10:26:00
DEV420,18.560796,73.923406,2026-09-18 10:26:00
DEV871,18.616167,73.828009,2026-09-18 10:26:00
DEV109,18.596881,73.939993,2026-09-18 10:26:00
DEV030,18.630293,73.804471,2026-09-18 10:26:00
DEV633,18.582331,73.869697,2026-09-18 10:26:00
DEV038,18.507856,73.921529,2026-09-18 10:27:00
DEV950,18.458496,73.899503,2026-09-18 10:27:00
DEV370,18.641826,73.795346,2026-09-18 10:27:00
DEV679,18.64805,73.788908,2026-09-18 10:27:00
DEV260,18.517729,73.917414,2026-09-18 10:28:00
DEV430,18.479727,73.876781,2026-09-18 10:28:00
DEV962,18.644954,73.780962,2026-09-18 10:28:00
DEV666,18.484842,73.847871,2026-09-18 10:28:00
DEV673,18.556365,73.758121,2026-09-18 10:28:00
DEV704,18.60866,73.803666,2026-09-18 10:28:00
DEV819,18.622739,73.912118,2026-09-18 10:28:00
DEV464,18.540917,73.934173,2026-09-18 10:28:00
DEV852,18.611616,73.775262,2026-09-18 10:28:00
DEV453,18.541593,73.858065,2026-09-18 10:28:00
DEV975,18.460772,73.815759,2026-09-18 10:28:00
DEV366,18.604083,73.857103,2026-09-18 10:28:00
DEV076,18.570505,73.782051,2026-09-18 10:29:00
DEV122,18.594842,73.770559,2026-09-18 10:29:00
DEV960,18.56919,73.878539,2026-09-18 10:29:00
DEV516,18.510073,73.764057,2026-09-18 10:29:00
DEV147,18.455003,73.861094,2026-09-18 10:29:00
DEV327,18.59372,73.869426,2026-09-18 10:29:00
DEV679,18.598558,73.931018,2026-09-18 10:29:00
DEV125,18.629171,73.817358,2026-09-18 10:29:00
DEV873,18.501736,73.92059,2026-09-18 10:29:00
DEV873,18.478916,73.808992,2026-09-18 10:30:00
DEV288,18.56633,73.886035,2026-09-18 10:30:00
DEV928,18.593147,73.776104,2026-09-18 10:30:00
DEV090,18.600754,73.918661,2026-09-18 10:30:00
DEV507,18.487629,73.874839,2026-09-18 10:30:00
DEV779,18.610607,73.865382,2026-09-18 10:30:00
DEV455,18.497118,73.928316,2026-09-18 10:30:00
DEV315,18.634927,73.941281,2026-09-18 10:30:00
DEV988,18.469737,73.851335,2026-09-18 10:30:00
DEV733,18.51559,73.910663,2026-09-18 10:31:00
DEV173,18.601203,73.935834,2026-09-18 10:31:00
DEV051,18.5065,73.775752,2026-09-18 10:31:00
DEV614,18.587373,73.869557,2026-09-18 10:31:00
DEV269,18.479172,73.891731,2026-09-18 10:31:00
DEV051,18.55289,73.825298,2026-09-18 10:31:00
DEV242,18.631945,73.835931,2026-09-18 10:32:00
DEV452,18.642221,73.892056,2026-09-18 10:32:00
DEV028,18.475141,73.810435,2026-09-18 10:32:00
DEV171,18.593298,73.858186,2026-09-18 10:32:00
DEV287,18.638129,73.909635,2026-09-18 10:32:00
DEV639,18.473611,73.926979,2026-09-18 10:32:00
DEV195,18.588108,73.771505,2026-09-18 10:32:00
DEV418,18.551502,73.926951,2026-09-18 10:32:00
DEV620,18.618696,73.877209,2026-09-18 10:32:00
DEV515,18.546722,73.78817,2026-09-18 10:32:00
DEV067,18.486133,73.845882,2026-09-18 10:32:00
DEV154,18.640415,73.810052,2026-09-18 10:32:00
DEV882,18.510761,73.906657,2026-09-18 10:33:00
DEV097,18.51832,73.908451,2026-09-18 10:33:00
DEV378,18.564537,73.885221,2026-09-18 10:33:00
DEV783,18.636169,73.865618,2026-09-18 10:33:00
DEV673,18.596774,73.755587,2026-09-18 10:33:00
DEV443,18.530646,73.828502,2026-09-18 10:33:00
DEV166,18.468937,73.800472,2026-09-18 10:34:00
DEV370,18.494617,73.796542,2026-09-18 10:34:00
DEV746,18.528971,73.803901,2026-09-18 10:34:00
DEV043,18.481618,73.836468,2026-09-18 10:34:00
DEV231,18.457304,73.929401,2026-09-18 10:35:00
DEV279,18.623792,73.776601,2026-09-18 10:35:00
DEV660,18.594877,73.793138,2026-09-18 10:35:00
DEV558,18.535482,73.8257,2026-09-18 10:35:00
DEV571,18.606592,73.809001,2026-09-18 10:35:00
DEV505,18.646226,73.896594,2026-09-18 10:35:00
DEV561,18.540652,73.935298,2026-09-18 10:35:00
DEV025,18.554043,73.930691,2026-09-18 10:35:00
DEV779,18.504515,73.763699,2026-09-18 10:36:00
DEV013,18.637867,73.877556,2026-09-18 10:36:00
DEV313,18.586048,73.921804,2026-09-18 10:36:00
DEV567,18.454755,73.90967,2026-09-18 10:36:00
DEV770,18.507118,73.84177,2026-09-18 10:36:00
DEV481,18.468356,73.92906,2026-09-18 10:36:00
DEV609,18.452945,73.757127,2026-09-18 10:37:00
DEV974,18.48652,73.926893,2026-09-18 10:37:00
DEV222,18.510976,73.923223,2026-09-18 10:37:00
DEV398,18.626258,73.858549,2026-09-18 10:37:00
DEV192,18.585756,73.881719,2026-09-18 10:37:00
DEV833,18.532251,73.817137,2026-09-18 10:37:00
DEV338,18.500519,73.917847,2026-09-18 10:37:00
DEV961,18.49455,73.876143,2026-09-18 10:37:00
DEV648,18.535372,73.884147,2026-09-18 10:37:00
DEV784,18.560986,73.804431,2026-09-18 10:37:00
DEV408,18.503656,73.896315,2026-09-18 10:37:00
DEV826,18.537018,73.76521,2026-09-18 10:38:00
DEV852,18.482711,73.877929,2026-09-18 10:38:00
DEV176,18.555089,73.830983,2026-09-18 10:38:00
DEV840,18.587388,73.949435,2026-09-18 10:38:00
DEV465,18.536041,73.778624,2026-09-18 10:38:00
DEV891,18.536693,73.788622,2026-09-18 10:38:00
DEV059,18.459299,73.884636,2026-09-18 10:38:00
DEV011,18.586616,73.825053,2026-09-18 10:38:00
DEV354,18.580563,73.841946,2026-09-18 10:39:00
DEV724,18.63932,73.91329,2026-09-18 10:39:00
DEV935,18.517222,73.840069,2026-09-18 10:39:00
DEV589,18.538736,73.776578,2026-09-18 10:39:00
DEV681,18.591198,73.893297,2026-09-18 10:39:00
DEV363,18.452023,73.85132,2026-09-18 10:39:00
DEV330,18.506749,73.837416,2026-09-18 10:39:00
DEV740,18.611003,73.897449,2026-09-18 10:40:00
DEV105,18.452482,73.809616,2026-09-18 10:40:00
DEV798,18.598555,73.867422,2026-09-18 10:40:00
DEV420,18.489926,73.837802,2026-09-18 10:40:00
DEV554,18.499978,73.875079,2026-09-18 10:40:00
DEV003,18.560179,73.866956,2026-09-18 10:40:00
DEV270,18.582749,73.944304,2026-09-18 10:40:00
DEV644,18.508581,73.860358,2026-09-18 10:40:00
DEV524,18.596507,73.77778,2026-09-18 10:40:00
DEV193,18.543573,73.914623,2026-09-18 10:40:00
DEV616,18.498213,73.902925,2026-09-18 10:41:00
DEV718,18.552495,73.777758,2026-09-18 10:41:00
DEV239,18.590783,73.757933,2026-09-18 10:41:00
DEV681,18.601184,73.942468,2026-09-18 10:41:00
DEV065,18.468469,73.777971,2026-09-18 10:41:00
DEV369,18.626829,73.891572,2026-09-18 10:41:00
DEV610,18.642373,73.873054,2026-09-18 10:41:00
DEV279,18.541514,73.909482,2026-09-18 10:41:00
DEV567,18.523001,73.772211,2026-09-18 10:41:00
DEV784,18.561488,73.801349,2026-09-18 10:42:00
DEV485,18.547737,73.775453,2026-09-18 10:42:00
DEV308,18.563965,73.815541,2026-09-18 10:42:00
DEV380,18.611885,73.831996,2026-09-18 10:42:00
DEV184,18.605873,73.768367,2026-09-18 10:42:00
DEV489,18.595677,73.903635,2026-09-18 10:42:00
DEV894,18.596186,73.895787,2026-09-18 10:42:00
DEV381,18.515531,73.893881,2026-09-18 10:42:00
DEV596,18.500068,73.835525,2026-09-18 10:42:00
DEV291,18.561791,73.798436,2026-09-18 10:42:00
DEV766,18.614619,73.930856,2026-09-18 10:42:00
DEV709,18.646848,73.840111,2026-09-18 10:42:00
DEV446,18.505868,73.803437,2026-09-18 10:42:00
DEV455,18.643642,73.88429,2026-09-18 10:43:00
DEV758,18.503842,73.811391,2026-09-18 10:43:00
DEV272,18.512961,73.79429,2026-09-18 10:43:00
DEV516,18.581946,73.929788,2026-09-18 10:43:00
DEV836,18.611374,73.93623,2026-09-18 10:43:00
DEV311,18.572648,73.857228,2026-09-18 10:43:00
DEV570,18.520386,73.841037,2026-09-18 10:43:00
DEV333,18.635212,73.899943,2026-09-18 10:44:00
DEV563,18.525728,73.755718,2026-09-18 10:44:00
DEV799,18.51653,73.934985,2026-09-18 10:44:00
DEV984,18.481878,73.772849,2026-09-18 10:44:00
DEV233,18.522297,73.909417,2026-09-18 10:44:00
DEV886,18.565012,73.811751,2026-09-18 10:44:00
DEV988,18.6331,73.792021,2026-09-18 10:44:00
DEV713,18.577227,73.91653,2026-09-18 10:44:00
DEV433,18.524424,73.944464,2026-09-18 10:44:00
DEV450,18.451972,73.830399,2026-09-18 10:44:00
DEV848,18.472572,73.933263,2026-09-18 10:44:00
DEV867,18.59992,73.866064,2026-09-18 10:44:00
DEV036,18.50676,73.789847,2026-09-18 10:44:00
DEV313,18.560149,73.815622,2026-09-18 10:44:00
DEV570,18.547662,73.872039,2026-09-18 10:45:00
DEV809,18.469318,73.888831,2026-09-18 10:45:00
DEV988,18.584292,73.84802,2026-09-18 10:45:00
DEV805,18.595513,73.935296,2026-09-18 10:45:00
DEV066,18.503179,73.759749,2026-09-18 10:45:00
DEV185,18.577091,73.899162,2026-09-18 10:45:00
DEV565,18.470092,73.75955,2026-09-18 10:45:00
DEV353,18.585493,73.944626,2026-09-18 10:45:00
DEV487,18.614796,73.854598,2026-09-18 10:45:00
DEV284,18.631536,73.78481,2026-09-18 10:45:00
DEV695,18.608343,73.947084,2026-09-18 10:45:00
DEV220,18.568539,73.922057,2026-09-18 10:46:00
DEV791,18.568739,73.860393,2026-09-18 10:46:00
DEV961,18.470188,73.756851,2026-09-18 10:46:00
DEV864,18.605016,73.766546,2026-09-18 10:46:00
DEV796,18.535067,73.940653,2026-09-18 10:46:00
DEV703,18.610513,73.88314,2026-09-18 10:46:00
DEV703,18.472213,73.840235,2026-09-18 10:46:00
DEV951,18.504742,73.780377,2026-09-18 10:47:00
DEV090,18.538752,73.833696,2026-09-18 10:47:00
DEV154,18.629577,73.94068,2026-09-18 10:47:00
DEV401,18.494214,73.762004,2026-09-18 10:47:00
DEV201,18.593076,73.933336,2026-09-18 10:47:00
DEV435,18.618904,73.888678,2026-09-18 10:47:00
DEV091,18.453143,73.892969,2026-09-18 10:47:00
DEV573,18.512202,73.783427,2026-09-18 10:48:00
DEV004,18.489641,73.815369,2026-09-18 10:48:00
DEV979,18.493055,73.891671,2026-09-18 10:48:00
DEV118,18.511784,73.91691,2026-09-18 10:48:00
DEV738,18.532822,73.862811,2026-09-18 10:48:00
DEV939,18.518574,73.895263,2026-09-18 10:48:00
DEV164,18.619998,73.782713,2026-09-18 10:49:00
DEV592,18.476677,73.850745,2026-09-18 10:49:00
DEV083,18.578279,73.929376,2026-09-18 10:49:00
DEV397,18.506336,73.816666,2026-09-18 10:49:00
DEV360,18.543808,73.887435,2026-09-18 10:49:00
DEV972,18.540763,73.75009,2026-09-18 10:49:00
DEV180,18.509893,73.839192,2026-09-18 10:49:00
DEV116,18.547014,73.91936,2026-09-18 10:49:00
DEV917,18.544635,73.891339,2026-09-18 10:50:00
DEV393,18.639559,73.800694,2026-09-18 10:50:00
DEV432,18.592603,73.804486,2026-09-18 10:50:00
DEV196,18.601682,73.807309,2026-09-18 10:50:00
DEV234,18.59059,73.784928,2026-09-18 10:50:00
DEV932,18.510298,73.850948,2026-09-18 10:51:00
DEV325,18.550653,73.881202,2026-09-18 10:51:00
DEV801,18.546204,73.752423,2026-09-18 10:51:00
DEV673,18.535502,73.803724,2026-09-18 10:51:00
DEV254,18.623711,73.875557,2026-09-18 10:51:00
DEV725,18.517279,73.815467,2026-09-18 10:51:00
DEV404,18.453134,73.94638,2026-09-18 10:51:00
DEV563,18.633273,73.807652,2026-09-18 10:51:00
DEV868,18.556039,73.914639,2026-09-18 10:52:00
DEV175,18.529045,73.774043,2026-09-18 10:52:00
DEV958,18.507849,73.877806,2026-09-18 10:52:00
DEV685,18.588773,73.790289,2026-09-18 10:52:00
DEV725,18.558232,73.921616,2026-09-18 10:52:00
DEV524,18.607876,73.90841,2026-09-18 10:52:00
DEV570,18.616601,73.81513,2026-09-18 10:52:00
DEV881,18.501197,73.830425,2026-09-18 10:52:00
DEV882,18.582179,73.83607,2026-09-18 10:52:00
DEV359,18.560501,73.930279,2026-09-18 10:52:00
DEV805,18.633552,73.889455,2026-09-18 10:52:00
DEV260,18.584887,73.860936,2026-09-18 10:52:00
DEV794,18.463179,73.767787,2026-09-18 10:53:00
DEV183,18.459679,73.911096,2026-09-18 10:53:00
DEV728,18.467697,73.802356,2026-09-18 10:53:00
DEV699,18.535358,73.905636,2026-09-18 10:53:00
DEV603,18.456219,73.913969,2026-09-18 10:53:00
DEV058,18.473142,73.936655,2026-09-18 10:53:00
DEV936,18.469775,73.914833,2026-09-18 10:53:00
DEV191,18.463879,73.832992,2026-09-18 10:53:00
DEV236,18.64997,73.947989,2026-09-18 10:53:00
DEV766,18.521242,73.90443,2026-09-18 10:53:00
DEV180,18.597475,73.917084,2026-09-18 10:53:00
DEV789,18.530844,73.863888,2026-09-18 10:53:00
DEV015,18.589024,73.946472,2026-09-18 10:54:00
DEV428,18.613867,73.880071,2026-09-18 10:54:00
DEV632,18.522991,73.826609,2026-09-18 10:54:00
DEV332,18.611299,73.781741,2026-09-18 10:54:00
DEV253,18.587121,73.921988,2026-09-18 10:54:00
DEV045,18.580687,73.838108,2026-09-18 10:54:00
DEV441,18.586718,73.775916,2026-09-18 10:54:00
DEV260,18.502514,73.879975,2026-09-18 10:54:00
DEV278,18.523299,73.870045,2026-09-18 10:54:00
DEV537,18.465278,73.864458,2026-09-18 10:54:00
DEV894,18.603923,73.795767,2026-09-18 10:55:00
DEV551,18.629629,73.938532,2026-09-18 10:55:00
DEV054,18.56589,73.867343,2026-09-18 10:55:00
DEV608,18.45783,73.909187,2026-09-18 10:55:00
DEV634,18.524178,73.899538,2026-09-18 10:55:00
DEV144,18.643632,73.90098,2026-09-18 10:55:00
DEV299,18.641006,73.80466,2026-09-18 10:55:00
DEV838,18.499523,73.778,2026-09-18 10:55:00
DEV921,18.554167,73.809641,2026-09-18 10:55:00
DEV254,18.450568,73.772325,2026-09-18 10:55:00
DEV455,18.589039,73.78288,2026-09-18 10:55:00
DEV640,18.552643,73.80814,2026-09-18 10:55:00
DEV493,18.633781,73.946438,2026-09-18 10:55:00
DEV353,18.591507,73.878349,2026-09-18 10:55:00
DEV818,18.515855,73.809229,2026-09-18 10:56:00
DEV724,18.566685,73.837811,2026-09-18 10:56:00
DEV185,18.579066,73.850928,2026-09-18 10:56:00
DEV295,18.637248,73.91829,2026-09-18 10:56:00
DEV179,18.47818,73.925848,2026-09-18 10:56:00
DEV523,18.461648,73.810665,2026-09-18 10:56:00
DEV806,18.503589,73.870541,2026-09-18 10:56:00
DEV373,18.638285,73.75875,2026-09-18 10:56:00
DEV291,18.505324,73.886449,2026-09-18 10:56:00
DEV873,18.568827,73.862413,2026-09-18 10:56:00
DEV111,18.456289,73.857604,2026-09-18 10:56:00
DEV660,18.51485,73.775254,2026-09-18 10:56:00
DEV289,18.539723,73.836366,2026-09-18 10:57:00
DEV522,18.456413,73.896254,2026-09-18 10:57:00
DEV305,18.605668,73.870307,2026-09-18 10:57:00
DEV532,18.592411,73.824316,2026-09-18 10:57:00
DEV365,18.545843,73.939649,2026-09-18 10:57:00
DEV328,18.50381,73.921945,2026-09-18 10:57:00
DEV138,18.56559,73.877561,2026-09-18 10:57:00
DEV516,18.503884,73.899655,2026-09-18 10:57:00
DEV836,18.521322,73.866252,2026-09-18 10:57:00
DEV494,18.460794,73.901419,2026-09-18 10:57:00
DEV891,18.625432,73.902715,2026-09-18 10:58:00
DEV308,18.473104,73.777148,2026-09-18 10:58:00
DEV540,18.466067,73.805516,2026-09-18 10:58:00
DEV677,18.626595,73.879414,2026-09-18 10:58:00
DEV573,18.632176,73.883612,2026-09-18 10:58:00
DEV819,18.542904,73.875024,2026-09-18 10:58:00
DEV216,18.643987,73.870682,2026-09-18 10:58:00
DEV569,18.521092,73.940207,2026-09-18 10:58:00
DEV610,18.619893,73.834565,2026-09-18 10:58:00
DEV619,18.562396,73.85345,2026-09-18 10:58:00
DEV699,18.593634,73.793298,2026-09-18 10:59:00
DEV739,18.460091,73.837194,2026-09-18 10:59:00
DEV318,18.558957,73.764089,2026-09-18 10:59:00
DEV181,18.558657,73.75092,2026-09-18 10:59:00
DEV694,18.617551,73.926704,2026-09-18 10:59:00
DEV382,18.625569,73.840265,2026-09-18 10:59:00
DEV183,18.552202,73.872735,2026-09-18 10:59:00
DEV303,18.612073,73.791332,2026-09-18 10:59:00
DEV688,18.629481,73.940616,2026-09-18 10:59:00
DEV688,18.493972,73.90084,2026-09-18 10:59:00
DEV384,18.517401,73.809127,2026-09-18 10:59:00
DEV237,18.524816,73.77607,2026-09-18 11:00:00
DEV729,18.611593,73.85165,2026-09-18 11:00:00
DEV267,18.61449,73.883852,2026-09-18 11:00:00
DEV613,18.601493,73.924738,2026-09-18 11:00:00
DEV076,18.641166,73.927493,2026-09-18 11:00:00
DEV097,18.492456,73.796583,2026-09-18 11:00:00
DEV271,18.503018,73.864824,2026-09-18 11:00:00
DEV112,18.538393,73.835222,2026-09-18 11:01:00
DEV898,18.493031,73.790657,2026-09-18 11:01:00
DEV180,18.596244,73.810113,2026-09-18 11:01:00
DEV952,18.502497,73.907098,2026-09-18 11:01:00
DEV627,18.531415,73.922029,2026-09-18 11:01:00
DEV457,18.453567,73.876857,2026-09-18 11:01:00
DEV654,18.506603,73.884619,2026-09-18 11:01:00
DEV645,18.508759,73.769456,2026-09-18 11:01:00
DEV944,18.510674,73.765989,2026-09-18 11:01:00
DEV360,18.507511,73.843825,2026-09-18 11:01:00
DEV107,18.488893,73.814397,2026-09-18 11:01:00
DEV958,18.482512,73.904288,2026-09-18 11:01:00
DEV341,18.571592,73.772186,2026-09-18 11:01:00
DEV267,18.629169,73.865582,2026-09-18 11:01:00
DEV229,18.564152,73.926137,2026-09-18 11:01:00
DEV797,18.494975,73.854153,2026-09-18 11:01:00
DEV131,18.552905,73.886514,2026-09-18 11:01:00
DEV601,18.451766,73.823475,2026-09-18 11:02:00
DEV525,18.460666,73.82791,2026-09-18 11:02:00
DEV546,18.468285,73.813493,2026-09-18 11:02:00
DEV480,18.487734,73.93436,2026-09-18 11:02:00
DEV151,18.598834,73.944116,2026-09-18 11:02:00
DEV387,18.505344,73.86361,2026-09-18 11:02:00
DEV254,18.510825,73.756945,2026-09-18 11:02:00
DEV738,18.630724,73.812753,2026-09-18 11:02:00
DEV779,18.482039,73.884448,2026-09-18 11:02:00
DEV629,18.524325,73.928588,2026-09-18 11:02:00
DEV911,18.465923,73.779954,2026-09-18 11:02:00
DEV207,18.644038,73.75368,2026-09-18 11:03:00
DEV116,18.583387,73.766909,2026-09-18 11:03:00
DEV858,18.500175,73.819706,2026-09-18 11:03:00
DEV431,18.478769,73.839978,2026-09-18 11:03:00
DEV435,18.539514,73.879442,2026-09-18 11:03:00
DEV439,18.502639,73.861344,2026-09-18 11:03:00
DEV106,18.628795,73.791016,2026-09-18 11:03:00
DEV492,18.508059,73.862307,2026-09-18 11:03:00
DEV126,18.452413,73.818093,2026-09-18 11:03:00
DEV355,18.549354,73.837603,2026-09-18 11:03:00
DEV020,18.4991,73.91467,2026-09-18 11:03:00
DEV158,18.587849,73.877148,2026-09-18 11:04:00
DEV565,18.479098,73.861881,2026-09-18 11:04:00
DEV904,18.635529,73.816451,2026-09-18 11:04:00
DEV984,18.528428,73.936718,2026-09-18 11:04:00
DEV937,18.596321,73.795512,2026-09-18 11:04:00
DEV432,18.490216,73.789195,2026-09-18 11:04:00
DEV427,18.495377,73.75396,2026-09-18 11:04:00
DEV464,18.601755,73.763252,2026-09-18 11:04:00
DEV228,18.515295,73.787005,2026-09-18 11:04:00
DEV450,18.514307,73.762223,2026-09-18 11:05:00
DEV348,18.507004,73.897566,2026-09-18 11:05:00
DEV992,18.477108,73.903176,2026-09-18 11:05:00
DEV903,18.628623,73.903751,2026-09-18 11:05:00
DEV230,18.459997,73.773398,2026-09-18 11:05:00
DEV656,18.575511,73.858583,2026-09-18 11:05:00
DEV770,18.62019,73.907996,2026-09-18 11:05:00
DEV949,18.491677,73.856624,2026-09-18 11:05:00
DEV544,18.623128,73.853468,2026-09-18 11:06:00
DEV438,18.557416,73.949183,2026-09-18 11:06:00
DEV584,18.454234,73.869919,2026-09-18 11:06:00
DEV057,18.500116,73.765404,2026-09-18 11:06:00
DEV929,18.503292,73.940852,2026-09-18 11:06:00
DEV539,18.504448,73.907875,2026-09-18 11:06:00
DEV135,18.555504,73.809142,2026-09-18 11:06:00
DEV382,18.550724,73.867401,2026-09-18 11:07:00
DEV131,18.451016,73.937841,2026-09-18 11:07:00
DEV503,18.541412,73.819798,2026-09-18 11:07:00
DEV475,18.479022,73.808302,2026-09-18 11:07:00
DEV682,18.603617,73.874619,2026-09-18 11:07:00
DEV228,18.580374,73.801191,2026-09-18 11:07:00
DEV907,18.649259,73.878485,2026-09-18 11:07:00
DEV564,18.478565,73.783712,2026-09-18 11:07:00
DEV916,18.637332,73.806721,2026-09-18 11:07:00
DEV997,18.554027,73.833009,2026-09-18 11:08:00
DEV131,18.559376,73.835211,2026-09-18 11:08:00
DEV376,18.578171,73.884496,2026-09-18 11:08:00
DEV503,18.51185,73.754116,2026-09-18 11:08:00
DEV937,18.601886,73.782225,2026-09-18 11:08:00
DEV334,18.569941,73.884952,2026-09-18 11:08:00
DEV019,18.535625,73.836156,2026-09-18 11:08:00
DEV616,18.519222,73.832726,2026-09-18 11:08:00
DEV443,18.636675,73.853017,2026-09-18 11:08:00
DEV384,18.634111,73.918275,2026-09-18 11:08:00
DEV313,18.632568,73.840992,2026-09-18 11:08:00
DEV019,18.46913,73.909466,2026-09-18 11:08:00
DEV212,18.622558,73.770718,2026-09-18 11:09:00
DEV149,18.551832,73.789509,2026-09-18 11:09:00
DEV696,18.458579,73.945893,2026-09-18 11:09:00
DEV463,18.636224,73.755931,2026-09-18 11:09:00
DEV020,18.511757,73.801735,2026-09-18 11:09:00
DEV739,18.633927,73.80393,2026-09-18 11:09:00
DEV098,18.573587,73.853003,2026-09-18 11:09:00
DEV973,18.62879,73.940804,2026-09-18 11:09:00
DEV109,18.558374,73.78065,2026-09-18 11:09:00
DEV677,18.629145,73.844711,2026-09-18 11:09:00
DEV767,18.450254,73.924126,2026-09-18 11:09:00
DEV273,18.518706,73.942609,2026-09-18 11:10:00
DEV490,18.617891,73.897671,2026-09-18 11:10:00
DEV645,18.63964,73.826152,2026-09-18 11:10:00
DEV098,18.602793,73.791463,2026-09-18 11:10:00
DEV672,18.558585,73.884747,2026-09-18 11:10:00
DEV404,18.595396,73.863869,2026-09-18 11:10:00
DEV428,18.611135,73.773822,2026-09-18 11:10:00
DEV622,18.610157,73.840601,2026-09-18 11:10:00
DEV940,18.497103,73.862067,2026-09-18 11:10:00
DEV942,18.620927,73.928036,2026-09-18 11:10:00
DEV920,18.595322,73.788004,2026-09-18 11:11:00
DEV318,18.546809,73.825641,2026-09-18 11:11:00
DEV627,18.616202,73.896992,2026-09-18 11:11:00
DEV904,18.620567,73.771013,2026-09-18 11:11:00
DEV087,18.601806,73.768765,2026-09-18 11:11:00
DEV207,18.58512,73.919452,2026-09-18 11:11:00
DEV667,18.593296,73.898355,2026-09-18 11:11:00
DEV834,18.611839,73.874458,2026-09-18 11:11:00
DEV563,18.605032,73.795549,2026-09-18 11:11:00
DEV073,18.617119,73.923709,2026-09-18 11:12:00
DEV655,18.613663,73.855358,2026-09-18 11:12:00
DEV598,18.546145,73.88634,2026-09-18 11:12:00
DEV221,18.487857,73.817713,2026-09-18 11:12:00
DEV075,18.557537,73.838656,2026-09-18 11:12:00
DEV533,18.523989,73.915116,2026-09-18 11:12:00
DEV294,18.462468,73.860273,2026-09-18 11:12:00
DEV587,18.621497,73.758568,2026-09-18 11:12:00
DEV928,18.460119,73.79736,2026-09-18 11:12:00
DEV537,18.59767,73.761953,2026-09-18 11:12:00
DEV928,18.558162,73.930474,2026-09-18 11:13:00
DEV269,18.474542,73.791991,2026-09-18 11:13:00
DEV156,18.496069,73.827564,2026-09-18 11:13:00
DEV990,18.599717,73.845918,2026-09-18 11:13:00
DEV594,18.479356,73.946824,2026-09-18 11:13:00
DEV991,18.46931,73.856301,2026-09-18 11:13:00
DEV453,18.485859,73.940129,2026-09-18 11:13:00
DEV843,18.522732,73.78995,2026-09-18 11:13:00
DEV708,18.582077,73.78752,2026-09-18 11:13:00
DEV924,18.577955,73.802225,2026-09-18 11:13:00
DEV774,18.646604,73.876316,2026-09-18 11:13:00
DEV606,18.475344,73.754473,2026-09-18 11:13:00
DEV715,18.517359,73.822473,2026-09-18 11:13:00
DEV356,18.614478,73.852911,2026-09-18 11:14:00
DEV794,18.58949,73.845296,2026-09-18 11:14:00
DEV612,18.637085,73.852457,2026-09-18 11:14:00
DEV194,18.64894,73.898901,2026-09-18 11:14:00
DEV416,18.638647,73.940715,2026-09-18 11:14:00
DEV561,18.546443,73.757032,2026-09-18 11:14:00
DEV897,18.460515,73.786263,2026-09-18 11:14:00
DEV800,18.496821,73.835743,2026-09-18 11:14:00
DEV565,18.564273,73.874809,2026-09-18 11:14:00
DEV869,18.646451,73.758862,2026-09-18 11:15:00
DEV840,18.492409,73.751237,2026-09-18 11:15:00
DEV736,18.611869,73.829698,2026-09-18 11:15:00
DEV704,18.534615,73.782626,2026-09-18 11:15:00
DEV712,18.460755,73.837492,2026-09-18 11:15:00
DEV583,18.477948,73.758933,2026-09-18 11:15:00
DEV084,18.500723,73.855589,2026-09-18 11:15:00
DEV688,18.609503,73.94506,2026-09-18 11:15:00
DEV797,18.616419,73.770763,2026-09-18 11:15:00
DEV963,18.579517,73.873627,2026-09-18 11:15:00
DEV920,18.593655,73.89998,2026-09-18 11:16:00
DEV335,18.630123,73.873396,2026-09-18 11:16:00
DEV643,18.534667,73.879628,2026-09-18 11:16:00
DEV864,18.477864,73.78793,2026-09-18 11:16:00
DEV926,18.508679,73.799864,2026-09-18 11:16:00
DEV286,18.573829,73.790757,2026-09-18 11:16:00
DEV575,18.501843,73.779777,2026-09-18 11:16:00
DEV683,18.535864,73.788072,2026-09-18 11:16:00
DEV925,18.465837,73.917239,2026-09-18 11:16:00
DEV925,18.475749,73.781151,2026-09-18 11:16:00
DEV371,18.584222,73.874333,2026-09-18 11:16:00
DEV022,18.538743,73.882718,2026-09-18 11:16:00
DEV732,18.549503,73.807788,2026-09-18 11:16:00
DEV235,18.552318,73.806833,2026-09-18 11:17:00
DEV619,18.495636,73.935246,2026-09-18 11:17:00
DEV731,18.573208,73.803723,2026-09-18 11:17:00
DEV113,18.497269,73.862395,2026-09-18 11:17:00
DEV452,18.500783,73.756775,2026-09-18 11:17:00
DEV705,18.601321,73.896742,2026-09-18 11:18:00
DEV298,18.500691,73.751806,2026-09-18 11:18:00
DEV184,18.555349,73.842281,2026-09-18 11:18:00
DEV099,18.642443,73.832737,2026-09-18 11:18:00
DEV293,18.474018,73.933592,2026-09-18 11:18:00
DEV474,18.53573,73.917591,2026-09-18 11:18:00
DEV546,18.549913,73.943,2026-09-18 11:18:00
DEV726,18.52166,73.890301,2026-09-18 11:18:00
DEV561,18.476824,73.896388,2026-09-18 11:18:00
DEV420,18.515799,73.942349,2026-09-18 11:18:00
DEV290,18.454848,73.89629,2026-09-18 11:18:00
DEV705,18.602062,73.925636,2026-09-18 11:18:00
DEV960,18.641541,73.845166,2026-09-18 11:18:00
DEV053,18.637215,73.941512,2026-09-18 11:19:00
DEV058,18.54931,73.775927,2026-09-18 11:19:00
DEV289,18.594419,73.913506,2026-09-18 11:19:00
DEV665,18.559953,73.896534,2026-09-18 11:19:00
DEV794,18.648645,73.805631,2026-09-18 11:19:00
DEV685,18.608634,73.861056,2026-09-18 11:19:00
DEV590,18.583957,73.818573,2026-09-18 11:19:00
DEV065,18.50076,73.850609,2026-09-18 11:19:00
DEV364,18.455719,73.852552,2026-09-18 11:19:00
DEV277,18.535713,73.809033,2026-09-18 11:19:00
DEV144,18.454934,73.848738,2026-09-18 11:19:00
DEV686,18.64458,73.927699,2026-09-18 11:19:00
DEV365,18.46526,73.870442,2026-09-18 11:20:00
DEV743,18.617144,73.794409,2026-09-18 11:20:00
DEV850,18.498364,73.837945,2026-09-18 11:20:00
DEV335,18.602612,73.859697,2026-09-18 11:20:00
DEV849,18.579517,73.802468,2026-09-18 11:20:00
DEV028,18.501383,73.939276,2026-09-18 11:20:00
DEV502,18.522064,73.767267,2026-09-18 11:20:00
DEV099,18.642697,73.829108,2026-09-18 11:20:00
DEV053,18.575043,73.854173,2026-09-18 11:20:00
DEV500,18.603054,73.80263,2026-09-18 11:20:00
DEV382,18.455095,73.905372,2026-09-18 11:20:00
DEV903,18.468023,73.947132,2026-09-18 11:21:00
DEV223,18.467591,73.876125,2026-09-18 11:21:00
DEV458,18.545265,73.855906,2026-09-18 11:21:00
DEV664,18.475525,73.768452,2026-09-18 11:21:00
DEV405,18.640036,73.846554,2026-09-18 11:21:00
DEV035,18.573122,73.949849,2026-09-18 11:21:00
DEV652,18.527206,73.918908,2026-09-18 11:21:00
DEV842,18.459523,73.785694,2026-09-18 11:21:00
DEV274,18.556565,73.789567,2026-09-18 11:21:00
DEV268,18.646747,73.776416,2026-09-18 11:21:00
DEV667,18.501259,73.769022,2026-09-18 11:21:00
DEV043,18.567538,73.814786,2026-09-18 11:21:00
DEV798,18.606115,73.889716,2026-09-18 11:21:00
DEV079,18.640306,73.816625,2026-09-18 11:22:00
DEV565,18.457588,73.844252,2026-09-18 11:22:00
DEV657,18.5031,73.773541,2026-09-18 11:22:00
DEV369,18.557123,73.856941,2026-09-18 11:22:00
DEV093,18.619894,73.860342,2026-09-18 11:22:00
DEV213,18.642868,73.799554,2026-09-18 11:22:00
DEV790,18.600488,73.923731,2026-09-18 11:22:00
DEV192,18.600359,73.849909,2026-09-18 11:22:00
DEV391,18.550975,73.853558,2026-09-18 11:23:00
DEV204,18.501177,73.840363,2026-09-18 11:23:00
DEV101,18.552028,73.833563,2026-09-18 11:23:00
DEV375,18.541492,73.766405,2026-09-18 11:23:00
DEV852,18.633491,73.891313,2026-09-18 11:23:00
DEV499,18.499759,73.900454,2026-09-18 11:23:00
DEV399,18.561141,73.89946,2026-09-18 11:24:00
DEV982,18.556067,73.826544,2026-09-18 11:24:00
DEV079,18.513109,73.823449,2026-09-18 11:24:00
DEV963,18.539669,73.947155,2026-09-18 11:24:00
DEV250,18.649647,73.77738,2026-09-18 11:24:00
DEV294,18.514459,73.921623,2026-09-18 11:24:00
DEV500,18.637672,73.931081,2026-09-18 11:24:00
DEV418,18.451653,73.894704,2026-09-18 11:24:00
DEV814,18.506776,73.818224,2026-09-18 11:24:00
DEV085,18.620201,73.757186,2026-09-18 11:24:00
DEV968,18.614442,73.786459,2026-09-18 11:24:00
DEV787,18.502279,73.854909,2026-09-18 11:24:00
DEV920,18.631903,73.907055,2026-09-18 11:25:00
DEV946,18.578715,73.933459,2026-09-18 11:25:00
DEV073,18.56038,73.788045,2026-09-18 11:25:00
DEV581,18.505005,73.873595,2026-09-18 11:25:00
DEV778,18.6318,73.886507,2026-09-18 11:25:00
DEV533,18.611438,73.836356,2026-09-18 11:25:00
DEV996,18.511956,73.765606,2026-09-18 11:25:00
DEV537,18.513633,73.796819,2026-09-18 11:25:00
DEV330,18.565462,73.771208,2026-09-18 11:25:00
DEV469,18.48402,73.892528,2026-09-18 11:25:00
DEV143,18.51823,73.829116,2026-09-18 11:26:00
DEV168,18.532266,73.884623,2026-09-18 11:26:00
DEV073,18.567427,73.769894,2026-09-18 11:26:00
DEV933,18.529879,73.837364,2026-09-18 11:26:00
DEV241,18.452685,73.778764,2026-09-18 11:26:00
DEV234,18.618873,73.868719,2026-09-18 11:26:00
DEV483,18.635398,73.89884,2026-09-18 11:26:00
DEV829,18.47389,73.871663,2026-09-18 11:26:00
DEV983,18.505523,73.76012,2026-09-18 11:26:00
DEV237,18.507237,73.869284,2026-09-18 11:26:00
DEV881,18.591634,73.945733,2026-09-18 11:26:00
DEV884,18.461089,73.764567,2026-09-18 11:26:00
DEV225,18.585278,73.799924,2026-09-18 11:26:00
DEV520,18.469977,73.926637,2026-09-18 11:26:00
DEV785,18.457193,73.76257,2026-09-18 11:26:00
DEV395,18.547619,73.869268,2026-09-18 11:26:00
DEV514,18.613267,73.915025,2026-09-18 11:26:00
DEV712,18.595551,73.773238,2026-09-18 11:27:00
DEV069,18.502616,73.922208,2026-09-18 11:27:00
DEV298,18.495168,73.926451,2026-09-18 11:27:00
DEV583,18.504393,73.945063,2026-09-18 11:27:00
DEV890,18.528789,73.753033,2026-09-18 11:27:00
DEV754,18.61196,73.794904,2026-09-18 11:27:00
DEV401,18.526559,73.797605,2026-09-18 11:27:00
DEV916,18.504565,73.808497,2026-09-18 11:27:00
DEV429,18.513641,73.766029,2026-09-18 11:27:00
DEV073,18.568623,73.936404,2026-09-18 11:28:00
DEV361,18.536989,73.932625,2026-09-18 11:28:00
DEV500,18.478562,73.797273,2026-09-18 11:28:00
DEV015,18.464222,73.879617,2026-09-18 11:28:00
DEV913,18.640435,73.909603,2026-09-18 11:28:00
DEV299,18.635542,73.805988,2026-09-18 11:28:00
DEV125,18.554219,73.790594,2026-09-18 11:28:00
DEV887,18.49326,73.893228,2026-09-18 11:28:00
DEV872,18.497803,73.873065,2026-09-18 11:28:00
DEV363,18.576657,73.902155,2026-09-18 11:28:00
DEV603,18.464101,73.922298,2026-09-18 11:28:00
DEV154,18.551633,73.937699,2026-09-18 11:28:00
DEV210,18.604418,73.813731,2026-09-18 11:28:00
DEV821,18.517139,73.913522,2026-09-18 11:28:00
DEV444,18.581773,73.86145,2026-09-18 11:28:00
DEV794,18.619714,73.899239,2026-09-18 11:28:00
DEV517,18.577244,73.869966,2026-09-18 11:28:00
DEV425,18.634465,73.792067,2026-09-18 11:29:00
DEV783,18.48763,73.839988,2026-09-18 11:29:00
DEV915,18.589056,73.803219,2026-09-18 11:29:00
DEV075,18.607789,73.829836,2026-09-18 11:29:00
DEV346,18.622442,73.767856,2026-09-18 11:29:00
DEV387,18.594134,73.891272,2026-09-18 11:29:00
DEV606,18.486164,73.75389,2026-09-18 11:29:00
DEV187,18.461341,73.796592,2026-09-18 11:29:00
DEV748,18.623416,73.876983,2026-09-18 11:29:00
DEV784,18.492185,73.897425,2026-09-18 11:29:00
DEV205,18.588845,73.752035,2026-09-18 11:29:00
DEV198,18.576194,73.829843,2026-09-18 11:29:00
DEV103,18.471742,73.825761,2026-09-18 11:29:00
DEV900,18.638176,73.915063,2026-09-18 11:30:00
DEV029,18.530176,73.853455,2026-09-18 11:30:00
DEV216,18.603434,73.819962,2026-09-18 11:30:00
DEV763,18.648033,73.814263,2026-09-18 11:30:00
DEV599,18.622961,73.877989,2026-09-18 11:30:00
DEV942,18.555393,73.833125,2026-09-18 11:30:00
DEV107,18.562723,73.775962,2026-09-18 11:30:00
DEV944,18.635361,73.760854,2026-09-18 11:30:00
DEV974,18.636666,73.827298,2026-09-18 11:30:00
DEV019,18.63266,73.823506,2026-09-18 11:30:00
DEV514,18.541529,73.85061,2026-09-18 11:30:00
DEV215,18.590481,73.792059,2026-09-18 11:30:00
DEV941,18.540409,73.75467,2026-09-18 11:30:00
DEV544,18.536721,73.841575,2026-09-18 11:31:00
DEV778,18.504084,73.935745,2026-09-18 11:31:00
DEV014,18.501531,73.94596,2026-09-18 11:31:00
DEV303,18.491622,73.892407,2026-09-18 11:31:00
DEV935,18.514852,73.770603,2026-09-18 11:31:00
DEV476,18.455494,73.945607,2026-09-18 11:31:00
DEV125,18.585582,73.801474,2026-09-18 11:31:00
DEV286,18.562857,73.921509,2026-09-18 11:31:00
DEV589,18.466018,73.866624,2026-09-18 11:31:00
DEV599,18.476935,73.757178,2026-09-18 11:32:00
DEV167,18.574237,73.783243,2026-09-18 11:32:00
DEV805,18.554632,73.941327,2026-09-18 11:32:00
DEV429,18.638243,73.782551,2026-09-18 11:32:00
DEV268,18.528115,73.752396,2026-09-18 11:32:00
DEV648,18.641227,73.883722,2026-09-18 11:32:00
DEV606,18.491329,73.865148,2026-09-18 11:32:00
DEV503,18.552361,73.773753,2026-09-18 11:32:00
DEV280,18.632775,73.873045,2026-09-18 11:32:00
DEV204,18.535838,73.861248,2026-09-18 11:32:00
DEV601,18.537254,73.76617,2026-09-18 11:32:00
DEV866,18.534396,73.825335,2026-09-18 11:32:00
DEV694,18.504764,73.76842,2026-09-18 11:32:00
DEV512,18.498923,73.750451,2026-09-18 11:32:00
DEV727,18.461862,73.768773,2026-09-18 11:32:00
DEV388,18.453147,73.755962,2026-09-18 11:32:00
DEV687,18.537782,73.809109,2026-09-18 11:33:00
DEV466,18.641249,73.8124,2026-09-18 11:33:00
DEV883,18.484712,73.931913,2026-09-18 11:33:00
DEV294,18.585849,73.832496,2026-09-18 11:33:00
DEV349,18.528796,73.882038,2026-09-18 11:34:00
DEV273,18.507801,73.823832,2026-09-18 11:34:00
DEV415,18.565132,73.762298,2026-09-18 11:34:00
DEV082,18.451956,73.947543,2026-09-18 11:34:00
DEV054,18.46258,73.820917,2026-09-18 11:34:00
DEV994,18.529822,73.87667,2026-09-18 11:34:00
DEV041,18.596202,73.846442,2026-09-18 11:34:00
DEV761,18.482722,73.818406,2026-09-18 11:34:00
DEV769,18.587672,73.768979,2026-09-18 11:34:00
DEV921,18.597567,73.845335,2026-09-18 11:34:00
DEV858,18.610436,73.752636,2026-09-18 11:34:00
DEV233,18.527911,73.834603,2026-09-18 11:35:00
DEV640,18.58289,73.79588,2026-09-18 11:35:00
DEV804,18.590246,73.857525,2026-09-18 11:35:00
DEV608,18.553886,73.759207,2026-09-18 11:35:00
DEV685,18.630574,73.763506,2026-09-18 11:35:00
DEV408,18.450128,73.851194,2026-09-18 11:35:00
DEV799,18.55979,73.815885,2026-09-18 11:35:00
DEV228,18.607333,73.888269,2026-09-18 11:35:00
DEV617,18.598093,73.939692,2026-09-18 11:35:00
DEV682,18.634229,73.842839,2026-09-18 11:35:00
DEV855,18.591073,73.795974,2026-09-18 11:35:00
DEV481,18.520986,73.937616,2026-09-18 11:35:00
DEV124,18.614669,73.907093,2026-09-18 11:35:00
DEV182,18.510731,73.77143,2026-09-18 11:35:00
DEV019,18.604318,73.767857,2026-09-18 11:36:00
DEV471,18.64587,73.943925,2026-09-18 11:36:00
DEV751,18.538521,73.90177,2026-09-18 11:36:00
DEV790,18.593444,73.761227,2026-09-18 11:36:00
DEV079,18.581993,73.864204,2026-09-18 11:36:00
DEV251,18.572205,73.780539,2026-09-18 11:36:00
DEV626,18.619443,73.829903,2026-09-18 11:36:00
DEV899,18.596952,73.906613,2026-09-18 11:36:00
DEV494,18.481785,73.898597,2026-09-18 11:37:00
DEV571,18.567346,73.853354,2026-09-18 11:37:00
DEV613,18.500676,73.859911,2026-09-18 11:37:00
DEV772,18.594722,73.810096,2026-09-18 11:37:00
DEV226,18.649873,73.880617,2026-09-18 11:37:00
DEV683,18.497314,73.828208,2026-09-18 11:37:00
DEV332,18.641709,73.81203,2026-09-18 11:37:00
DEV497,18.531577,73.781786,2026-09-18 11:37:00
DEV132,18.51078,73.835545,2026-09-18 11:37:00
DEV759,18.570277,73.897229,2026-09-18 11:38:00
DEV858,18.511082,73.931168,2026-09-18 11:38:00
DEV889,18.535481,73.877229,2026-09-18 11:38:00
DEV927,18.56121,73.810036,2026-09-18 11:38:00
DEV356,18.592179,73.870136,2026-09-18 11:38:00
DEV682,18.581632,73.82198,2026-09-18 11:38:00
DEV708,18.46517,73.895154,2026-09-18 11:38:00
DEV477,18.600316,73.888445,2026-09-18 11:38:00
DEV863,18.511559,73.815857,2026-09-18 11:38:00
DEV670,18.565953,73.779055,2026-09-18 11:38:00
DEV130,18.646992,73.851084,2026-09-18 11:39:00
DEV183,18.60485,73.916003,2026-09-18 11:39:00
DEV904,18.517797,73.900791,2026-09-18 11:39:00
DEV687,18.486585,73.751365,2026-09-18 11:39:00
DEV201,18.566778,73.818639,2026-09-18 11:39:00
DEV615,18.585975,73.835767,2026-09-18 11:39:00
DEV530,18.461128,73.804514,2026-09-18 11:40:00
DEV283,18.566436,73.928163,2026-09-18 11:40:00
DEV620,18.632318,73.827237,2026-09-18 11:40:00
DEV582,18.526613,73.781007,2026-09-18 11:40:00
DEV256,18.474713,73.905653,2026-09-18 11:40:00
DEV391,18.499199,73.865558,2026-09-18 11:40:00
DEV791,18.566034,73.894248,2026-09-18 11:40:00
DEV297,18.551117,73.842368,2026-09-18 11:40:00
DEV886,18.495694,73.760111,2026-09-18 11:40:00
DEV383,18.592826,73.79945,2026-09-18 11:40:00
DEV379,18.562336,73.832435,2026-09-18 11:40:00
DEV762,18.491495,73.834247,2026-09-18 11:40:00
DEV701,18.50286,73.865534,2026-09-18 11:41:00
DEV886,18.545737,73.86162,2026-09-18 11:41:00
DEV372,18.526117,73.904804,2026-09-18 11:41:00
DEV141,18.509219,73.86997,2026-09-18 11:41:00
DEV341,18.513201,73.802747,2026-09-18 11:41:00
DEV444,18.600744,73.872925,2026-09-18 11:41:00
DEV900,18.553706,73.774292,2026-09-18 11:41:00
DEV589,18.602599,73.892225,2026-09-18 11:41:00
DEV810,18.637269,73.941406,2026-09-18 11:41:00
DEV376,18.556976,73.838344,2026-09-18 11:41:00
DEV477,18.54122,73.889722,2026-09-18 11:41:00
DEV629,18.573046,73.912657,2026-09-18 11:41:00
DEV584,18.47518,73.759634,2026-09-18 11:41:00
DEV203,18.617953,73.891005,2026-09-18 11:41:00
DEV891,18.53641,73.826666,2026-09-18 11:41:00
DEV213,18.518603,73.90783,2026-09-18 11:41:00
DEV944,18.505509,73.788268,2026-09-18 11:41:00
DEV168,18.564577,73.843191,2026-09-18 11:42:00
DEV124,18.562162,73.933177,2026-09-18 11:42:00
DEV385,18.469396,73.856395,2026-09-18 11:42:00
DEV587,18.508488,73.895435,2026-09-18 11:42:00
DEV929,18.539673,73.940843,2026-09-18 11:42:00
DEV672,18.500041,73.841728,2026-09-18 11:42:00
DEV179,18.586777,73.762128,2026-09-18 11:42:00
DEV415,18.54645,73.772676,2026-09-18 11:42:00
DEV524,18.567857,73.849049,2026-09-18 11:42:00
DEV685,18.587182,73.890496,2026-09-18 11:42:00
DEV055,18.617178,73.854652,2026-09-18 11:42:00
DEV912,18.606907,73.776559,2026-09-18 11:42:00
DEV795,18.609092,73.84395,2026-09-18 11:42:00
DEV134,18.453184,73.801146,2026-09-18 11:42:00
DEV643,18.45389,73.798325,2026-09-18 11:42:00
DEV836,18.462722,73.922144,2026-09-18 11:42:00
DEV554,18.551931,73.836868,2026-09-18 11:42:00
DEV898,18.467521,73.774402,2026-09-18 11:43:00
DEV973,18.458394,73.822287,2026-09-18 11:43:00
DEV419,18.543025,73.826983,2026-09-18 11:43:00
DEV878,18.460376,73.836356,2026-09-18 11:43:00
DEV443,18.633851,73.890116,2026-09-18 11:44:00
DEV929,18.466769,73.904713,2026-09-18 11:44:00
DEV516,18.469687,73.904534,2026-09-18 11:44:00
DEV891,18.567629,73.942737,2026-09-18 11:44:00
DEV934,18.576519,73.753884,2026-09-18 11:44:00
DEV281,18.47506,73.915426,2026-09-18 11:44:00
DEV284,18.456665,73.875251,2026-09-18 11:44:00
DEV661,18.518088,73.947671,2026-09-18 11:45:00
DEV338,18.499975,73.920072,2026-09-18 11:45:00
DEV188,18.500178,73.878437,2026-09-18 11:45:00
DEV678,18.557083,73.847775,2026-09-18 11:45:00
DEV486,18.618185,73.818732,2026-09-18 11:45:00
DEV015,18.577912,73.926011,2026-09-18 11:45:00
DEV741,18.632986,73.883252,2026-09-18 11:45:00
DEV154,18.512008,73.777395,2026-09-18 11:45:00
DEV768,18.493323,73.895903,2026-09-18 11:45:00
DEV858,18.545698,73.763672,2026-09-18 11:45:00
DEV965,18.623168,73.874185,2026-09-18 11:45:00
DEV960,18.533159,73.836922,2026-09-18 11:45:00
DEV340,18.526423,73.902262,2026-09-18 11:46:00
DEV604,18.504605,73.900791,2026-09-18 11:46:00
DEV588,18.632888,73.90702,2026-09-18 11:46:00
DEV763,18.594298,73.788847,2026-09-18 11:46:00
DEV775,18.581807,73.791039,2026-09-18 11:46:00
DEV070,18.559209,73.91978,2026-09-18 11:46:00
DEV472,18.47223,73.822532,2026-09-18 11:46:00
DEV001,18.539705,73.849579,2026-09-18 11:46:00
DEV492,18.457043,73.773977,2026-09-18 11:47:00
DEV350,18.64246,73.814494,2026-09-18 11:47:00
DEV170,18.515166,73.93147,2026-09-18 11:47:00
DEV639,18.470387,73.800584,2026-09-18 11:47:00
DEV644,18.477396,73.828792,2026-09-18 11:47:00
DEV885,18.535969,73.757552,2026-09-18 11:47:00
DEV793,18.505092,73.887536,2026-09-18 11:47:00
DEV373,18.631247,73.943278,2026-09-18 11:47:00
DEV180,18.585777,73.807031,2026-09-18 11:48:00
DEV416,18.46067,73.887745,2026-09-18 11:48:00
DEV850,18.587927,73.757259,2026-09-18 11:48:00
DEV403,18.595567,73.789029,2026-09-18 11:48:00
DEV891,18.618591,73.943166,2026-09-18 11:48:00
DEV092,18.634733,73.814526,2026-09-18 11:48:00
DEV743,18.595179,73.922945,2026-09-18 11:48:00
DEV971,18.601193,73.778735,2026-09-18 11:48:00
DEV850,18.617527,73.938852,2026-09-18 11:48:00
DEV467,18.513478,73.791423,2026-09-18 11:48:00
DEV321,18.586971,73.857271,2026-09-18 11:48:00
DEV937,18.551448,73.872137,2026-09-18 11:49:00
DEV530,18.630314,73.75433,2026-09-18 11:49:00
DEV163,18.556754,73.772122,2026-09-18 11:49:00
DEV959,18.460957,73.852847,2026-09-18 11:49:00
DEV012,18.483879,73.889788,2026-09-18 11:49:00
DEV902,18.534169,73.915163,2026-09-18 11:49:00
DEV394,18.503838,73.851183,2026-09-18 11:49:00
DEV051,18.512802,73.754528,2026-09-18 11:49:00
DEV147,18.644656,73.82789,2026-09-18 11:49:00
DEV370,18.623353,73.850661,2026-09-18 11:49:00
DEV303,18.593053,73.860321,2026-09-18 11:49:00
DEV181,18.509049,73.845069,2026-09-18 11:49:00
DEV392,18.496079,73.804191,2026-09-18 11:49:00
DEV118,18.52138,73.913381,2026-09-18 11:49:00
DEV512,18.591152,73.817259,2026-09-18 11:50:00
DEV748,18.5456,73.936752,2026-09-18 11:50:00
DEV566,18.638978,73.761822,2026-09-18 11:50:00
DEV717,18.510525,73.85774,2026-09-18 11:50:00
DEV641,18.633392,73.797891,2026-09-18 11:50:00
DEV938,18.623338,73.86328,2026-09-18 11:51:00
DEV233,18.507948,73.922866,2026-09-18 11:51:00
DEV260,18.544832,73.901637,2026-09-18 11:51:00
DEV985,18.561837,73.781366,2026-09-18 11:51:00
DEV472,18.508522,73.757872,2026-09-18 11:51:00
DEV052,18.634738,73.799649,2026-09-18 11:52:00
DEV779,18.629256,73.919129,2026-09-18 11:52:00
DEV069,18.544815,73.881381,2026-09-18 11:52:00
DEV461,18.589877,73.811232,2026-09-18 11:52:00
DEV502,18.489892,73.941809,2026-09-18 11:52:00
DEV250,18.627864,73.810879,2026-09-18 11:52:00
DEV431,18.589821,73.87247,2026-09-18 11:52:00
DEV483,18.626841,73.819714,2026-09-18 11:52:00
DEV957,18.511179,73.791056,2026-09-18 11:52:00
DEV547,18.529147,73.863462,2026-09-18 11:52:00
DEV559,18.493748,73.751228,2026-09-18 11:53:00
DEV421,18.525926,73.827302,2026-09-18 11:53:00
DEV295,18.506644,73.852241,2026-09-18 11:53:00
DEV995,18.608393,73.868562,2026-09-18 11:53:00
DEV780,18.533751,73.82475,2026-09-18 11:54:00
DEV215,18.453005,73.770787,2026-09-18 11:54:00
DEV954,18.559301,73.836604,2026-09-18 11:54:00
DEV980,18.589655,73.752816,2026-09-18 11:54:00
DEV863,18.542354,73.883103,2026-09-18 11:54:00
DEV453,18.572603,73.928986,2026-09-18 11:54:00
DEV724,18.570638,73.878471,2026-09-18 11:54:00
DEV929,18.533411,73.917159,2026-09-18 11:54:00
DEV580,18.494065,73.791087,2026-09-18 11:55:00
DEV308,18.616644,73.949412,2026-09-18 11:55:00
DEV909,18.62651,73.887561,2026-09-18 11:55:00
DEV365,18.623701,73.758757,2026-09-18 11:55:00
DEV881,18.609699,73.823131,2026-09-18 11:55:00
DEV087,18.636426,73.907742,2026-09-18 11:55:00
DEV119,18.520276,73.903354,2026-09-18 11:56:00
DEV447,18.525857,73.83653,2026-09-18 11:56:00
DEV092,18.607394,73.830966,2026-09-18 11:56:00
DEV922,18.506011,73.923517,2026-09-18 11:56:00
DEV900,18.528139,73.92579,2026-09-18 11:56:00
DEV889,18.573458,73.770133,2026-09-18 11:56:00
DEV672,18.526693,73.923891,2026-09-18 11:56:00
DEV404,18.592892,73.927877,2026-09-18 11:56:00
DEV304,18.520718,73.777062,2026-09-18 11:57:00
DEV575,18.590371,73.895635,2026-09-18 11:57:00
DEV825,18.587883,73.91742,2026-09-18 11:57:00
DEV558,18.589696,73.811379,2026-09-18 11:57:00
DEV390,18.50254,73.908978,2026-09-18 11:57:00
DEV580,18.482623,73.826745,2026-09-18 11:57:00
DEV116,18.52523,73.756419,2026-09-18 11:57:00
DEV412,18.603499,73.761145,2026-09-18 11:57:00
DEV295,18.602335,73.755174,2026-09-18 11:57:00
DEV531,18.581183,73.806773,2026-09-18 11:57:00
DEV865,18.613749,73.897597,2026-09-18 11:57:00
DEV299,18.637174,73.786004,2026-09-18 11:58:00
DEV471,18.645367,73.820423,2026-09-18 11:58:00
DEV309,18.56208,73.82969,2026-09-18 11:58:00
DEV518,18.622105,73.856172,2026-09-18 11:58:00
DEV847,18.478801,73.775656,2026-09-18 11:58:00
DEV194,18.619201,73.907673,2026-09-18 11:58:00
DEV336,18.497617,73.908799,2026-09-18 11:58:00
DEV928,18.597905,73.75874,2026-09-18 11:58:00
DEV920,18.503414,73.76123,2026-09-18 11:58:00
DEV602,18.615076,73.877957,2026-09-18 11:58:00
DEV108,18.609058,73.80022,2026-09-18 11:59:00
DEV811,18.529318,73.876686,2026-09-18 11:59:00
DEV960,18.530736,73.948261,2026-09-18 11:59:00
DEV613,18.547746,73.818928,2026-09-18 11:59:00
DEV528,18.478519,73.874602,2026-09-18 11:59:00
DEV559,18.471331,73.829078,2026-09-18 11:59:00
DEV113,18.478821,73.863178,2026-09-18 11:59:00
DEV537,18.556575,73.80724,2026-09-18 11:59:00
DEV685,18.466584,73.822022,2026-09-18 11:59:00
DEV915,18.45458,73.881341,2026-09-18 11:59:00
DEV014,18.519107,73.943765,2026-09-18 11:59:00
DEV418,18.452907,73.902668,2026-09-18 12:00:00
DEV521,18.598973,73.910722,2026-09-18 12:00:00
DEV842,18.566447,73.786376,2026-09-18 12:00:00
DEV601,18.530929,73.816916,2026-09-18 12:00:00
DEV732,18.622661,73.759196,2026-09-18 12:00:00
DEV450,18.564731,73.783813,2026-09-18 12:00:00
DEV087,18.515861,73.899954,2026-09-18 12:00:00
DEV134,18.508752,73.936261,2026-09-18 12:00:00
DEV871,18.555918,73.909326,2026-09-18 12:00:00
DEV261,18.46316,73.87349,2026-09-18 12:00:00
DEV661,18.622504,73.786213,2026-09-18 12:00:00
DEV169,18.559181,73.882147,2026-09-18 12:00:00
DEV449,18.481566,73.801051,2026-09-18 12:00:00
DEV638,18.590389,73.882006,2026-09-18 12:00:00
DEV220,18.501218,73.869624,2026-09-18 12:00:00
DEV246,18.521295,73.830374,2026-09-18 12:01:00
DEV770,18.529966,73.908273,2026-09-18 12:01:00
DEV905,18.457968,73.841813,2026-09-18 12:01:00
DEV036,18.534677,73.81992,2026-09-18 12:01:00
DEV354,18.582078,73.778851,2026-09-18 12:01:00
DEV217,18.512143,73.833187,2026-09-18 12:01:00
DEV529,18.564369,73.91355,2026-09-18 12:01:00
DEV360,18.52848,73.930539,2026-09-18 12:01:00
DEV194,18.518294,73.812158,2026-09-18 12:02:00
DEV165,18.553804,73.947072,2026-09-18 12:02:00
DEV331,18.556828,73.944835,2026-09-18 12:02:00
DEV798,18.464992,73.786806,2026-09-18 12:02:00
DEV014,18.509404,73.902604,2026-09-18 12:02:00
DEV817,18.496619,73.856552,2026-09-18 12:02:00
DEV988,18.477037,73.842867,2026-09-18 12:02:00
DEV918,18.565377,73.7838,2026-09-18 12:03:00
DEV919,18.591197,73.940394,2026-09-18 12:03:00
DEV239,18.570569,73.860615,2026-09-18 12:03:00
DEV652,18.635242,73.875604,2026-09-18 12:03:00
DEV982,18.608239,73.829982,2026-09-18 12:04:00
DEV892,18.599765,73.911278,2026-09-18 12:04:00
DEV963,18.594966,73.784373,2026-09-18 12:04:00
DEV793,18.628905,73.922327,2026-09-18 12:04:00
DEV582,18.469093,73.915732,2026-09-18 12:04:00
DEV741,18.63432,73.829273,2026-09-18 12:04:00
DEV020,18.46226,73.804278,2026-09-18 12:04:00
DEV246,18.528787,73.753832,2026-09-18 12:04:00
DEV812,18.451305,73.866479,2026-09-18 12:04:00
DEV011,18.562317,73.829576,2026-09-18 12:05:00
DEV225,18.482127,73.856416,2026-09-18 12:05:00
DEV719,18.564968,73.949659,2026-09-18 12:05:00
DEV978,18.541685,73.782464,2026-09-18 12:05:00
DEV919,18.608151,73.763745,2026-09-18 12:05:00
DEV085,18.470564,73.795067,2026-09-18 12:05:00
DEV175,18.583595,73.939302,2026-09-18 12:06:00
DEV328,18.571365,73.866964,2026-09-18 12:06:00
DEV576,18.515488,73.874522,2026-09-18 12:06:00
DEV095,18.630606,73.832723,2026-09-18 12:06:00
DEV734,18.622951,73.883219,2026-09-18 12:06:00
DEV915,18.486127,73.781248,2026-09-18 12:06:00
DEV459,18.607946,73.889082,2026-09-18 12:06:00
DEV918,18.496521,73.769599,2026-09-18 12:06:00
DEV364,18.610233,73.766013,2026-09-18 12:06:00
DEV330,18.548778,73.836795,2026-09-18 12:06:00
DEV759,18.50912,73.903176,2026-09-18 12:06:00
DEV190,18.51952,73.837694,2026-09-18 12:07:00
DEV712,18.617707,73.762766,2026-09-18 12:07:00
DEV128,18.554637,73.802551,2026-09-18 12:07:00
DEV252,18.459903,73.893149,2026-09-18 12:07:00
DEV793,18.494981,73.796192,2026-09-18 12:07:00
DEV804,18.547403,73.87758,2026-09-18 12:07:00
DEV279,18.548343,73.845896,2026-09-18 12:07:00
DEV222,18.562142,73.941089,2026-09-18 12:07:00
DEV928,18.591541,73.805242,2026-09-18 12:07:00
DEV396,18.635987,73.778566,2026-09-18 12:07:00
DEV928,18.494706,73.939866,2026-09-18 12:07:00
DEV752,18.56321,73.806093,2026-09-18 12:07:00
DEV467,18.491114,73.783507,2026-09-18 12:07:00
DEV256,18.47667,73.807449,2026-09-18 12:07:00
DEV570,18.614214,73.936633,2026-09-18 12:08:00
DEV031,18.56875,73.85563,2026-09-18 12:08:00
DEV378,18.644517,73.779535,2026-09-18 12:08:00
DEV075,18.459812,73.943093,2026-09-18 12:08:00
DEV114,18.45462,73.80413,2026-09-18 12:08:00
DEV226,18.515093,73.920965,2026-09-18 12:08:00
DEV405,18.513635,73.948439,2026-09-18 12:09:00
DEV682,18.528582,73.903106,2026-09-18 12:09:00
DEV095,18.516332,73.799897,2026-09-18 12:09:00
DEV484,18.457761,73.889882,2026-09-18 12:09:00
DEV121,18.632557,73.925638,2026-09-18 12:09:00
DEV616,18.503204,73.878208,2026-09-18 12:09:00
DEV912,18.597582,73.848335,2026-09-18 12:09:00
DEV852,18.483841,73.824932,2026-09-18 12:09:00
DEV525,18.530489,73.790948,2026-09-18 12:09:00
DEV660,18.531325,73.868081,2026-09-18 12:09:00
DEV139,18.563997,73.947739,2026-09-18 12:09:00
DEV681,18.632972,73.840415,2026-09-18 12:09:00
DEV039,18.576424,73.924411,2026-09-18 12:09:00
DEV171,18.569886,73.840384,2026-09-18 12:10:00
DEV324,18.486681,73.80577,2026-09-18 12:10:00
DEV056,18.518066,73.802398,2026-09-18 12:10:00
DEV488,18.644195,73.770696,2026-09-18 12:10:00
DEV986,18.488866,73.928033,2026-09-18 12:10:00
DEV399,18.485514,73.776517,2026-09-18 12:10:00
DEV570,18.569767,73.848692,2026-09-18 12:10:00
DEV543,18.548162,73.840881,2026-09-18 12:10:00
DEV756,18.549504,73.892472,2026-09-18 12:10:00
DEV233,18.450415,73.874094,2026-09-18 12:10:00
DEV488,18.631195,73.903909,2026-09-18 12:10:00
DEV141,18.533495,73.823492,2026-09-18 12:10:00
DEV117,18.55388,73.810209,2026-09-18 12:10:00
DEV384,18.526411,73.815713,2026-09-18 12:10:00
DEV020,18.551274,73.870802,2026-09-18 12:10:00
DEV120,18.555499,73.801942,2026-09-18 12:10:00
DEV783,18.533136,73.797591,2026-09-18 12:10:00
DEV618,18.551527,73.753005,2026-09-18 12:10:00
DEV713,18.614553,73.91056,2026-09-18 12:10:00
DEV148,18.464661,73.899506,2026-09-18 12:11:00
DEV097,18.617139,73.774679,2026-09-18 12:11:00
DEV934,18.473081,73.871305,2026-09-18 12:11:00
DEV722,18.640826,73.92438,2026-09-18 12:11:00
DEV840,18.624895,73.900534,2026-09-18 12:11:00
DEV139,18.595375,73.863127,2026-09-18 12:11:00
DEV620,18.539022,73.854614,2026-09-18 12:11:00
DEV612,18.561746,73.934535,2026-09-18 12:12:00
DEV793,18.610907,73.774809,2026-09-18 12:12:00
DEV552,18.468793,73.800806,2026-09-18 12:12:00
DEV490,18.606857,73.773301,2026-09-18 12:12:00
DEV314,18.600071,73.821785,2026-09-18 12:12:00
DEV693,18.523798,73.873837,2026-09-18 12:12:00
DEV798,18.512447,73.843975,2026-09-18 12:12:00
DEV903,18.621553,73.851108,2026-09-18 12:13:00
DEV380,18.558152,73.918245,2026-09-18 12:13:00
DEV657,18.561879,73.824083,2026-09-18 12:13:00
DEV291,18.562201,73.91902,2026-09-18 12:13:00
DEV798,18.59386,73.868533,2026-09-18 12:13:00
DEV385,18.456465,73.912124,2026-09-18 12:13:00
DEV447,18.476413,73.939952,2026-09-18 12:13:00
DEV402,18.548374,73.794561,2026-09-18 12:13:00
DEV075,18.532184,73.837277,2026-09-18 12:13:00
DEV597,18.639369,73.822621,2026-09-18 12:13:00
DEV892,18.529592,73.763093,2026-09-18 12:14:00
DEV903,18.494,73.895644,2026-09-18 12:14:00
DEV481,18.598308,73.875176,2026-09-18 12:14:00
DEV448,18.594204,73.888423,2026-09-18 12:14:00
DEV044,18.465606,73.908379,2026-09-18 12:14:00
DEV513,18.466004,73.93832,2026-09-18 12:14:00
DEV224,18.621552,73.787873,2026-09-18 12:15:00
DEV698,18.475234,73.751835,2026-09-18 12:15:00
DEV802,18.453534,73.757798,2026-09-18 12:15:00
DEV096,18.572082,73.904247,2026-09-18 12:15:00
DEV487,18.585278,73.814912,2026-09-18 12:15:00
DEV433,18.608241,73.822479,2026-09-18 12:15:00
DEV057,18.592508,73.75697,2026-09-18 12:15:00
DEV177,18.469734,73.755379,2026-09-18 12:15:00
DEV377,18.554596,73.757169,2026-09-18 12:15:00
DEV890,18.511713,73.783112,2026-09-18 12:15:00
DEV572,18.576914,73.949964,2026-09-18 12:15:00
DEV936,18.646824,73.808598,2026-09-18 12:15:00
DEV152,18.538926,73.796968,2026-09-18 12:15:00
DEV781,18.552143,73.893059,2026-09-18 12:16:00
DEV729,18.453384,73.935481,2026-09-18 12:16:00
DEV019,18.53037,73.917987,2026-09-18 12:16:00
DEV634,18.495879,73.844986,2026-09-18 12:16:00
DEV208,18.564243,73.917402,2026-09-18 12:16:00
DEV807,18.618496,73.757852,2026-09-18 12:16:00
DEV499,18.49007,73.882148,2026-09-18 12:16:00
DEV391,18.484054,73.752094,2026-09-18 12:16:00
DEV805,18.452267,73.797772,2026-09-18 12:16:00
DEV651,18.595671,73.925675,2026-09-18 12:17:00
DEV779,18.490755,73.81582,2026-09-18 12:17:00
DEV819,18.582611,73.867636,2026-09-18 12:17:00
DEV287,18.590702,73.882304,2026-09-18 12:17:00
DEV113,18.502225,73.915525,2026-09-18 12:17:00
DEV456,18.618111,73.935657,2026-09-18 12:17:00
DEV050,18.61506,73.807791,2026-09-18 12:17:00
DEV720,18.567059,73.94964,2026-09-18 12:17:00
DEV689,18.515355,73.881355,2026-09-18 12:17:00
DEV224,18.464774,73.82972,2026-09-18 12:17:00
DEV306,18.618474,73.906165,2026-09-18 12:17:00
DEV459,18.614923,73.841879,2026-09-18 12:18:00
DEV874,18.561105,73.820215,2026-09-18 12:18:00
DEV074,18.511269,73.781832,2026-09-18 12:18:00
DEV214,18.54677,73.919198,2026-09-18 12:18:00
DEV349,18.463786,73.756899,2026-09-18 12:18:00
DEV963,18.505356,73.842518,2026-09-18 12:18:00
DEV409,18.633509,73.75153,2026-09-18 12:18:00
DEV306,18.554039,73.774681,2026-09-18 12:18:00
DEV573,18.454114,73.859617,2026-09-18 12:18:00
DEV196,18.571202,73.809239,2026-09-18 12:18:00
DEV537,18.546004,73.820505,2026-09-18 12:19:00
DEV225,18.474137,73.933552,2026-09-18 12:19:00
DEV120,18.644787,73.946933,2026-09-18 12:19:00
DEV286,18.452855,73.787704,2026-09-18 12:19:00
DEV102,18.510536,73.936061,2026-09-18 12:19:00
DEV366,18.608614,73.773304,2026-09-18 12:19:00
DEV445,18.467942,73.786328,2026-09-18 12:19:00
DEV123,18.645495,73.923833,2026-09-18 12:19:00
DEV662,18.514011,73.791368,2026-09-18 12:19:00
DEV976,18.500776,73.783731,2026-09-18 12:19:00
DEV800,18.611507,73.853666,2026-09-18 12:19:00
DEV457,18.608688,73.923234,2026-09-18 12:19:00
DEV710,18.583601,73.80294,2026-09-18 12:19:00
DEV128,18.557076,73.864506,2026-09-18 12:19:00
DEV069,18.583102,73.930611,2026-09-18 12:20:00
DEV437,18.605992,73.816421,2026-09-18 12:20:00
DEV287,18.498813,73.813606,2026-09-18 12:20:00
DEV540,18.588813,73.897743,2026-09-18 12:20:00
DEV771,18.516931,73.815964,2026-09-18 12:20:00
DEV983,18.534873,73.816896,2026-09-18 12:20:00
DEV485,18.465519,73.834943,2026-09-18 12:20:00
DEV636,18.559134,73.756957,2026-09-18 12:20:00
DEV381,18.588191,73.837693,2026-09-18 12:20:00
DEV269,18.502492,73.919882,2026-09-18 12:20:00
DEV920,18.566591,73.938002,2026-09-18 12:21:00
DEV537,18.565532,73.801846,2026-09-18 12:21:00
DEV754,18.578577,73.829694,2026-09-18 12:21:00
DEV373,18.53947,73.926417,2026-09-18 12:21:00
DEV726,18.511487,73.925499,2026-09-18 12:21:00
DEV567,18.609697,73.8946,2026-09-18 12:21:00
DEV207,18.486683,73.913388,2026-09-18 12:21:00
DEV541,18.499936,73.799151,2026-09-18 12:21:00
DEV147,18.598532,73.898982,2026-09-18 12:21:00
DEV695,18.588966,73.93853,2026-09-18 12:22:00
DEV846,18.546574,73.788419,2026-09-18 12:22:00
DEV359,18.563856,73.779245,2026-09-18 12:22:00
DEV872,18.556565,73.880207,2026-09-18 12:22:00
DEV899,18.622484,73.82804,2026-09-18 12:22:00
DEV289,18.591825,73.852387,2026-09-18 12:22:00
DEV294,18.579167,73.816112,2026-09-18 12:22:00
DEV749,18.542624,73.859749,2026-09-18 12:22:00
DEV522,18.601787,73.835009,2026-09-18 12:23:00
DEV855,18.567327,73.919448,2026-09-18 12:23:00
DEV870,18.484679,73.787262,2026-09-18 12:23:00
DEV454,18.569303,73.856718,2026-09-18 12:23:00
DEV282,18.474558,73.752898,2026-09-18 12:23:00
DEV161,18.50431,73.824704,2026-09-18 12:24:00
DEV906,18.53932,73.932575,2026-09-18 12:24:00
DEV738,18.454009,73.927117,2026-09-18 12:24:00
DEV161,18.534175,73.750855,2026-09-18 12:24:00
DEV943,18.594145,73.918402,2026-09-18 12:24:00
DEV072,18.457121,73.832012,2026-09-18 12:24:00
DEV090,18.466402,73.93067,2026-09-18 12:24:00
DEV662,18.618717,73.923219,2026-09-18 12:25:00
DEV390,18.516022,73.899864,2026-09-18 12:25:00
DEV294,18.52758,73.827088,2026-09-18 12:25:00
DEV549,18.505894,73.917638,2026-09-18 12:25:00
DEV386,18.52236,73.847021,2026-09-18 12:25:00
DEV574,18.454498,73.878007,2026-09-18 12:26:00
DEV350,18.478181,73.872105,2026-09-18 12:26:00
DEV600,18.555977,73.815321,2026-09-18 12:26:00
DEV450,18.507433,73.830465,2026-09-18 12:26:00
DEV291,18.646513,73.909608,2026-09-18 12:26:00
DEV923,18.595982,73.876809,2026-09-18 12:26:00
DEV755,18.531476,73.777384,2026-09-18 12:26:00
DEV157,18.619058,73.825593,2026-09-18 12:26:00
DEV376,18.635232,73.930238,2026-09-18 12:26:00
DEV608,18.572706,73.797829,2026-09-18 12:26:00
DEV347,18.533327,73.81405,2026-09-18 12:26:00
DEV756,18.549703,73.866789,2026-09-18 12:26:00
DEV318,18.509803,73.921371,2026-09-18 12:26:00
DEV196,18.606387,73.844247,2026-09-18 12:26:00
DEV432,18.490943,73.785489,2026-09-18 12:26:00
DEV186,18.482624,73.939257,2026-09-18 12:27:00
DEV113,18.587978,73.751916,2026-09-18 12:27:00
DEV554,18.640528,73.854946,2026-09-18 12:27:00
DEV218,18.627434,73.925234,2026-09-18 12:27:00
DEV694,18.556378,73.807916,2026-09-18 12:27:00
DEV550,18.599923,73.846918,2026-09-18 12:27:00
DEV026,18.49349,73.93873,2026-09-18 12:27:00
DEV616,18.626282,73.788641,2026-09-18 12:27:00
DEV884,18.583394,73.944068,2026-09-18 12:27:00
DEV695,18.498447,73.94783,2026-09-18 12:27:00
DEV207,18.541185,73.813981,2026-09-18 12:27:00
DEV063,18.561741,73.805314,2026-09-18 12:27:00
DEV860,18.451777,73.765901,2026-09-18 12:27:00
DEV451,18.613315,73.90629,2026-09-18 12:27:00
DEV704,18.476117,73.826533,2026-09-18 12:27:00
DEV758,18.61873,73.855613,2026-09-18 12:27:00
DEV929,18.538879,73.903719,2026-09-18 12:27:00
DEV155,18.554646,73.857984,2026-09-18 12:28:00
DEV022,18.53624,73.772559,2026-09-18 12:28:00
DEV349,18.551131,73.756012,2026-09-18 12:28:00
DEV063,18.535309,73.829866,2026-09-18 12:28:00
DEV958,18.454808,73.783415,2026-09-18 12:28:00
DEV726,18.591123,73.830342,2026-09-18 12:28:00
DEV735,18.487919,73.783591,2026-09-18 12:28:00
DEV365,18.591061,73.871942,2026-09-18 12:28:00
DEV458,18.548696,73.860794,2026-09-18 12:28:00
DEV908,18.482987,73.786782,2026-09-18 12:29:00
DEV815,18.5549,73.90593,2026-09-18 12:29:00
DEV694,18.597124,73.818176,2026-09-18 12:29:00
DEV936,18.587922,73.932488,2026-09-18 12:29:00
DEV673,18.509289,73.92721,2026-09-18 12:29:00
DEV498,18.473078,73.812177,2026-09-18 12:29:00
DEV202,18.458753,73.920021,2026-09-18 12:29:00
DEV733,18.537323,73.863982,2026-09-18 12:29:00
DEV663,18.53481,73.817829,2026-09-18 12:29:00
DEV666,18.494914,73.904227,2026-09-18 12:29:00
DEV917,18.587474,73.849996,2026-09-18 12:29:00
DEV769,18.615381,73.83592,2026-09-18 12:30:00
DEV737,18.572928,73.899838,2026-09-18 12:30:00
DEV219,18.631337,73.84827,2026-09-18 12:31:00
DEV265,18.629689,73.75906,2026-09-18 12:31:00
DEV344,18.622728,73.872124,2026-09-18 12:31:00
DEV860,18.605459,73.872508,2026-09-18 12:31:00
DEV714,18.58313,73.90558,2026-09-18 12:31:00
DEV164,18.554375,73.761239,2026-09-18 12:31:00
DEV871,18.503232,73.934849,2026-09-18 12:31:00
DEV148,18.649434,73.946122,2026-09-18 12:32:00
DEV819,18.539897,73.939361,2026-09-18 12:32:00
DEV929,18.488632,73.811046,2026-09-18 12:32:00
DEV048,18.514726,73.818514,2026-09-18 12:32:00
DEV718,18.491781,73.854401,2026-09-18 12:32:00
DEV550,18.535432,73.840634,2026-09-18 12:32:00
DEV997,18.536155,73.877553,2026-09-18 12:32:00
DEV982,18.465429,73.757255,2026-09-18 12:32:00
DEV435,18.575694,73.917713,2026-09-18 12:32:00
DEV610,18.601438,73.874927,2026-09-18 12:33:00
DEV179,18.593804,73.837241,2026-09-18 12:33:00
DEV858,18.635049,73.906351,2026-09-18 12:33:00
DEV615,18.632747,73.911403,2026-09-18 12:33:00
DEV759,18.640779,73.863407,2026-09-18 12:33:00
DEV338,18.507184,73.864078,2026-09-18 12:33:00
DEV227,18.566998,73.844555,2026-09-18 12:33:00
DEV666,18.53726,73.837242,2026-09-18 12:33:00
DEV152,18.611532,73.897638,2026-09-18 12:33:00
DEV034,18.498589,73.906921,2026-09-18 12:33:00
DEV780,18.574525,73.924834,2026-09-18 12:33:00
DEV237,18.621583,73.837821,2026-09-18 12:34:00
DEV186,18.607586,73.940306,2026-09-18 12:34:00
DEV025,18.551155,73.786925,2026-09-18 12:34:00
DEV266,18.478987,73.803629,2026-09-18 12:34:00
DEV117,18.483197,73.784157,2026-09-18 12:34:00
DEV047,18.6134,73.849817,2026-09-18 12:34:00
DEV472,18.564368,73.856779,2026-09-18 12:34:00
DEV176,18.575309,73.776164,2026-09-18 12:34:00
DEV148,18.469161,73.844478,2026-09-18 12:34:00
DEV369,18.616876,73.80478,2026-09-18 12:34:00
DEV634,18.519832,73.772546,2026-09-18 12:34:00
DEV625,18.596127,73.900635,2026-09-18 12:34:00
DEV435,18.611874,73.785908,2026-09-18 12:34:00
DEV387,18.576907,73.831151,2026-09-18 12:35:00
DEV012,18.46866,73.818547,2026-09-18 12:35:00
DEV872,18.536446,73.944188,2026-09-18 12:35:00
DEV574,18.501845,73.750193,2026-09-18 12:35:00
DEV145,18.536317,73.786414,2026-09-18 12:35:00
DEV193,18.487355,73.86213,2026-09-18 12:35:00
DEV515,18.606038,73.801,2026-09-18 12:35:00
DEV664,18.552773,73.829504,2026-09-18 12:36:00
DEV117,18.587377,73.830432,2026-09-18 12:36:00
DEV070,18.459831,73.820721,2026-09-18 12:36:00
DEV453,18.624455,73.832299,2026-09-18 12:36:00
DEV595,18.562288,73.94311,2026-09-18 12:36:00
DEV730,18.532874,73.846885,2026-09-18 12:36:00
DEV477,18.490571,73.783213,2026-09-18 12:36:00
DEV155,18.499679,73.763302,2026-09-18 12:36:00
DEV099,18.575727,73.878994,2026-09-18 12:37:00
DEV164,18.595257,73.816959,2026-09-18 12:37:00
DEV516,18.482503,73.875873,2026-09-18 12:37:00
DEV068,18.576391,73.771573,2026-09-18 12:37:00
DEV047,18.625137,73.898938,2026-09-18 12:37:00
DEV926,18.500954,73.81609,2026-09-18 12:38:00
DEV792,18.515147,73.93764,2026-09-18 12:38:00
DEV220,18.47048,73.762915,2026-09-18 12:38:00
DEV749,18.592692,73.874233,2026-09-18 12:38:00
DEV130,18.470009,73.766867,2026-09-18 12:38:00
DEV424,18.516591,73.886699,2026-09-18 12:38:00
DEV038,18.594908,73.900556,2026-09-18 12:38:00
DEV710,18.459583,73.830089,2026-09-18 12:38:00
DEV680,18.525671,73.947709,2026-09-18 12:38:00
DEV315,18.454718,73.822914,2026-09-18 12:38:00
DEV568,18.584423,73.787123,2026-09-18 12:38:00
DEV637,18.643785,73.787218,2026-09-18 12:38:00
DEV245,18.54355,73.841971,2026-09-18 12:38:00
DEV610,18.610553,73.831732,2026-09-18 12:39:00
DEV317,18.578039,73.759192,2026-09-18 12:39:00
DEV995,18.604576,73.900166,2026-09-18 12:39:00
DEV364,18.562969,73.88245,2026-09-18 12:39:00
DEV091,18.466925,73.79784,2026-09-18 12:39:00
DEV280,18.608812,73.928671,2026-09-18 12:39:00
DEV606,18.507633,73.819221,2026-09-18 12:39:00
DEV653,18.585599,73.795141,2026-09-18 12:39:00
DEV390,18.470719,73.936145,2026-09-18 12:39:00
DEV799,18.486713,73.891062,2026-09-18 12:39:00
DEV217,18.575177,73.913231,2026-09-18 12:39:00
DEV997,18.547313,73.828935,2026-09-18 12:39:00
DEV503,18.59705,73.902967,2026-09-18 12:40:00
DEV173,18.596822,73.806336,2026-09-18 12:40:00
DEV049,18.54991,73.77109,2026-09-18 12:40:00
DEV005,18.645853,73.823634,2026-09-18 12:40:00
DEV455,18.564726,73.858199,2026-09-18 12:40:00
DEV188,18.608033,73.796221,2026-09-18 12:40:00
DEV664,18.577286,73.847194,2026-09-18 12:40:00
DEV923,18.524463,73.810324,2026-09-18 12:40:00
DEV778,18.63088,73.897786,2026-09-18 12:40:00
DEV902,18.530455,73.786533,2026-09-18 12:40:00
DEV604,18.610349,73.910153,2026-09-18 12:40:00
DEV442,18.646828,73.764162,2026-09-18 12:41:00
DEV897,18.587909,73.899064,2026-09-18 12:41:00
DEV025,18.609775,73.814501,2026-09-18 12:41:00
DEV233,18.478709,73.892633,2026-09-18 12:41:00
DEV762,18.600846,73.801873,2026-09-18 12:41:00
DEV218,18.499841,73.768717,2026-09-18 12:41:00
DEV202,18.496077,73.916973,2026-09-18 12:41:00
DEV096,18.554004,73.75518,2026-09-18 12:41:00
DEV622,18.563981,73.867999,2026-09-18 12:41:00
DEV564,18.500467,73.840211,2026-09-18 12:42:00
DEV736,18.555552,73.936967,2026-09-18 12:42:00
DEV611,18.632094,73.902083,2026-09-18 12:42:00
DEV767,18.508051,73.916369,2026-09-18 12:42:00
DEV451,18.557305,73.942007,2026-09-18 12:42:00
DEV003,18.488561,73.826866,2026-09-18 12:42:00
DEV978,18.471079,73.909503,2026-09-18 12:42:00
DEV479,18.498418,73.946444,2026-09-18 12:42:00
DEV279,18.498053,73.820523,2026-09-18 12:42:00
DEV617,18.493929,73.799186,2026-09-18 12:42:00
DEV342,18.561959,73.814628,2026-09-18 12:42:00
DEV313,18.585962,73.754533,2026-09-18 12:42:00
DEV720,18.569289,73.750988,2026-09-18 12:42:00
DEV469,18.485512,73.944518,2026-09-18 12:42:00
DEV714,18.639001,73.915068,2026-09-18 12:42:00
DEV217,18.533088,73.928778,2026-09-18 12:43:00
DEV344,18.473367,73.946571,2026-09-18 12:43:00
DEV471,18.608049,73.930068,2026-09-18 12:43:00
DEV619,18.554114,73.844588,2026-09-18 12:43:00
DEV925,18.485931,73.939004,2026-09-18 12:43:00
DEV931,18.481275,73.825806,2026-09-18 12:43:00
DEV776,18.505429,73.809678,2026-09-18 12:43:00
DEV573,18.58005,73.862873,2026-09-18 12:43:00
DEV357,18.516904,73.89293,2026-09-18 12:43:00
DEV970,18.484551,73.805739,2026-09-18 12:43:00
DEV498,18.637195,73.858105,2026-09-18 12:43:00
DEV160,18.521551,73.805398,2026-09-18 12:43:00
DEV634,18.551738,73.789347,2026-09-18 12:43:00
DEV689,18.524676,73.801564,2026-09-18 12:43:00
DEV632,18.513369,73.87439,2026-09-18 12:43:00
DEV637,18.585294,73.840229,2026-09-18 12:44:00
DEV920,18.525735,73.895101,2026-09-18 12:44:00
DEV848,18.621862,73.901247,2026-09-18 12:44:00
DEV974,18.566684,73.853866,2026-09-18 12:44:00
DEV614,18.457779,73.77577,2026-09-18 12:44:00
DEV028,18.533043,73.931615,2026-09-18 12:45:00
DEV988,18.608458,73.944863,2026-09-18 12:45:00
DEV579,18.463846,73.772035,2026-09-18 12:45:00
DEV554,18.549261,73.751275,2026-09-18 12:45:00
DEV769,18.537425,73.762971,2026-09-18 12:45:00
DEV308,18.531982,73.905785,2026-09-18 12:45:00
DEV419,18.450226,73.840038,2026-09-18 12:45:00
DEV882,18.509551,73.831534,2026-09-18 12:45:00
DEV817,18.498769,73.845244,2026-09-18 12:45:00
DEV032,18.525079,73.862686,2026-09-18 12:45:00
DEV494,18.544184,73.910135,2026-09-18 12:45:00
DEV559,18.612911,73.906014,2026-09-18 12:45:00
DEV171,18.533562,73.948803,2026-09-18 12:46:00
DEV674,18.478544,73.87996,2026-09-18 12:46:00
DEV108,18.480043,73.921137,2026-09-18 12:46:00
DEV550,18.593044,73.845333,2026-09-18 12:46:00
DEV815,18.566655,73.890147,2026-09-18 12:46:00
DEV540,18.453179,73.830302,2026-09-18 12:46:00
DEV970,18.459665,73.770924,2026-09-18 12:46:00
DEV912,18.51819,73.762741,2026-09-18 12:46:00
DEV102,18.617627,73.826549,2026-09-18 12:47:00
DEV539,18.49594,73.827852,2026-09-18 12:47:00
DEV582,18.604986,73.941254,2026-09-18 12:47:00
DEV571,18.624817,73.875867,2026-09-18 12:47:00
DEV878,18.540013,73.877331,2026-09-18 12:47:00
DEV822,18.571592,73.800419,2026-09-18 12:47:00
DEV804,18.594373,73.798696,2026-09-18 12:47:00
DEV477,18.525117,73.807131,2026-09-18 12:47:00
DEV040,18.466929,73.80263,2026-09-18 12:47:00
DEV019,18.601289,73.82428,2026-09-18 12:47:00
DEV301,18.583585,73.770707,2026-09-18 12:47:00
DEV891,18.476709,73.779725,2026-09-18 12:48:00
DEV578,18.615254,73.804663,2026-09-18 12:48:00
DEV376,18.508495,73.940301,2026-09-18 12:48:00
DEV903,18.570091,73.856119,2026-09-18 12:48:00
DEV041,18.644673,73.942567,2026-09-18 12:48:00
DEV707,18.581871,73.818267,2026-09-18 12:48:00
DEV779,18.63425,73.853225,2026-09-18 12:48:00
DEV386,18.458049,73.862823,2026-09-18 12:48:00
DEV147,18.515721,73.862179,2026-09-18 12:48:00
DEV618,18.586251,73.869356,2026-09-18 12:48:00
DEV026,18.453361,73.9263,2026-09-18 12:48:00
DEV149,18.526283,73.828995,2026-09-18 12:48:00
DEV936,18.576751,73.845038,2026-09-18 12:49:00
DEV690,18.595238,73.931494,2026-09-18 12:49:00
DEV538,18.508283,73.791085,2026-09-18 12:49:00
DEV918,18.567705,73.870864,2026-09-18 12:49:00
DEV914,18.573993,73.900021,2026-09-18 12:49:00
DEV138,18.602377,73.866999,2026-09-18 12:49:00
DEV659,18.486071,73.796216,2026-09-18 12:49:00
DEV385,18.578805,73.858631,2026-09-18 12:49:00
DEV855,18.649567,73.803715,2026-09-18 12:49:00
DEV785,18.513014,73.793904,2026-09-18 12:49:00
DEV511,18.529932,73.820585,2026-09-18 12:49:00
DEV777,18.608779,73.831625,2026-09-18 12:49:00
DEV820,18.46294,73.934341,2026-09-18 12:50:00
DEV184,18.493103,73.92144,2026-09-18 12:50:00
DEV864,18.620161,73.90847,2026-09-18 12:50:00
DEV289,18.613719,73.792251,2026-09-18 12:50:00
DEV032,18.565775,73.836237,2026-09-18 12:50:00
DEV339,18.452682,73.76327,2026-09-18 12:50:00
DEV114,18.487677,73.819685,2026-09-18 12:50:00
DEV410,18.554546,73.92412,2026-09-18 12:50:00
DEV130,18.629818,73.926984,2026-09-18 12:50:00
DEV371,18.500932,73.806211,2026-09-18 12:50:00
DEV414,18.553227,73.827563,2026-09-18 12:50:00
DEV071,18.586012,73.872006,2026-09-18 12:50:00
DEV984,18.637032,73.92424,2026-09-18 12:50:00
DEV863,18.484977,73.943267,2026-09-18 12:50:00
DEV281,18.617108,73.804327,2026-09-18 12:50:00
DEV197,18.561957,73.875344,2026-09-18 12:51:00
DEV488,18.509919,73.769907,2026-09-18 12:51:00
DEV411,18.52686,73.837979,2026-09-18 12:51:00
DEV759,18.550233,73.816757,2026-09-18 12:51:00
DEV236,18.596815,73.811873,2026-09-18 12:51:00
DEV498,18.622015,73.777534,2026-09-18 12:51:00
DEV289,18.528065,73.871584,2026-09-18 12:51:00
DEV921,18.472695,73.808624,2026-09-18 12:51:00
DEV911,18.633284,73.938602,2026-09-18 12:52:00
DEV276,18.532358,73.810415,2026-09-18 12:52:00
DEV180,18.608164,73.859755,2026-09-18 12:52:00
DEV038,18.606784,73.943262,2026-09-18 12:52:00
DEV339,18.470652,73.87092,2026-09-18 12:52:00
DEV973,18.455321,73.776894,2026-09-18 12:52:00
DEV621,18.649113,73.942903,2026-09-18 12:52:00
DEV571,18.585758,73.926294,2026-09-18 12:53:00
DEV761,18.453668,73.946363,2026-09-18 12:53:00
DEV439,18.568081,73.949209,2026-09-18 12:53:00
DEV772,18.472082,73.948932,2026-09-18 12:53:00
DEV617,18.488469,73.831976,2026-09-18 12:53:00
DEV577,18.497781,73.915273,2026-09-18 12:53:00
DEV364,18.577991,73.814921,2026-09-18 12:53:00
DEV624,18.507641,73.941411,2026-09-18 12:53:00
DEV921,18.632905,73.844909,2026-09-18 12:53:00
DEV638,18.558195,73.840909,2026-09-18 12:53:00
DEV828,18.495261,73.870913,2026-09-18 12:54:00
DEV017,18.636282,73.799413,2026-09-18 12:54:00
DEV232,18.557584,73.762086,2026-09-18 12:54:00
DEV114,18.575573,73.763333,2026-09-18 12:54:00
DEV878,18.536417,73.786047,2026-09-18 12:54:00
DEV897,18.622363,73.834522,2026-09-18 12:54:00
DEV879,18.476212,73.945817,2026-09-18 12:54:00
DEV007,18.50713,73.856437,2026-09-18 12:54:00
DEV084,18.464811,73.807999,2026-09-18 12:54:00
DEV605,18.636326,73.867608,2026-09-18 12:54:00
DEV945,18.611469,73.790104,2026-09-18 12:54:00
DEV806,18.610408,73.766282,2026-09-18 12:54:00
DEV658,18.459713,73.771834,2026-09-18 12:54:00
DEV120,18.641128,73.846286,2026-09-18 12:55:00
DEV584,18.469601,73.892967,2026-09-18 12:55:00
DEV030,18.503749,73.927224,2026-09-18 12:55:00
DEV805,18.565967,73.910481,2026-09-18 12:55:00
DEV401,18.548606,73.852271,2026-09-18 12:55:00
DEV047,18.570841,73.782594,2026-09-18 12:55:00
DEV857,18.471634,73.82556,2026-09-18 12:55:00
DEV617,18.462851,73.843321,2026-09-18 12:55:00
DEV477,18.545613,73.871581,2026-09-18 12:55:00
DEV791,18.486239,73.830738,2026-09-18 12:55:00
DEV922,18.525801,73.848945,2026-09-18 12:55:00
DEV371,18.504519,73.772939,2026-09-18 12:55:00
DEV312,18.61505,73.9471,2026-09-18 12:56:00
DEV639,18.502805,73.903458,2026-09-18 12:56:00
DEV152,18.48447,73.86271,2026-09-18 12:56:00
DEV634,18.627993,73.928491,2026-09-18 12:56:00
DEV821,18.520999,73.820148,2026-09-18 12:56:00
DEV593,18.630667,73.864202,2026-09-18 12:56:00
DEV721,18.550403,73.909669,2026-09-18 12:56:00
DEV890,18.494383,73.939203,2026-09-18 12:56:00
DEV565,18.599126,73.761254,2026-09-18 12:56:00
DEV862,18.533558,73.772691,2026-09-18 12:56:00
DEV066,18.529546,73.90775,2026-09-18 12:56:00
DEV065,18.525628,73.782375,2026-09-18 12:56:00
DEV580,18.456492,73.863244,2026-09-18 12:57:00
DEV993,18.610031,73.769953,2026-09-18 12:57:00
DEV853,18.615839,73.900301,2026-09-18 12:57:00
DEV133,18.61771,73.793781,2026-09-18 12:57:00
DEV486,18.554166,73.789316,2026-09-18 12:57:00
DEV627,18.513051,73.769582,2026-09-18 12:57:00
DEV047,18.559865,73.822252,2026-09-18 12:57:00
DEV590,18.569824,73.784273,2026-09-18 12:58:00
DEV817,18.456092,73.844206,2026-09-18 12:58:00
DEV434,18.641751,73.941129,2026-09-18 12:58:00
DEV776,18.57395,73.911437,2026-09-18 12:58:00
DEV461,18.502608,73.832143,2026-09-18 12:58:00
DEV894,18.51335,73.880572,2026-09-18 12:58:00
DEV410,18.619951,73.868106,2026-09-18 12:58:00
DEV989,18.583851,73.918581,2026-09-18 12:58:00
DEV129,18.638591,73.816129,2026-09-18 12:58:00
DEV471,18.579534,73.921667,2026-09-18 12:58:00
DEV253,18.559373,73.772305,2026-09-18 12:58:00
DEV420,18.470434,73.814674,2026-09-18 12:58:00
DEV249,18.641181,73.798464,2026-09-18 12:58:00
DEV686,18.618422,73.797259,2026-09-18 12:59:00
DEV376,18.596862,73.927204,2026-09-18 12:59:00
DEV229,18.478341,73.792622,2026-09-18 12:59:00
DEV796,18.617741,73.865053,2026-09-18 12:59:00
DEV840,18.644652,73.796653,2026-09-18 12:59:00
DEV674,18.469898,73.86442,2026-09-18 12:59:00
DEV911,18.495464,73.85046,2026-09-18 12:59:00
DEV458,18.460943,73.831336,2026-09-18 13:00:00
DEV738,18.626343,73.879994,2026-09-18 13:00:00
DEV214,18.576866,73.889797,2026-09-18 13:00:00
DEV421,18.600425,73.880872,2026-09-18 13:00:00
DEV512,18.492533,73.932213,2026-09-18 13:00:00
DEV345,18.632129,73.912116,2026-09-18 13:00:00
DEV215,18.524012,73.823975,2026-09-18 13:00:00
DEV001,18.494855,73.754199,2026-09-18 13:01:00
DEV092,18.627642,73.896904,2026-09-18 13:01:00
DEV619,18.487634,73.870726,2026-09-18 13:01:00
DEV679,18.587852,73.827548,2026-09-18 13:01:00
DEV691,18.55876,73.798455,2026-09-18 13:01:00
DEV803,18.627368,73.821315,2026-09-18 13:01:00
DEV927,18.498017,73.919722,2026-09-18 13:01:00
DEV749,18.508921,73.888822,2026-09-18 13:01:00
DEV515,18.486316,73.781483,2026-09-18 13:02:00
DEV181,18.549147,73.815286,2026-09-18 13:02:00
DEV317,18.622611,73.908331,2026-09-18 13:02:00
DEV962,18.521563,73.811827,2026-09-18 13:02:00
DEV461,18.557614,73.789537,2026-09-18 13:02:00
DEV440,18.621694,73.765464,2026-09-18 13:02:00
DEV326,18.579321,73.94226,2026-09-18 13:03:00
DEV994,18.488597,73.947025,2026-09-18 13:03:00
DEV233,18.548044,73.851229,2026-09-18 13:03:00
DEV687,18.491201,73.825532,2026-09-18 13:03:00
DEV106,18.558515,73.936847,2026-09-18 13:03:00
DEV975,18.638711,73.774469,2026-09-18 13:03:00
DEV245,18.525769,73.777856,2026-09-18 13:04:00
DEV915,18.633435,73.835555,2026-09-18 13:04:00
DEV438,18.505932,73.780932,2026-09-18 13:04:00
DEV675,18.539502,73.850812,2026-09-18 13:04:00
DEV865,18.644195,73.817598,2026-09-18 13:04:00
DEV831,18.472097,73.811573,2026-09-18 13:04:00
DEV770,18.646184,73.891816,2026-09-18 13:04:00
DEV824,18.561965,73.763275,2026-09-18 13:04:00
DEV301,18.58213,73.91123,2026-09-18 13:04:00
DEV885,18.568489,73.800667,2026-09-18 13:04:00
DEV713,18.492612,73.826238,2026-09-18 13:04:00
DEV671,18.552014,73.840825,2026-09-18 13:04:00
DEV390,18.620101,73.859284,2026-09-18 13:04:00
DEV891,18.644569,73.946603,2026-09-18 13:05:00
DEV395,18.613171,73.937683,2026-09-18 13:05:00
DEV314,18.537586,73.76235,2026-09-18 13:05:00
DEV835,18.549727,73.758377,2026-09-18 13:05:00
DEV634,18.577344,73.804446,2026-09-18 13:05:00
DEV380,18.458941,73.848417,2026-09-18 13:05:00
DEV691,18.557702,73.865839,2026-09-18 13:05:00
DEV629,18.610492,73.919249,2026-09-18 13:05:00
DEV175,18.547671,73.811257,2026-09-18 13:05:00
DEV344,18.557024,73.895073,2026-09-18 13:06:00
DEV985,18.527832,73.862042,2026-09-18 13:06:00
DEV098,18.580238,73.890863,2026-09-18 13:06:00
DEV583,18.516203,73.84214,2026-09-18 13:06:00
DEV485,18.510362,73.766979,2026-09-18 13:06:00
DEV758,18.601615,73.851438,2026-09-18 13:06:00
DEV503,18.453938,73.802772,2026-09-18 13:06:00
DEV795,18.464375,73.834612,2026-09-18 13:06:00
DEV875,18.576818,73.794899,2026-09-18 13:06:00
DEV099,18.544264,73.832286,2026-09-18 13:06:00
DEV018,18.550208,73.86409,2026-09-18 13:06:00
DEV414,18.554626,73.756866,2026-09-18 13:06:00
DEV401,18.464007,73.901738,2026-09-18 13:06:00
DEV607,18.638116,73.786725,2026-09-18 13:07:00
DEV760,18.529448,73.782626,2026-09-18 13:07:00
DEV070,18.629824,73.854457,2026-09-18 13:07:00
DEV973,18.519458,73.790107,2026-09-18 13:07:00
DEV390,18.569586,73.855735,2026-09-18 13:07:00
DEV037,18.529358,73.891121,2026-09-18 13:07:00
DEV370,18.529768,73.92111,2026-09-18 13:08:00
DEV505,18.451755,73.910998,2026-09-18 13:08:00
DEV991,18.644592,73.914531,2026-09-18 13:08:00
DEV226,18.508943,73.933884,2026-09-18 13:08:00
DEV654,18.473774,73.855667,2026-09-18 13:08:00
DEV741,18.482806,73.778777,2026-09-18 13:08:00
DEV239,18.595684,73.812602,2026-09-18 13:08:00
DEV428,18.512061,73.862586,2026-09-18 13:08:00
DEV515,18.556278,73.81717,2026-09-18 13:08:00
DEV960,18.618394,73.916231,2026-09-18 13:09:00
DEV371,18.458719,73.947291,2026-09-18 13:09:00
DEV723,18.518888,73.781207,2026-09-18 13:09:00
DEV013,18.622898,73.82999,2026-09-18 13:09:00
DEV161,18.585157,73.866987,2026-09-18 13:09:00
DEV954,18.56687,73.941247,2026-09-18 13:09:00
DEV884,18.625543,73.821127,2026-09-18 13:09:00
DEV560,18.543597,73.882321,2026-09-18 13:09:00
DEV342,18.525011,73.874464,2026-09-18 13:09:00
DEV532,18.528326,73.915999,2026-09-18 13:09:00
DEV811,18.498577,73.859793,2026-09-18 13:09:00
DEV651,18.560008,73.875032,2026-09-18 13:09:00
DEV477,18.639985,73.750908,2026-09-18 13:09:00
DEV665,18.603224,73.756591,2026-09-18 13:09:00
DEV622,18.605311,73.86572,2026-09-18 13:10:00
DEV764,18.501398,73.798863,2026-09-18 13:10:00
DEV352,18.607368,73.871488,2026-09-18 13:10:00
DEV502,18.49946,73.916965,2026-09-18 13:10:00
DEV696,18.590959,73.766303,2026-09-18 13:10:00
DEV422,18.47114,73.896528,2026-09-18 13:10:00
DEV994,18.544322,73.939028,2026-09-18 13:11:00
DEV342,18.547366,73.826294,2026-09-18 13:11:00
DEV541,18.64339,73.820078,2026-09-18 13:11:00
DEV242,18.635256,73.794213,2026-09-18 13:11:00
DEV066,18.643088,73.758471,2026-09-18 13:11:00
DEV604,18.5766,73.863271,2026-09-18 13:11:00
DEV775,18.499393,73.929497,2026-09-18 13:11:00
DEV433,18.522858,73.82231,2026-09-18 13:11:00
DEV199,18.610472,73.806461,2026-09-18 13:12:00
DEV716,18.500089,73.927632,2026-09-18 13:12:00
DEV796,18.483065,73.779158,2026-09-18 13:12:00
DEV144,18.532059,73.852834,2026-09-18 13:12:00
DEV635,18.546704,73.752367,2026-09-18 13:12:00
DEV720,18.569582,73.828422,2026-09-18 13:12:00
DEV998,18.627508,73.804563,2026-09-18 13:12:00
DEV433,18.636907,73.923174,2026-09-18 13:13:00
DEV779,18.572608,73.771754,2026-09-18 13:13:00
DEV175,18.517282,73.883966,2026-09-18 13:13:00
DEV813,18.603796,73.888705,2026-09-18 13:13:00
DEV971,18.584622,73.813809,2026-09-18 13:13:00
DEV955,18.53837,73.893532,2026-09-18 13:13:00
DEV714,18.610161,73.825564,2026-09-18 13:14:00
DEV324,18.596083,73.933859,2026-09-18 13:14:00
DEV785,18.489888,73.891678,2026-09-18 13:14:00
DEV098,18.557666,73.911118,2026-09-18 13:14:00
DEV280,18.611722,73.89136,2026-09-18 13:14:00
DEV412,18.524935,73.796124,2026-09-18 13:14:00
DEV822,18.477325,73.89585,2026-09-18 13:14:00
DEV897,18.557132,73.864754,2026-09-18 13:14:00
DEV096,18.558248,73.82068,2026-09-18 13:15:00
DEV367,18.452903,73.920843,2026-09-18 13:15:00
DEV890,18.58777,73.787683,2026-09-18 13:15:00
DEV303,18.599951,73.809504,2026-09-18 13:15:00
DEV236,18.489595,73.860566,2026-09-18 13:15:00
DEV126,18.646536,73.828608,2026-09-18 13:15:00
DEV862,18.631278,73.885353,2026-09-18 13:15:00
DEV944,18.487578,73.793612,2026-09-18 13:15:00
DEV698,18.456602,73.82489,2026-09-18 13:15:00
DEV664,18.607995,73.789468,2026-09-18 13:15:00
DEV956,18.583561,73.81694,2026-09-18 13:15:00
DEV621,18.470803,73.813813,2026-09-18 13:15:00
DEV740,18.632328,73.771299,2026-09-18 13:15:00
DEV082,18.63887,73.889071,2026-09-18 13:16:00
DEV270,18.53289,73.816468,2026-09-18 13:16:00
DEV333,18.613904,73.927856,2026-09-18 13:16:00
DEV721,18.577175,73.934881,2026-09-18 13:16:00
DEV475,18.454426,73.867355,2026-09-18 13:16:00
DEV726,18.618002,73.803658,2026-09-18 13:16:00
DEV608,18.633912,73.844692,2026-09-18 13:17:00
DEV523,18.496147,73.94473,2026-09-18 13:17:00
DEV937,18.47936,73.947908,2026-09-18 13:17:00
DEV596,18.544813,73.791287,2026-09-18 13:17:00
DEV401,18.595421,73.853956,2026-09-18 13:17:00
DEV731,18.578971,73.781986,2026-09-18 13:17:00
DEV837,18.641463,73.769865,2026-09-18 13:17:00
DEV955,18.62808,73.873095,2026-09-18 13:17:00
DEV125,18.570726,73.910215,2026-09-18 13:17:00
DEV663,18.595453,73.788969,2026-09-18 13:17:00
DEV438,18.564147,73.785411,2026-09-18 13:17:00
DEV811,18.495959,73.847346,2026-09-18 13:17:00
DEV814,18.515554,73.88688,2026-09-18 13:17:00
DEV840,18.463136,73.924695,2026-09-18 13:17:00
DEV001,18.541007,73.830575,2026-09-18 13:17:00
DEV737,18.576112,73.801417,2026-09-18 13:17:00
DEV547,18.545369,73.94874,2026-09-18 13:17:00
DEV644,18.641582,73.818445,2026-09-18 13:17:00
DEV503,18.47008,73.763782,2026-09-18 13:17:00
DEV288,18.456324,73.779728,2026-09-18 13:17:00
DEV706,18.614749,73.795805,2026-09-18 13:18:00
DEV238,18.450317,73.766473,2026-09-18 13:18:00
DEV609,18.516198,73.766218,2026-09-18 13:18:00
DEV650,18.619067,73.775718,2026-09-18 13:18:00
DEV822,18.558836,73.837399,2026-09-18 13:18:00
DEV372,18.590202,73.750353,2026-09-18 13:18:00
DEV104,18.498317,73.89369,2026-09-18 13:18:00
DEV993,18.51861,73.772488,2026-09-18 13:18:00
DEV466,18.454238,73.901792,2026-09-18 13:18:00
DEV733,18.608409,73.851314,2026-09-18 13:18:00
DEV064,18.592322,73.872989,2026-09-18 13:19:00
DEV624,18.544596,73.880611,2026-09-18 13:19:00
DEV014,18.547624,73.767551,2026-09-18 13:19:00
DEV047,18.544909,73.949173,2026-09-18 13:19:00
DEV709,18.607084,73.757208,2026-09-18 13:19:00
DEV903,18.593475,73.800458,2026-09-18 13:19:00
DEV722,18.540557,73.906336,2026-09-18 13:19:00
DEV774,18.45956,73.843298,2026-09-18 13:19:00
DEV384,18.53665,73.802903,2026-09-18 13:19:00
DEV132,18.501556,73.863433,2026-09-18 13:19:00
DEV700,18.455958,73.937681,2026-09-18 13:19:00
DEV768,18.548781,73.815094,2026-09-18 13:20:00
DEV489,18.551768,73.901597,2026-09-18 13:20:00
DEV828,18.524786,73.879448,2026-09-18 13:20:00
DEV765,18.609484,73.805523,2026-09-18 13:20:00
DEV035,18.478833,73.913421,2026-09-18 13:20:00
DEV995,18.595954,73.854446,2026-09-18 13:20:00
DEV318,18.490683,73.785016,2026-09-18 13:20:00
DEV572,18.627602,73.799589,2026-09-18 13:20:00
DEV253,18.641172,73.946298,2026-09-18 13:20:00
DEV132,18.523154,73.750273,2026-09-18 13:21:00
DEV540,18.510396,73.779737,2026-09-18 13:21:00
DEV622,18.539383,73.896196,2026-09-18 13:21:00
DEV958,18.576967,73.933539,2026-09-18 13:21:00
DEV260,18.518684,73.761222,2026-09-18 13:21:00
DEV100,18.553889,73.897384,2026-09-18 13:21:00
DEV649,18.483524,73.934626,2026-09-18 13:21:00
DEV930,18.605234,73.763462,2026-09-18 13:21:00
DEV516,18.597005,73.783726,2026-09-18 13:21:00
DEV501,18.645059,73.834291,2026-09-18 13:21:00
DEV887,18.556877,73.815272,2026-09-18 13:21:00
DEV487,18.581113,73.918939,2026-09-18 13:21:00
DEV201,18.455796,73.82705,2026-09-18 13:21:00
DEV924,18.500961,73.886848,2026-09-18 13:21:00
DEV993,18.633661,73.8386,2026-09-18 13:21:00
DEV485,18.634233,73.914251,2026-09-18 13:22:00
DEV059,18.601348,73.819409,2026-09-18 13:22:00
DEV511,18.515463,73.824476,2026-09-18 13:22:00
DEV540,18.454186,73.893074,2026-09-18 13:22:00
DEV432,18.477399,73.763713,2026-09-18 13:22:00
DEV803,18.466372,73.94351,2026-09-18 13:22:00
DEV876,18.602136,73.92718,2026-09-18 13:22:00
DEV934,18.62576,73.871293,2026-09-18 13:23:00
DEV364,18.576546,73.945236,2026-09-18 13:23:00
DEV799,18.592291,73.801822,2026-09-18 13:23:00
DEV087,18.613041,73.867847,2026-09-18 13:23:00
DEV458,18.46488,73.929939,2026-09-18 13:23:00
DEV591,18.464336,73.757445,2026-09-18 13:23:00
DEV736,18.632346,73.826322,2026-09-18 13:23:00
DEV185,18.645125,73.759327,2026-09-18 13:24:00
DEV356,18.534496,73.889634,2026-09-18 13:24:00
DEV061,18.501209,73.832811,2026-09-18 13:24:00
DEV951,18.472191,73.785626,2026-09-18 13:24:00
DEV499,18.575902,73.862473,2026-09-18 13:24:00
DEV881,18.519702,73.877776,2026-09-18 13:24:00
DEV363,18.619974,73.796211,2026-09-18 13:24:00
DEV670,18.60148,73.92784,2026-09-18 13:24:00
DEV567,18.542385,73.949745,2026-09-18 13:24:00
DEV013,18.602457,73.804401,2026-09-18 13:24:00
DEV536,18.648851,73.890631,2026-09-18 13:25:00
DEV239,18.517815,73.784751,2026-09-18 13:25:00
DEV194,18.634976,73.802792,2026-09-18 13:25:00
DEV674,18.594134,73.899407,2026-09-18 13:25:00
DEV109,18.633652,73.805154,2026-09-18 13:25:00
DEV244,18.599147,73.875299,2026-09-18 13:25:00
DEV803,18.462544,73.781113,2026-09-18 13:25:00
DEV394,18.484734,73.774423,2026-09-18 13:25:00
DEV869,18.586121,73.795066,2026-09-18 13:25:00
DEV937,18.625703,73.929909,2026-09-18 13:25:00
DEV627,18.567242,73.76705,2026-09-18 13:26:00
DEV711,18.614308,73.793591,2026-09-18 13:26:00
DEV247,18.535083,73.935611,2026-09-18 13:26:00
DEV098,18.461485,73.793773,2026-09-18 13:26:00
DEV903,18.617534,73.797112,2026-09-18 13:26:00
DEV907,18.647297,73.828364,2026-09-18 13:26:00
DEV825,18.565553,73.803858,2026-09-18 13:26:00
DEV929,18.498742,73.805465,2026-09-18 13:26:00
DEV892,18.631773,73.817037,2026-09-18 13:26:00
DEV902,18.641049,73.90302,2026-09-18 13:26:00
DEV862,18.611916,73.899986,2026-09-18 13:26:00
DEV546,18.562603,73.861334,2026-09-18 13:26:00
DEV197,18.55729,73.899621,2026-09-18 13:26:00
DEV015,18.589495,73.861569,2026-09-18 13:26:00
DEV945,18.624649,73.773411,2026-09-18 13:26:00
DEV976,18.590468,73.849811,2026-09-18 13:26:00
DEV276,18.544217,73.791204,2026-09-18 13:27:00
DEV171,18.492436,73.81429,2026-09-18 13:27:00
DEV247,18.465565,73.781599,2026-09-18 13:27:00
DEV773,18.607134,73.846419,2026-09-18 13:27:00
DEV881,18.480798,73.830602,2026-09-18 13:27:00
DEV956,18.500456,73.938308,2026-09-18 13:27:00
DEV025,18.638024,73.815848,2026-09-18 13:27:00
DEV306,18.483199,73.846969,2026-09-18 13:27:00
DEV273,18.562756,73.871678,2026-09-18 13:28:00
DEV580,18.503668,73.931894,2026-09-18 13:28:00
DEV076,18.516679,73.859384,2026-09-18 13:28:00
DEV625,18.585694,73.806668,2026-09-18 13:28:00
DEV621,18.512275,73.922363,2026-09-18 13:28:00
DEV911,18.599903,73.911579,2026-09-18 13:28:00
DEV130,18.64808,73.823261,2026-09-18 13:28:00
DEV443,18.568272,73.77932,2026-09-18 13:29:00
DEV220,18.472847,73.790944,2026-09-18 13:29:00
DEV631,18.49922,73.757917,2026-09-18 13:29:00
DEV894,18.547494,73.833904,2026-09-18 13:29:00
DEV324,18.46471,73.784238,2026-09-18 13:29:00
DEV701,18.517444,73.767748,2026-09-18 13:29:00
DEV357,18.519615,73.763676,2026-09-18 13:29:00
DEV647,18.506431,73.935382,2026-09-18 13:29:00
DEV762,18.604004,73.79414,2026-09-18 13:29:00
DEV345,18.588659,73.880034,2026-09-18 13:29:00
DEV556,18.642166,73.942013,2026-09-18 13:29:00
DEV768,18.570745,73.880847,2026-09-18 13:29:00
DEV003,18.589573,73.785482,2026-09-18 13:30:00
DEV166,18.64271,73.777923,2026-09-18 13:30:00
DEV303,18.609091,73.762298,2026-09-18 13:30:00
DEV861,18.605911,73.800573,2026-09-18 13:30:00
DEV209,18.476173,73.807929,2026-09-18 13:30:00
DEV653,18.472097,73.799211,2026-09-18 13:30:00
DEV588,18.5,73.809533,2026-09-18 13:30:00
DEV208,18.484831,73.874189,2026-09-18 13:30:00
DEV887,18.643104,73.794333,2026-09-18 13:30:00
DEV480,18.638851,73.812158,2026-09-18 13:30:00
DEV650,18.516723,73.883576,2026-09-18 13:30:00
DEV789,18.556575,73.939247,2026-09-18 13:30:00
DEV621,18.638987,73.772351,2026-09-18 13:31:00
DEV938,18.540234,73.907577,2026-09-18 13:31:00
DEV399,18.523291,73.931756,2026-09-18 13:31:00
DEV239,18.547929,73.905916,2026-09-18 13:31:00
DEV289,18.5134,73.880823,2026-09-18 13:31:00
DEV039,18.564326,73.838058,2026-09-18 13:31:00
DEV767,18.607266,73.765317,2026-09-18 13:31:00
DEV485,18.64348,73.786263,2026-09-18 13:31:00
DEV254,18.628448,73.800676,2026-09-18 13:31:00
DEV511,18.491807,73.943578,2026-09-18 13:32:00
DEV221,18.627572,73.941318,2026-09-18 13:32:00
DEV301,18.485824,73.75786,2026-09-18 13:32:00
DEV145,18.551291,73.782275,2026-09-18 13:32:00
DEV760,18.472319,73.804387,2026-09-18 13:32:00
DEV498,18.540189,73.814816,2026-09-18 13:32:00
DEV425,18.615587,73.794688,2026-09-18 13:32:00
DEV844,18.541018,73.931962,2026-09-18 13:32:00
DEV413,18.636226,73.813015,2026-09-18 13:32:00
DEV946,18.498206,73.78297,2026-09-18 13:33:00
DEV912,18.629117,73.839809,2026-09-18 13:33:00
DEV177,18.548698,73.930459,2026-09-18 13:33:00
DEV580,18.471249,73.835799,2026-09-18 13:33:00
DEV360,18.628119,73.788919,2026-09-18 13:34:00
DEV984,18.606251,73.813826,2026-09-18 13:34:00
DEV500,18.500562,73.833584,2026-09-18 13:34:00
DEV588,18.532729,73.846116,2026-09-18 13:34:00
DEV933,18.452992,73.799819,2026-09-18 13:34:00
DEV962,18.47368,73.831911,2026-09-18 13:34:00
DEV435,18.646379,73.779945,2026-09-18 13:34:00
DEV566,18.590156,73.892502,2026-09-18 13:34:00
DEV854,18.488999,73.94479,2026-09-18 13:34:00
DEV981,18.520715,73.819329,2026-09-18 13:35:00
DEV193,18.471312,73.871528,2026-09-18 13:35:00
DEV102,18.552158,73.83616,2026-09-18 13:35:00
DEV597,18.521251,73.767203,2026-09-18 13:35:00
DEV198,18.47146,73.829134,2026-09-18 13:35:00
DEV888,18.574792,73.779042,2026-09-18 13:35:00
DEV681,18.55787,73.774574,2026-09-18 13:35:00
DEV084,18.489937,73.865507,2026-09-18 13:35:00
DEV628,18.620252,73.870865,2026-09-18 13:35:00
DEV099,18.642811,73.777278,2026-09-18 13:36:00
DEV967,18.496303,73.85779,2026-09-18 13:36:00
DEV134,18.472864,73.821544,2026-09-18 13:36:00
DEV877,18.605897,73.780062,2026-09-18 13:36:00
DEV602,18.469154,73.937111,2026-09-18 13:36:00
DEV993,18.597697,73.754741,2026-09-18 13:36:00
DEV790,18.545342,73.893865,2026-09-18 13:36:00
DEV946,18.496481,73.765243,2026-09-18 13:36:00
DEV556,18.626381,73.768023,2026-09-18 13:36:00
DEV296,18.451617,73.784097,2026-09-18 13:36:00
DEV191,18.470506,73.758849,2026-09-18 13:36:00
DEV616,18.549219,73.806651,2026-09-18 13:36:00
DEV779,18.623593,73.753499,2026-09-18 13:37:00
DEV991,18.628706,73.909347,2026-09-18 13:37:00
DEV400,18.479326,73.78476,2026-09-18 13:37:00
DEV521,18.490285,73.921909,2026-09-18 13:37:00
DEV243,18.473073,73.788143,2026-09-18 13:37:00
DEV318,18.620935,73.874575,2026-09-18 13:37:00
DEV157,18.613558,73.795662,2026-09-18 13:37:00
DEV859,18.500776,73.863454,2026-09-18 13:37:00
DEV885,18.486685,73.872422,2026-09-18 13:37:00
DEV664,18.46087,73.882852,2026-09-18 13:37:00
DEV496,18.631379,73.838096,2026-09-18 13:37:00
DEV195,18.605915,73.768326,2026-09-18 13:37:00
DEV165,18.633622,73.766606,2026-09-18 13:37:00
DEV818,18.452425,73.796948,2026-09-18 13:37:00
DEV930,18.460399,73.761556,2026-09-18 13:37:00
DEV480,18.624522,73.890031,2026-09-18 13:37:00
DEV477,18.568611,73.806615,2026-09-18 13:38:00
DEV507,18.638428,73.896511,2026-09-18 13:38:00
DEV064,18.636507,73.76952,2026-09-18 13:38:00
DEV202,18.617113,73.830686,2026-09-18 13:38:00
DEV327,18.501073,73.93849,2026-09-18 13:38:00
DEV803,18.530251,73.856044,2026-09-18 13:38:00
DEV068,18.582358,73.817265,2026-09-18 13:38:00
DEV831,18.645572,73.856849,2026-09-18 13:38:00
DEV835,18.522161,73.91276,2026-09-18 13:38:00
DEV105,18.556569,73.942844,2026-09-18 13:39:00
DEV008,18.562092,73.819162,2026-09-18 13:39:00
DEV673,18.450362,73.761888,2026-09-18 13:39:00
DEV751,18.565547,73.812479,2026-09-18 13:39:00
DEV558,18.533468,73.884868,2026-09-18 13:39:00
DEV987,18.512632,73.752218,2026-09-18 13:39:00
DEV388,18.560331,73.777124,2026-09-18 13:39:00
DEV318,18.529555,73.824586,2026-09-18 13:39:00
DEV962,18.559886,73.85157,2026-09-18 13:39:00
DEV148,18.477273,73.904211,2026-09-18 13:40:00
DEV709,18.450977,73.804647,2026-09-18 13:40:00
DEV193,18.647599,73.922306,2026-09-18 13:40:00
DEV872,18.640293,73.807688,2026-09-18 13:40:00
DEV661,18.607386,73.930137,2026-09-18 13:40:00
DEV192,18.473058,73.85071,2026-09-18 13:40:00
DEV065,18.640014,73.924303,2026-09-18 13:40:00
DEV792,18.606346,73.785627,2026-09-18 13:40:00
DEV191,18.584543,73.752375,2026-09-18 13:40:00
DEV227,18.540653,73.757447,2026-09-18 13:40:00
DEV805,18.495503,73.798379,2026-09-18 13:41:00
DEV098,18.519222,73.882765,2026-09-18 13:41:00
DEV019,18.629734,73.823951,2026-09-18 13:41:00
DEV040,18.553099,73.919269,2026-09-18 13:41:00
DEV701,18.45741,73.94052,2026-09-18 13:41:00
DEV829,18.578052,73.826966,2026-09-18 13:41:00
DEV154,18.623986,73.76036,2026-09-18 13:41:00
DEV376,18.466042,73.773043,2026-09-18 13:41:00
DEV395,18.620948,73.909256,2026-09-18 13:42:00
DEV104,18.598582,73.864264,2026-09-18 13:42:00
DEV008,18.642439,73.763551,2026-09-18 13:42:00
DEV047,18.601201,73.834832,2026-09-18 13:42:00
DEV754,18.503569,73.750924,2026-09-18 13:42:00
DEV113,18.614732,73.901919,2026-09-18 13:42:00
DEV277,18.512201,73.851157,2026-09-18 13:43:00
DEV092,18.582871,73.76811,2026-09-18 13:43:00
DEV660,18.622461,73.832706,2026-09-18 13:43:00
DEV783,18.500506,73.775143,2026-09-18 13:43:00
DEV253,18.464377,73.938369,2026-09-18 13:43:00
DEV276,18.634816,73.838473,2026-09-18 13:43:00
DEV546,18.555708,73.83307,2026-09-18 13:44:00
DEV481,18.475343,73.898861,2026-09-18 13:44:00
DEV843,18.625962,73.773896,2026-09-18 13:44:00
DEV973,18.504958,73.946337,2026-09-18 13:44:00
DEV962,18.530071,73.822774,2026-09-18 13:44:00
DEV349,18.474887,73.904664,2026-09-18 13:44:00
DEV300,18.626639,73.867622,2026-09-18 13:44:00
DEV658,18.595541,73.842948,2026-09-18 13:44:00
DEV075,18.549775,73.77571,2026-09-18 13:45:00
DEV121,18.627728,73.922289,2026-09-18 13:45:00
DEV349,18.531032,73.838878,2026-09-18 13:45:00
DEV866,18.618283,73.946692,2026-09-18 13:45:00
DEV335,18.512548,73.873035,2026-09-18 13:46:00
DEV229,18.59384,73.930623,2026-09-18 13:46:00
DEV300,18.484346,73.917998,2026-09-18 13:46:00
DEV141,18.456212,73.935187,2026-09-18 13:46:00
DEV983,18.532887,73.927866,2026-09-18 13:46:00
DEV771,18.52202,73.774631,2026-09-18 13:46:00
DEV900,18.632831,73.820638,2026-09-18 13:46:00
DEV959,18.507218,73.923794,2026-09-18 13:46:00
DEV480,18.469433,73.930839,2026-09-18 13:47:00
DEV741,18.634586,73.797437,2026-09-18 13:47:00
DEV843,18.649595,73.937145,2026-09-18 13:47:00
DEV400,18.552567,73.846382,2026-09-18 13:47:00
DEV127,18.595019,73.943293,2026-09-18 13:47:00
DEV802,18.64356,73.899624,2026-09-18 13:47:00
DEV529,18.473033,73.786249,2026-09-18 13:47:00
DEV935,18.629302,73.809701,2026-09-18 13:47:00
DEV777,18.49918,73.938044,2026-09-18 13:47:00
DEV076,18.645534,73.946028,2026-09-18 13:47:00
DEV449,18.539397,73.918701,2026-09-18 13:47:00
DEV611,18.54789,73.776565,2026-09-18 13:47:00
DEV319,18.493832,73.835942,2026-09-18 13:47:00
DEV419,18.628308,73.813808,2026-09-18 13:47:00
DEV392,18.55738,73.756587,2026-09-18 13:48:00
DEV126,18.571277,73.939024,2026-09-18 13:48:00
DEV139,18.60311,73.803328,2026-09-18 13:48:00
DEV798,18.632939,73.843911,2026-09-18 13:48:00
DEV263,18.585421,73.944694,2026-09-18 13:48:00
DEV124,18.638227,73.80247,2026-09-18 13:48:00
DEV294,18.533733,73.858111,2026-09-18 13:48:00
DEV457,18.462335,73.914262,2026-09-18 13:48:00
DEV278,18.609948,73.770291,2026-09-18 13:48:00
DEV488,18.534957,73.890983,2026-09-18 13:49:00
DEV415,18.59642,73.932205,2026-09-18 13:49:00
DEV503,18.538104,73.78214,2026-09-18 13:49:00
DEV578,18.580962,73.845834,2026-09-18 13:49:00
DEV148,18.519092,73.909362,2026-09-18 13:49:00
DEV567,18.633375,73.793857,2026-09-18 13:49:00
DEV288,18.606656,73.855054,2026-09-18 13:49:00
DEV227,18.649335,73.815313,2026-09-18 13:50:00
DEV785,18.619329,73.80791,2026-09-18 13:50:00
DEV246,18.506309,73.779676,2026-09-18 13:50:00
DEV661,18.605204,73.821623,2026-09-18 13:50:00
DEV962,18.576376,73.817376,2026-09-18 13:50:00
DEV559,18.541214,73.907418,2026-09-18 13:50:00
DEV925,18.529826,73.858811,2026-09-18 13:50:00
DEV466,18.542013,73.873823,2026-09-18 13:50:00
DEV504,18.452073,73.783181,2026-09-18 13:50:00
DEV986,18.647273,73.829447,2026-09-18 13:51:00
DEV118,18.548989,73.846589,2026-09-18 13:51:00
DEV337,18.574959,73.87638,2026-09-18 13:51:00
DEV040,18.615939,73.888877,2026-09-18 13:51:00
DEV503,18.577364,73.794274,2026-09-18 13:51:00
DEV702,18.624397,73.909465,2026-09-18 13:51:00
DEV631,18.558319,73.821729,2026-09-18 13:51:00
DEV371,18.555567,73.848479,2026-09-18 13:51:00
DEV940,18.530718,73.841745,2026-09-18 13:51:00
DEV344,18.598926,73.916096,2026-09-18 13:51:00
DEV550,18.590852,73.79613,2026-09-18 13:51:00
DEV940,18.608582,73.805635,2026-09-18 13:51:00
DEV022,18.52577,73.944234,2026-09-18 13:51:00
DEV788,18.595742,73.886306,2026-09-18 13:51:00
DEV907,18.55517,73.942259,2026-09-18 13:51:00
DEV851,18.566924,73.851377,2026-09-18 13:51:00
DEV999,18.644516,73.787244,2026-09-18 13:51:00
DEV012,18.571737,73.792218,2026-09-18 13:52:00
DEV949,18.527955,73.930241,2026-09-18 13:52:00
DEV666,18.622573,73.84455,2026-09-18 13:52:00
DEV632,18.641625,73.939742,2026-09-18 13:52:00
DEV722,18.463511,73.902152,2026-09-18 13:52:00
DEV212,18.639554,73.933028,2026-09-18 13:52:00
DEV072,18.625042,73.921002,2026-09-18 13:52:00
DEV973,18.507798,73.850868,2026-09-18 13:52:00
DEV767,18.45054,73.867812,2026-09-18 13:52:00
DEV307,18.639507,73.785429,2026-09-18 13:53:00
DEV940,18.497685,73.764022,2026-09-18 13:53:00
DEV837,18.562334,73.89163,2026-09-18 13:53:00
DEV623,18.552404,73.862021,2026-09-18 13:53:00
DEV646,18.649894,73.763689,2026-09-18 13:53:00
DEV937,18.52563,73.771823,2026-09-18 13:53:00
DEV402,18.507042,73.764923,2026-09-18 13:53:00
DEV677,18.649124,73.836534,2026-09-18 13:54:00
DEV240,18.52033,73.85316,2026-09-18 13:54:00
DEV325,18.483677,73.753998,2026-09-18 13:54:00
DEV103,18.490293,73.771933,2026-09-18 13:54:00
DEV071,18.625261,73.798339,2026-09-18 13:54:00
DEV251,18.620008,73.784926,2026-09-18 13:54:00
DEV755,18.606667,73.780322,2026-09-18 13:54:00
DEV973,18.614112,73.754637,2026-09-18 13:54:00
DEV414,18.626627,73.924617,2026-09-18 13:54:00
DEV608,18.475725,73.858488,2026-09-18 13:54:00
DEV800,18.571573,73.770867,2026-09-18 13:54:00
DEV842,18.556085,73.820687,2026-09-18 13:54:00
DEV560,18.642769,73.873411,2026-09-18 13:54:00
DEV728,18.515846,73.825053,2026-09-18 13:54:00
DEV321,18.642592,73.823417,2026-09-18 13:55:00
DEV324,18.531207,73.861967,2026-09-18 13:55:00
DEV999,18.618239,73.7703,2026-09-18 13:55:00
DEV795,18.571901,73.946718,2026-09-18 13:55:00
DEV787,18.609415,73.813292,2026-09-18 13:55:00
DEV500,18.546662,73.865798,2026-09-18 13:55:00
DEV521,18.528518,73.780132,2026-09-18 13:55:00
DEV569,18.537316,73.754808,2026-09-18 13:55:00
DEV052,18.495966,73.881214,2026-09-18 13:55:00
DEV275,18.548715,73.912083,2026-09-18 13:55:00
DEV287,18.567097,73.798377,2026-09-18 13:55:00
DEV566,18.617201,73.926769,2026-09-18 13:55:00
DEV137,18.47609,73.814779,2026-09-18 13:56:00
DEV439,18.602771,73.875273,2026-09-18 13:56:00
DEV588,18.63155,73.942397,2026-09-18 13:56:00
DEV618,18.499815,73.922935,2026-09-18 13:56:00
DEV016,18.51192,73.910243,2026-09-18 13:56:00
DEV446,18.486252,73.822933,2026-09-18 13:56:00
DEV125,18.607785,73.805506,2026-09-18 13:56:00
DEV854,18.509988,73.830573,2026-09-18 13:56:00
DEV945,18.578289,73.783225,2026-09-18 13:56:00
DEV343,18.594848,73.791378,2026-09-18 13:57:00
DEV092,18.464158,73.853405,2026-09-18 13:57:00
DEV837,18.517693,73.753738,2026-09-18 13:57:00
DEV166,18.464081,73.844303,2026-09-18 13:57:00
DEV505,18.518903,73.760282,2026-09-18 13:57:00
DEV442,18.478222,73.798873,2026-09-18 13:57:00
DEV914,18.476257,73.885187,2026-09-18 13:57:00
DEV130,18.508297,73.805155,2026-09-18 13:57:00
DEV758,18.618209,73.879713,2026-09-18 13:57:00
DEV322,18.564606,73.791027,2026-09-18 13:58:00
DEV940,18.52992,73.895027,2026-09-18 13:58:00
DEV452,18.5822,73.806419,2026-09-18 13:58:00
DEV197,18.513306,73.850473,2026-09-18 13:58:00
DEV745,18.595903,73.935477,2026-09-18 13:58:00
DEV633,18.581083,73.891573,2026-09-18 13:59:00
DEV022,18.545264,73.879451,2026-09-18 13:59:00
DEV474,18.516193,73.865516,2026-09-18 13:59:00
DEV247,18.592232,73.819975,2026-09-18 13:59:00
DEV112,18.627722,73.912622,2026-09-18 13:59:00
DEV120,18.482925,73.784126,2026-09-18 13:59:00
DEV993,18.629015,73.906873,2026-09-18 13:59:00
DEV803,18.636554,73.791356,2026-09-18 13:59:00
DEV995,18.595334,73.899743,2026-09-18 14:00:00
DEV805,18.464134,73.843597,2026-09-18 14:00:00
DEV850,18.576104,73.788453,2026-09-18 14:00:00
DEV932,18.517763,73.795616,2026-09-18 14:00:00
DEV568,18.62596,73.796223,2026-09-18 14:00:00
DEV174,18.473152,73.933683,2026-09-18 14:00:00
DEV617,18.538514,73.795692,2026-09-18 14:00:00
DEV598,18.622257,73.888482,2026-09-18 14:00:00
DEV948,18.512378,73.799489,2026-09-18 14:00:00
DEV389,18.450437,73.885334,2026-09-18 14:00:00
DEV191,18.552592,73.76072,2026-09-18 14:00:00
DEV371,18.636688,73.894244,2026-09-18 14:01:00
DEV850,18.639111,73.88592,2026-09-18 14:01:00
DEV420,18.529071,73.80021,2026-09-18 14:01:00
DEV281,18.526447,73.945806,2026-09-18 14:01:00
DEV679,18.56891,73.792117,2026-09-18 14:01:00
DEV251,18.486587,73.927397,2026-09-18 14:01:00
DEV470,18.616638,73.877715,2026-09-18 14:01:00
DEV350,18.470581,73.928474,2026-09-18 14:01:00
DEV848,18.542408,73.870659,2026-09-18 14:02:00
DEV635,18.629159,73.803002,2026-09-18 14:02:00
DEV156,18.500232,73.83171,2026-09-18 14:02:00
DEV908,18.502057,73.89169,2026-09-18 14:02:00
DEV340,18.453121,73.933938,2026-09-18 14:02:00
DEV889,18.641574,73.883153,2026-09-18 14:02:00
DEV492,18.619193,73.941082,2026-09-18 14:03:00
DEV063,18.463978,73.823716,2026-09-18 14:03:00
DEV143,18.570036,73.916533,2026-09-18 14:03:00
DEV907,18.527413,73.852505,2026-09-18 14:03:00
DEV109,18.480899,73.867554,2026-09-18 14:04:00
DEV172,18.462773,73.790414,2026-09-18 14:04:00
DEV422,18.503065,73.885108,2026-09-18 14:04:00
DEV938,18.51737,73.887559,2026-09-18 14:04:00
DEV855,18.61749,73.837341,2026-09-18 14:04:00
DEV408,18.473671,73.76479,2026-09-18 14:04:00
DEV872,18.489601,73.938205,2026-09-18 14:05:00
DEV916,18.465322,73.916975,2026-09-18 14:05:00
DEV391,18.591016,73.880459,2026-09-18 14:05:00
DEV001,18.589909,73.907724,2026-09-18 14:05:00
DEV253,18.590957,73.818786,2026-09-18 14:05:00
DEV501,18.557923,73.767355,2026-09-18 14:05:00
DEV941,18.451994,73.940356,2026-09-18 14:05:00
DEV906,18.542254,73.791064,2026-09-18 14:05:00
DEV880,18.62246,73.780234,2026-09-18 14:05:00
DEV701,18.630265,73.933085,2026-09-18 14:05:00
DEV694,18.460104,73.944591,2026-09-18 14:05:00
DEV154,18.609017,73.90511,2026-09-18 14:06:00
DEV625,18.492851,73.759896,2026-09-18 14:06:00
DEV490,18.566785,73.783566,2026-09-18 14:06:00
DEV344,18.606327,73.797685,2026-09-18 14:06:00
DEV444,18.537523,73.872031,2026-09-18 14:06:00
DEV729,18.57855,73.834769,2026-09-18 14:06:00
DEV623,18.52891,73.908375,2026-09-18 14:06:00
DEV530,18.57556,73.844453,2026-09-18 14:06:00
DEV320,18.566614,73.817618,2026-09-18 14:06:00
DEV859,18.475559,73.83684,2026-09-18 14:06:00
DEV630,18.578705,73.776678,2026-09-18 14:06:00
DEV471,18.471558,73.918978,2026-09-18 14:06:00
DEV909,18.494049,73.850707,2026-09-18 14:06:00
DEV589,18.570168,73.786895,2026-09-18 14:06:00
DEV659,18.529386,73.778696,2026-09-18 14:06:00
DEV930,18.484836,73.8608,2026-09-18 14:06:00
DEV093,18.503459,73.857508,2026-09-18 14:07:00
DEV839,18.46278,73.817141,2026-09-18 14:07:00
DEV661,18.487367,73.841938,2026-09-18 14:07:00
DEV626,18.614547,73.902198,2026-09-18 14:07:00
DEV974,18.622074,73.867832,2026-09-18 14:07:00
DEV294,18.46715,73.795039,2026-09-18 14:07:00
DEV794,18.605441,73.846567,2026-09-18 14:07:00
DEV644,18.492108,73.780527,2026-09-18 14:07:00
DEV127,18.495091,73.848332,2026-09-18 14:07:00
DEV329,18.45164,73.854951,2026-09-18 14:07:00
DEV732,18.61366,73.780454,2026-09-18 14:08:00
DEV574,18.640088,73.819007,2026-09-18 14:08:00
DEV078,18.472909,73.841277,2026-09-18 14:08:00
DEV278,18.51545,73.933798,2026-09-18 14:08:00
DEV903,18.46577,73.804667,2026-09-18 14:08:00
DEV022,18.578779,73.850034,2026-09-18 14:08:00
DEV943,18.565216,73.822752,2026-09-18 14:08:00
DEV557,18.623038,73.905918,2026-09-18 14:08:00
DEV221,18.467285,73.885975,2026-09-18 14:08:00
DEV859,18.590619,73.905245,2026-09-18 14:08:00
DEV1000,18.470953,73.93957,2026-09-18 14:09:00
DEV938,18.536764,73.92764,2026-09-18 14:09:00
DEV925,18.508671,73.854363,2026-09-18 14:09:00
DEV456,18.476665,73.895151,2026-09-18 14:09:00
DEV166,18.526262,73.902042,2026-09-18 14:09:00
DEV542,18.610805,73.903269,2026-09-18 14:09:00
DEV437,18.541262,73.819877,2026-09-18 14:09:00
DEV424,18.460854,73.855164,2026-09-18 14:09:00
DEV781,18.596083,73.905429,2026-09-18 14:09:00
DEV537,18.531365,73.938982,2026-09-18 14:10:00
DEV273,18.541899,73.899122,2026-09-18 14:10:00
DEV054,18.554592,73.791142,2026-09-18 14:10:00
DEV699,18.611153,73.812951,2026-09-18 14:10:00
DEV345,18.623034,73.844293,2026-09-18 14:10:00
DEV867,18.481176,73.893956,2026-09-18 14:10:00
DEV021,18.490417,73.927751,2026-09-18 14:10:00
DEV575,18.593395,73.778536,2026-09-18 14:11:00
DEV744,18.518203,73.929093,2026-09-18 14:11:00
DEV205,18.536152,73.774968,2026-09-18 14:11:00
DEV793,18.593087,73.833351,2026-09-18 14:11:00
DEV478,18.564454,73.852808,2026-09-18 14:11:00
DEV198,18.53655,73.930302,2026-09-18 14:11:00
DEV488,18.587315,73.903441,2026-09-18 14:11:00
DEV392,18.524861,73.822589,2026-09-18 14:11:00
DEV988,18.559449,73.899521,2026-09-18 14:11:00
DEV849,18.482075,73.927078,2026-09-18 14:12:00
DEV426,18.565895,73.887882,2026-09-18 14:12:00
DEV972,18.571446,73.914783,2026-09-18 14:12:00
DEV381,18.624491,73.918586,2026-09-18 14:12:00
DEV247,18.490334,73.864071,2026-09-18 14:12:00
DEV166,18.627274,73.81619,2026-09-18 14:12:00
DEV984,18.492432,73.794573,2026-09-18 14:12:00
DEV229,18.603456,73.7853,2026-09-18 14:13:00
DEV476,18.462817,73.874879,2026-09-18 14:13:00
DEV702,18.611917,73.815733,2026-09-18 14:13:00
DEV083,18.512498,73.938813,2026-09-18 14:13:00
DEV817,18.569713,73.824257,2026-09-18 14:13:00
DEV939,18.613771,73.823377,2026-09-18 14:13:00
DEV127,18.610593,73.840094,2026-09-18 14:14:00
DEV801,18.490416,73.912031,2026-09-18 14:14:00
DEV696,18.507168,73.7784,2026-09-18 14:14:00
DEV129,18.570804,73.818923,2026-09-18 14:14:00
DEV486,18.510963,73.820848,2026-09-18 14:14:00
DEV999,18.515614,73.838475,2026-09-18 14:14:00
DEV738,18.508585,73.836496,2026-09-18 14:14:00
DEV990,18.481383,73.776045,2026-09-18 14:14:00
DEV844,18.555645,73.933975,2026-09-18 14:14:00
DEV877,18.57719,73.852619,2026-09-18 14:14:00
DEV316,18.597037,73.854042,2026-09-18 14:14:00
DEV028,18.604314,73.831529,2026-09-18 14:14:00
DEV516,18.61455,73.851116,2026-09-18 14:14:00
DEV218,18.649644,73.892007,2026-09-18 14:14:00
DEV785,18.469736,73.939311,2026-09-18 14:15:00
DEV025,18.577859,73.768596,2026-09-18 14:15:00
DEV235,18.591576,73.774269,2026-09-18 14:15:00
DEV681,18.490455,73.796687,2026-09-18 14:15:00
DEV398,18.589288,73.924642,2026-09-18 14:15:00
DEV904,18.474156,73.87819,2026-09-18 14:15:00
DEV175,18.645386,73.790387,2026-09-18 14:15:00
DEV358,18.456819,73.939331,2026-09-18 14:15:00
DEV960,18.454329,73.7645,2026-09-18 14:15:00
DEV416,18.605713,73.847122,2026-09-18 14:15:00
DEV135,18.627152,73.922091,2026-09-18 14:15:00
DEV060,18.511946,73.813361,2026-09-18 14:15:00
DEV643,18.478428,73.926132,2026-09-18 14:15:00
DEV281,18.453222,73.913668,2026-09-18 14:15:00
DEV386,18.526253,73.845218,2026-09-18 14:15:00
DEV658,18.589337,73.773878,2026-09-18 14:15:00
DEV652,18.556296,73.933855,2026-09-18 14:16:00
DEV491,18.551634,73.928487,2026-09-18 14:16:00
DEV638,18.539599,73.763724,2026-09-18 14:16:00
DEV830,18.649592,73.76951,2026-09-18 14:16:00
DEV536,18.514489,73.810972,2026-09-18 14:16:00
DEV217,18.630891,73.782691,2026-09-18 14:16:00
DEV149,18.60263,73.944459,2026-09-18 14:16:00
DEV787,18.615477,73.945487,2026-09-18 14:16:00
DEV556,18.508339,73.788495,2026-09-18 14:17:00
DEV363,18.539796,73.923935,2026-09-18 14:17:00
DEV823,18.576759,73.934886,2026-09-18 14:17:00
DEV204,18.50032,73.766954,2026-09-18 14:17:00
DEV698,18.567827,73.917501,2026-09-18 14:17:00
DEV825,18.624134,73.794685,2026-09-18 14:17:00
DEV352,18.635441,73.823606,2026-09-18 14:17:00
DEV370,18.622174,73.939705,2026-09-18 14:17:00
DEV773,18.54928,73.932645,2026-09-18 14:17:00
DEV670,18.5514,73.844082,2026-09-18 14:18:00
DEV864,18.61138,73.851509,2026-09-18 14:18:00
DEV888,18.559304,73.912366,2026-09-18 14:18:00
DEV660,18.566986,73.909109,2026-09-18 14:18:00
DEV937,18.468271,73.772027,2026-09-18 14:18:00
DEV191,18.621129,73.782359,2026-09-18 14:18:00
DEV107,18.642835,73.756399,2026-09-18 14:18:00
DEV349,18.494088,73.917115,2026-09-18 14:18:00
DEV049,18.633033,73.780203,2026-09-18 14:18:00
DEV794,18.505086,73.876254,2026-09-18 14:18:00
DEV483,18.641359,73.781371,2026-09-18 14:18:00
DEV248,18.48494,73.927125,2026-09-18 14:18:00
DEV245,18.460004,73.796462,2026-09-18 14:19:00
DEV560,18.579623,73.892676,2026-09-18 14:19:00
DEV852,18.477547,73.818874,2026-09-18 14:19:00
DEV739,18.538036,73.84168,2026-09-18 14:19:00
DEV446,18.453465,73.781453,2026-09-18 14:19:00
DEV733,18.49455,73.798149,2026-09-18 14:19:00
DEV897,18.574006,73.851701,2026-09-18 14:19:00
DEV575,18.45449,73.780922,2026-09-18 14:19:00
DEV447,18.472574,73.841942,2026-09-18 14:19:00
DEV173,18.588724,73.802838,2026-09-18 14:19:00
DEV023,18.595236,73.831505,2026-09-18 14:20:00
DEV909,18.512241,73.889839,2026-09-18 14:20:00
DEV185,18.490538,73.807635,2026-09-18 14:20:00
DEV499,18.467349,73.942086,2026-09-18 14:20:00
DEV605,18.577932,73.787025,2026-09-18 14:20:00
DEV966,18.532896,73.908623,2026-09-18 14:20:00
DEV276,18.579153,73.751535,2026-09-18 14:20:00
DEV894,18.575071,73.770754,2026-09-18 14:20:00
DEV102,18.509535,73.814165,2026-09-18 14:20:00
DEV526,18.522032,73.781608,2026-09-18 14:20:00
DEV228,18.55851,73.837863,2026-09-18 14:20:00
DEV112,18.560123,73.759032,2026-09-18 14:21:00
DEV574,18.456571,73.850432,2026-09-18 14:21:00
DEV800,18.506812,73.75737,2026-09-18 14:21:00
DEV474,18.620622,73.88031,2026-09-18 14:21:00
DEV549,18.626975,73.898063,2026-09-18 14:21:00
DEV852,18.500041,73.928795,2026-09-18 14:21:00
DEV445,18.610611,73.924156,2026-09-18 14:21:00
DEV511,18.545896,73.930842,2026-09-18 14:21:00
DEV832,18.503063,73.804168,2026-09-18 14:21:00
DEV230,18.63647,73.897853,2026-09-18 14:21:00
DEV560,18.490721,73.876488,2026-09-18 14:21:00
DEV955,18.500428,73.838454,2026-09-18 14:22:00
DEV541,18.528453,73.754003,2026-09-18 14:22:00
DEV549,18.454521,73.946448,2026-09-18 14:22:00
DEV583,18.478166,73.933738,2026-09-18 14:22:00
DEV148,18.644504,73.820782,2026-09-18 14:22:00
DEV157,18.593291,73.816235,2026-09-18 14:22:00
DEV441,18.549834,73.893707,2026-09-18 14:22:00
DEV058,18.573237,73.799475,2026-09-18 14:22:00
DEV886,18.471571,73.853469,2026-09-18 14:22:00
DEV218,18.540348,73.824406,2026-09-18 14:22:00
DEV864,18.500049,73.759313,2026-09-18 14:22:00
DEV472,18.597418,73.762554,2026-09-18 14:23:00
DEV806,18.636807,73.808986,2026-09-18 14:23:00
DEV161,18.500608,73.832193,2026-09-18 14:23:00
DEV334,18.461191,73.781074,2026-09-18 14:23:00
DEV946,18.497523,73.877355,2026-09-18 14:23:00
DEV214,18.59697,73.912791,2026-09-18 14:23:00
DEV220,18.529682,73.93245,2026-09-18 14:23:00
DEV659,18.576035,73.872928,2026-09-18 14:23:00
DEV727,18.51113,73.777831,2026-09-18 14:24:00
DEV026,18.591551,73.909337,2026-09-18 14:24:00
DEV727,18.531759,73.8805,2026-09-18 14:24:00
DEV857,18.497845,73.911782,2026-09-18 14:24:00
DEV139,18.486077,73.803979,2026-09-18 14:24:00
DEV536,18.570749,73.817075,2026-09-18 14:24:00
DEV287,18.629295,73.755604,2026-09-18 14:24:00
DEV591,18.602159,73.841867,2026-09-18 14:24:00
DEV078,18.576238,73.750035,2026-09-18 14:25:00
DEV207,18.494788,73.817245,2026-09-18 14:25:00
DEV693,18.649199,73.944701,2026-09-18 14:25:00
DEV073,18.477227,73.9349,2026-09-18 14:25:00
DEV188,18.516076,73.919886,2026-09-18 14:25:00
DEV001,18.499524,73.897872,2026-09-18 14:25:00
DEV895,18.463027,73.833357,2026-09-18 14:25:00
DEV924,18.562881,73.795867,2026-09-18 14:25:00
DEV125,18.64929,73.909541,2026-09-18 14:26:00
DEV962,18.555849,73.939446,2026-09-18 14:26:00
DEV740,18.642276,73.824231,2026-09-18 14:26:00
DEV302,18.613378,73.809274,2026-09-18 14:26:00
DEV010,18.45693,73.881098,2026-09-18 14:26:00
DEV471,18.514465,73.839474,2026-09-18 14:26:00
DEV335,18.487603,73.763096,2026-09-18 14:26:00
DEV022,18.643898,73.835466,2026-09-18 14:26:00
DEV345,18.509826,73.79616,2026-09-18 14:26:00
DEV317,18.463904,73.941087,2026-09-18 14:26:00
DEV638,18.473906,73.759981,2026-09-18 14:26:00
DEV710,18.626441,73.837555,2026-09-18 14:27:00
DEV147,18.605684,73.818991,2026-09-18 14:27:00
DEV685,18.45557,73.781773,2026-09-18 14:27:00
DEV854,18.492077,73.839267,2026-09-18 14:27:00
DEV678,18.565744,73.803361,2026-09-18 14:27:00
DEV385,18.601185,73.842561,2026-09-18 14:27:00
DEV598,18.626815,73.850032,2026-09-18 14:27:00
DEV549,18.453018,73.796647,2026-09-18 14:27:00
DEV536,18.549329,73.88503,2026-09-18 14:27:00
DEV776,18.542552,73.856791,2026-09-18 14:28:00
DEV407,18.616708,73.822993,2026-09-18 14:28:00
DEV787,18.549529,73.785838,2026-09-18 14:28:00
DEV101,18.593458,73.840062,2026-09-18 14:28:00
DEV328,18.574268,73.905861,2026-09-18 14:28:00
DEV275,18.622823,73.792958,2026-09-18 14:28:00
DEV915,18.459023,73.837642,2026-09-18 14:28:00
DEV744,18.523741,73.819507,2026-09-18 14:28:00
DEV013,18.54192,73.935133,2026-09-18 14:28:00
DEV329,18.635535,73.836682,2026-09-18 14:28:00
DEV790,18.494723,73.883076,2026-09-18 14:28:00
DEV314,18.522712,73.772302,2026-09-18 14:28:00
DEV842,18.535623,73.914695,2026-09-18 14:28:00
DEV436,18.618774,73.81204,2026-09-18 14:29:00
DEV962,18.637163,73.772147,2026-09-18 14:29:00
DEV304,18.612629,73.796035,2026-09-18 14:29:00
DEV317,18.514203,73.851241,2026-09-18 14:29:00
DEV375,18.524191,73.907919,2026-09-18 14:29:00
DEV981,18.643548,73.777606,2026-09-18 14:30:00
DEV987,18.55431,73.846079,2026-09-18 14:30:00
DEV915,18.563944,73.799965,2026-09-18 14:30:00
DEV855,18.487316,73.880352,2026-09-18 14:30:00
DEV526,18.649435,73.836431,2026-09-18 14:30:00
DEV504,18.55858,73.832673,2026-09-18 14:30:00
DEV591,18.535913,73.926567,2026-09-18 14:30:00
DEV736,18.570681,73.944108,2026-09-18 14:30:00
DEV298,18.521067,73.91114,2026-09-18 14:30:00
DEV305,18.546715,73.78249,2026-09-18 14:30:00
DEV028,18.482015,73.888227,2026-09-18 14:30:00
DEV053,18.541073,73.932337,2026-09-18 14:30:00
DEV460,18.513243,73.765518,2026-09-18 14:31:00
DEV821,18.641311,73.909696,2026-09-18 14:31:00
DEV288,18.609157,73.818396,2026-09-18 14:31:00
DEV569,18.53138,73.77866,2026-09-18 14:31:00
DEV768,18.48512,73.766695,2026-09-18 14:31:00
DEV946,18.5424,73.751128,2026-09-18 14:31:00
DEV094,18.484586,73.941292,2026-09-18 14:31:00
DEV798,18.60764,73.754433,2026-09-18 14:31:00
DEV1000,18.467105,73.793952,2026-09-18 14:31:00
DEV148,18.4617,73.939112,2026-09-18 14:31:00
DEV948,18.468798,73.858531,2026-09-18 14:31:00
DEV753,18.561354,73.935628,2026-09-18 14:31:00
DEV613,18.603174,73.828501,2026-09-18 14:32:00
DEV008,18.513622,73.938638,2026-09-18 14:32:00
DEV680,18.587141,73.922403,2026-09-18 14:32:00
DEV690,18.630439,73.793292,2026-09-18 14:32:00
DEV282,18.636142,73.822611,2026-09-18 14:32:00
DEV913,18.60642,73.85725,2026-09-18 14:32:00
DEV013,18.469846,73.774289,2026-09-18 14:32:00
DEV061,18.486059,73.945897,2026-09-18 14:32:00
DEV955,18.625538,73.752244,2026-09-18 14:32:00
DEV409,18.526821,73.864407,2026-09-18 14:33:00
DEV446,18.584456,73.865426,2026-09-18 14:33:00
DEV184,18.52,73.879311,2026-09-18 14:33:00
DEV790,18.461116,73.932902,2026-09-18 14:33:00
DEV177,18.595507,73.857362,2026-09-18 14:33:00
DEV836,18.592391,73.941376,2026-09-18 14:33:00
DEV248,18.526582,73.940382,2026-09-18 14:33:00
DEV592,18.531043,73.825236,2026-09-18 14:33:00
DEV638,18.571806,73.805119,2026-09-18 14:33:00
DEV886,18.595921,73.868183,2026-09-18 14:33:00
DEV899,18.559873,73.837786,2026-09-18 14:34:00
DEV154,18.549822,73.757014,2026-09-18 14:34:00
DEV144,18.457231,73.87034,2026-09-18 14:34:00
DEV111,18.622442,73.804327,2026-09-18 14:34:00
DEV947,18.520576,73.877831,2026-09-18 14:34:00
DEV715,18.621656,73.908724,2026-09-18 14:34:00
DEV530,18.474451,73.880958,2026-09-18 14:34:00
DEV514,18.550432,73.828518,2026-09-18 14:34:00
DEV101,18.61781,73.750688,2026-09-18 14:35:00
DEV795,18.493952,73.865456,2026-09-18 14:35:00
DEV652,18.600906,73.94361,2026-09-18 14:35:00
DEV435,18.564686,73.888896,2026-09-18 14:35:00
DEV929,18.636284,73.93346,2026-09-18 14:35:00
DEV444,18.586895,73.866632,2026-09-18 14:35:00
DEV231,18.540774,73.876227,2026-09-18 14:35:00
DEV168,18.47786,73.835195,2026-09-18 14:35:00
DEV658,18.621628,73.934207,2026-09-18 14:35:00
DEV109,18.481625,73.848267,2026-09-18 14:35:00
DEV130,18.541283,73.907774,2026-09-18 14:35:00
DEV692,18.555582,73.763782,2026-09-18 14:35:00
DEV729,18.473203,73.9402,2026-09-18 14:36:00
DEV951,18.518763,73.887121,2026-09-18 14:36:00
DEV490,18.564243,73.767527,2026-09-18 14:36:00
DEV502,18.479379,73.783447,2026-09-18 14:36:00
DEV955,18.635503,73.767921,2026-09-18 14:36:00
DEV708,18.574595,73.939779,2026-09-18 14:36:00
DEV837,18.640928,73.789521,2026-09-18 14:36:00
DEV265,18.602924,73.925201,2026-09-18 14:36:00
DEV818,18.643312,73.865461,2026-09-18 14:36:00
DEV815,18.514011,73.914488,2026-09-18 14:36:00
DEV937,18.469541,73.884895,2026-09-18 14:36:00
DEV807,18.617466,73.855658,2026-09-18 14:36:00
DEV728,18.586961,73.927597,2026-09-18 14:36:00
DEV654,18.574402,73.865651,2026-09-18 14:36:00
DEV068,18.522908,73.773002,2026-09-18 14:36:00
DEV935,18.620053,73.811078,2026-09-18 14:36:00
DEV247,18.508173,73.898335,2026-09-18 14:36:00
DEV358,18.531599,73.849074,2026-09-18 14:36:00
DEV328,18.608206,73.790792,2026-09-18 14:36:00
DEV110,18.608315,73.84169,2026-09-18 14:37:00
DEV160,18.581807,73.899877,2026-09-18 14:37:00
DEV520,18.629903,73.925164,2026-09-18 14:37:00
DEV368,18.47242,73.785412,2026-09-18 14:37:00
DEV580,18.492253,73.895564,2026-09-18 14:37:00
DEV231,18.580167,73.909032,2026-09-18 14:37:00
DEV500,18.642986,73.873009,2026-09-18 14:37:00
DEV304,18.563126,73.771933,2026-09-18 14:37:00
DEV707,18.576053,73.874875,2026-09-18 14:37:00
DEV306,18.585948,73.864462,2026-09-18 14:37:00
DEV283,18.464047,73.879476,2026-09-18 14:37:00
DEV086,18.590808,73.925144,2026-09-18 14:37:00
DEV010,18.544585,73.895411,2026-09-18 14:37:00
DEV735,18.57518,73.937677,2026-09-18 14:37:00
DEV402,18.488334,73.895752,2026-09-18 14:37:00
DEV068,18.616827,73.871093,2026-09-18 14:37:00
DEV745,18.615043,73.785776,2026-09-18 14:37:00
DEV490,18.533564,73.877298,2026-09-18 14:37:00
DEV260,18.583367,73.902202,2026-09-18 14:38:00
DEV884,18.548248,73.798242,2026-09-18 14:38:00
DEV947,18.60768,73.857382,2026-09-18 14:38:00
DEV397,18.636979,73.777585,2026-09-18 14:38:00
DEV761,18.498053,73.888722,2026-09-18 14:38:00
DEV886,18.461087,73.822177,2026-09-18 14:38:00
DEV940,18.517292,73.799523,2026-09-18 14:38:00
DEV001,18.490944,73.795864,2026-09-18 14:38:00
DEV878,18.476224,73.892535,2026-09-18 14:38:00
DEV180,18.456361,73.770279,2026-09-18 14:38:00
DEV315,18.456404,73.9328,2026-09-18 14:38:00
DEV183,18.453139,73.861822,2026-09-18 14:38:00
DEV137,18.611634,73.919941,2026-09-18 14:38:00
DEV533,18.479527,73.887637,2026-09-18 14:38:00
DEV354,18.553934,73.815891,2026-09-18 14:39:00
DEV029,18.588775,73.756474,2026-09-18 14:39:00
DEV198,18.451553,73.763395,2026-09-18 14:39:00
DEV890,18.459897,73.834806,2026-09-18 14:39:00
DEV357,18.516238,73.798342,2026-09-18 14:39:00
DEV356,18.48083,73.758977,2026-09-18 14:39:00
DEV693,18.590313,73.786948,2026-09-18 14:39:00
DEV855,18.520575,73.844172,2026-09-18 14:39:00
DEV624,18.572185,73.866748,2026-09-18 14:39:00
DEV132,18.615425,73.814489,2026-09-18 14:39:00
DEV408,18.575128,73.863972,2026-09-18 14:39:00
DEV039,18.49414,73.776969,2026-09-18 14:40:00
DEV849,18.477528,73.799011,2026-09-18 14:40:00
DEV474,18.569096,73.923946,2026-09-18 14:40:00
DEV683,18.512337,73.820805,2026-09-18 14:40:00
DEV700,18.595321,73.819095,2026-09-18 14:40:00
DEV664,18.50405,73.883129,2026-09-18 14:40:00
DEV919,18.580846,73.849983,2026-09-18 14:40:00
DEV814,18.471449,73.834271,2026-09-18 14:40:00
DEV441,18.502474,73.840853,2026-09-18 14:40:00
DEV653,18.531081,73.75997,2026-09-18 14:40:00
DEV170,18.549515,73.913599,2026-09-18 14:40:00
DEV917,18.475952,73.808445,2026-09-18 14:40:00
DEV642,18.56007,73.908873,2026-09-18 14:40:00
DEV111,18.626565,73.812911,2026-09-18 14:41:00
DEV844,18.536249,73.780791,2026-09-18 14:41:00
DEV909,18.453612,73.927882,2026-09-18 14:41:00
DEV791,18.628848,73.944522,2026-09-18 14:41:00
DEV129,18.620629,73.867177,2026-09-18 14:41:00
DEV216,18.571542,73.77706,2026-09-18 14:41:00
DEV822,18.617778,73.872184,2026-09-18 14:41:00
DEV867,18.60257,73.945631,2026-09-18 14:41:00
DEV745,18.454822,73.866883,2026-09-18 14:41:00
DEV611,18.576991,73.830147,2026-09-18 14:42:00
DEV963,18.586959,73.809242,2026-09-18 14:42:00
DEV676,18.625596,73.944768,2026-09-18 14:42:00
DEV289,18.624764,73.811551,2026-09-18 14:42:00
DEV968,18.643848,73.773345,2026-09-18 14:42:00
DEV477,18.568775,73.858786,2026-09-18 14:42:00
DEV664,18.460581,73.875734,2026-09-18 14:42:00
DEV687,18.599548,73.907491,2026-09-18 14:42:00
DEV325,18.59687,73.87977,2026-09-18 14:42:00
DEV075,18.612025,73.851293,2026-09-18 14:42:00
DEV287,18.561346,73.804804,2026-09-18 14:43:00
DEV544,18.616438,73.916702,2026-09-18 14:43:00
DEV511,18.456582,73.783236,2026-09-18 14:43:00
DEV322,18.546501,73.88565,2026-09-18 14:43:00
DEV329,18.586516,73.757991,2026-09-18 14:43:00
DEV515,18.480765,73.782335,2026-09-18 14:43:00
DEV318,18.584244,73.922357,2026-09-18 14:43:00
DEV316,18.612681,73.923193,2026-09-18 14:43:00
DEV162,18.462182,73.80075,2026-09-18 14:43:00
DEV861,18.509399,73.788748,2026-09-18 14:43:00
DEV796,18.529788,73.811559,2026-09-18 14:43:00
DEV256,18.469677,73.777631,2026-09-18 14:43:00
DEV106,18.632689,73.836754,2026-09-18 14:43:00
DEV909,18.614184,73.863757,2026-09-18 14:43:00
DEV261,18.453494,73.875211,2026-09-18 14:43:00
DEV764,18.500797,73.939867,2026-09-18 14:44:00
DEV868,18.49543,73.785731,2026-09-18 14:44:00
DEV483,18.647213,73.846879,2026-09-18 14:44:00
DEV846,18.488367,73.822667,2026-09-18 14:44:00
DEV578,18.592576,73.815115,2026-09-18 14:44:00
DEV285,18.590835,73.883697,2026-09-18 14:44:00
DEV843,18.452014,73.875658,2026-09-18 14:44:00
DEV356,18.454841,73.787976,2026-09-18 14:44:00
DEV780,18.60914,73.821539,2026-09-18 14:44:00
DEV927,18.587475,73.792713,2026-09-18 14:44:00
DEV974,18.615121,73.810474,2026-09-18 14:44:00
DEV828,18.453757,73.871118,2026-09-18 14:44:00
DEV345,18.619331,73.928283,2026-09-18 14:44:00
DEV207,18.45964,73.949089,2026-09-18 14:45:00
DEV812,18.45673,73.888319,2026-09-18 14:45:00
DEV698,18.460605,73.886765,2026-09-18 14:45:00
DEV824,18.531878,73.938346,2026-09-18 14:45:00
DEV298,18.647868,73.86652,2026-09-18 14:45:00
DEV855,18.614654,73.890693,2026-09-18 14:45:00
DEV845,18.62126,73.8409,2026-09-18 14:45:00
DEV329,18.566687,73.911511,2026-09-18 14:46:00
DEV986,18.597251,73.760043,2026-09-18 14:46:00
DEV431,18.497129,73.800897,2026-09-18 14:46:00
DEV901,18.61424,73.944633,2026-09-18 14:46:00
DEV363,18.595883,73.853476,2026-09-18 14:46:00
DEV558,18.499681,73.926822,2026-09-18 14:46:00
DEV553,18.63679,73.77552,2026-09-18 14:46:00
DEV405,18.593916,73.780027,2026-09-18 14:46:00
DEV795,18.563313,73.792163,2026-09-18 14:46:00
DEV441,18.481063,73.792943,2026-09-18 14:47:00
DEV997,18.468511,73.905779,2026-09-18 14:47:00
DEV243,18.626494,73.925623,2026-09-18 14:47:00
DEV741,18.512655,73.909156,2026-09-18 14:47:00
DEV930,18.451909,73.87454,2026-09-18 14:47:00
DEV368,18.634371,73.815225,2026-09-18 14:47:00
DEV429,18.517383,73.890217,2026-09-18 14:47:00
DEV623,18.573248,73.880679,2026-09-18 14:47:00
DEV086,18.623936,73.932572,2026-09-18 14:47:00
DEV256,18.610308,73.873852,2026-09-18 14:47:00
DEV077,18.519505,73.858549,2026-09-18 14:48:00
DEV093,18.458626,73.775484,2026-09-18 14:48:00
DEV550,18.591979,73.75148,2026-09-18 14:48:00
DEV991,18.624515,73.947254,2026-09-18 14:48:00
DEV164,18.490891,73.781671,2026-09-18 14:48:00
DEV718,18.63652,73.817969,2026-09-18 14:48:00
DEV684,18.50095,73.767445,2026-09-18 14:48:00
DEV050,18.604695,73.846908,2026-09-18 14:48:00
DEV859,18.475239,73.925883,2026-09-18 14:48:00
DEV493,18.591004,73.909795,2026-09-18 14:48:00
DEV045,18.591087,73.94854,2026-09-18 14:48:00
DEV782,18.631722,73.78261,2026-09-18 14:49:00
DEV144,18.642181,73.917814,2026-09-18 14:49:00
DEV947,18.459962,73.908447,2026-09-18 14:49:00
DEV604,18.61749,73.903794,2026-09-18 14:49:00
DEV151,18.462575,73.898598,2026-09-18 14:49:00
DEV269,18.54665,73.826132,2026-09-18 14:49:00
DEV610,18.532865,73.867948,2026-09-18 14:49:00
DEV342,18.555561,73.817268,2026-09-18 14:49:00
DEV443,18.50423,73.888049,2026-09-18 14:49:00
DEV643,18.543996,73.770545,2026-09-18 14:49:00
DEV334,18.476207,73.884887,2026-09-18 14:49:00
DEV475,18.450821,73.889348,2026-09-18 14:49:00
DEV581,18.646478,73.913623,2026-09-18 14:49:00
DEV441,18.479505,73.811839,2026-09-18 14:49:00
DEV529,18.503902,73.906287,2026-09-18 14:49:00
DEV192,18.594834,73.773254,2026-09-18 14:49:00
DEV989,18.55127,73.926076,2026-09-18 14:49:00
DEV230,18.574749,73.766145,2026-09-18 14:50:00
DEV639,18.529321,73.936959,2026-09-18 14:50:00
DEV985,18.525918,73.825144,2026-09-18 14:50:00
DEV043,18.509975,73.783917,2026-09-18 14:50:00
DEV797,18.555513,73.760915,2026-09-18 14:50:00
DEV383,18.631222,73.837133,2026-09-18 14:50:00
DEV166,18.4603,73.844245,2026-09-18 14:50:00
DEV673,18.525102,73.944498,2026-09-18 14:50:00
DEV744,18.607952,73.948218,2026-09-18 14:50:00
DEV917,18.618607,73.850976,2026-09-18 14:50:00
DEV694,18.646616,73.865234,2026-09-18 14:50:00
DEV320,18.451612,73.826802,2026-09-18 14:51:00
DEV559,18.629629,73.773966,2026-09-18 14:51:00
DEV674,18.602668,73.920721,2026-09-18 14:51:00
DEV189,18.565251,73.910248,2026-09-18 14:51:00
DEV192,18.506142,73.756196,2026-09-18 14:51:00
DEV969,18.601547,73.876474,2026-09-18 14:51:00
DEV378,18.552648,73.759353,2026-09-18 14:51:00
DEV253,18.534466,73.921682,2026-09-18 14:51:00
DEV202,18.45596,73.943854,2026-09-18 14:51:00
DEV324,18.546562,73.780528,2026-09-18 14:51:00
DEV025,18.628549,73.880299,2026-09-18 14:52:00
DEV007,18.532826,73.899968,2026-09-18 14:52:00
DEV178,18.461985,73.765641,2026-09-18 14:52:00
DEV309,18.557326,73.905021,2026-09-18 14:52:00
DEV668,18.578913,73.797019,2026-09-18 14:52:00
DEV326,18.585429,73.888692,2026-09-18 14:52:00
DEV416,18.647836,73.874993,2026-09-18 14:52:00
DEV575,18.606728,73.862743,2026-09-18 14:52:00
DEV171,18.511842,73.875717,2026-09-18 14:52:00
DEV403,18.503354,73.774836,2026-09-18 14:53:00
DEV258,18.561325,73.914721,2026-09-18 14:53:00
DEV937,18.56826,73.919186,2026-09-18 14:53:00
DEV797,18.537147,73.841321,2026-09-18 14:53:00
DEV594,18.532399,73.798129,2026-09-18 14:53:00
DEV519,18.542191,73.896732,2026-09-18 14:53:00
DEV900,18.496017,73.883384,2026-09-18 14:53:00
DEV491,18.482059,73.854518,2026-09-18 14:53:00
DEV506,18.521252,73.843926,2026-09-18 14:53:00
DEV685,18.646316,73.928498,2026-09-18 14:53:00
DEV165,18.524059,73.770267,2026-09-18 14:53:00
DEV840,18.635058,73.865581,2026-09-18 14:53:00
DEV625,18.530188,73.846605,2026-09-18 14:53:00
DEV044,18.55921,73.841869,2026-09-18 14:54:00
DEV259,18.549538,73.948634,2026-09-18 14:54:00
DEV560,18.512537,73.809094,2026-09-18 14:54:00
DEV136,18.601595,73.941013,2026-09-18 14:54:00
DEV428,18.528151,73.79026,2026-09-18 14:54:00
DEV616,18.646169,73.845044,2026-09-18 14:54:00
DEV318,18.498459,73.797521,2026-09-18 14:54:00
DEV881,18.5827,73.776951,2026-09-18 14:54:00
DEV661,18.47129,73.919072,2026-09-18 14:54:00
DEV111,18.578375,73.870455,2026-09-18 14:55:00
DEV827,18.517596,73.935198,2026-09-18 14:55:00
DEV815,18.584333,73.785006,2026-09-18 14:55:00
DEV107,18.533827,73.772327,2026-09-18 14:55:00
DEV686,18.455116,73.920789,2026-09-18 14:55:00
DEV376,18.555031,73.828452,2026-09-18 14:55:00
DEV273,18.504974,73.811615,2026-09-18 14:55:00
DEV734,18.558515,73.758201,2026-09-18 14:55:00
DEV841,18.576911,73.861923,2026-09-18 14:55:00
DEV086,18.57702,73.841537,2026-09-18 14:56:00
DEV113,18.452314,73.949897,2026-09-18 14:56:00
DEV221,18.542767,73.904017,2026-09-18 14:56:00
DEV661,18.608769,73.842021,2026-09-18 14:56:00
DEV856,18.625879,73.827473,2026-09-18 14:56:00
DEV819,18.501289,73.914677,2026-09-18 14:56:00
DEV689,18.463862,73.782644,2026-09-18 14:56:00
DEV509,18.515994,73.869887,2026-09-18 14:56:00
DEV614,18.55685,73.786779,2026-09-18 14:56:00
DEV308,18.618557,73.784369,2026-09-18 14:57:00
DEV182,18.60285,73.94901,2026-09-18 14:57:00
DEV547,18.474929,73.94486,2026-09-18 14:57:00
DEV254,18.62992,73.787575,2026-09-18 14:57:00
DEV750,18.54228,73.843207,2026-09-18 14:57:00
DEV853,18.583896,73.841712,2026-09-18 14:57:00
DEV685,18.580298,73.945042,2026-09-18 14:57:00
DEV743,18.63587,73.946108,2026-09-18 14:57:00
DEV994,18.594922,73.931331,2026-09-18 14:58:00
DEV363,18.559172,73.847552,2026-09-18 14:58:00
DEV564,18.531178,73.798312,2026-09-18 14:58:00
DEV925,18.643738,73.811476,2026-09-18 14:58:00
DEV786,18.594679,73.788044,2026-09-18 14:58:00
DEV212,18.557092,73.837742,2026-09-18 14:58:00
DEV302,18.454827,73.775293,2026-09-18 14:58:00
DEV592,18.618489,73.903612,2026-09-18 14:58:00
DEV661,18.49429,73.917348,2026-09-18 14:58:00
DEV726,18.504994,73.834957,2026-09-18 14:58:00
DEV125,18.554769,73.90866,2026-09-18 14:58:00
DEV525,18.61768,73.804354,2026-09-18 14:59:00
DEV422,18.558405,73.827426,2026-09-18 14:59:00
DEV238,18.525075,73.860175,2026-09-18 14:59:00
DEV998,18.556297,73.773268,2026-09-18 14:59:00
DEV577,18.551045,73.8707,2026-09-18 14:59:00
DEV899,18.472207,73.888004,2026-09-18 14:59:00
DEV093,18.589149,73.866655,2026-09-18 14:59:00
DEV206,18.527877,73.92538,2026-09-18 14:59:00
DEV347,18.502793,73.789486,2026-09-18 14:59:00
DEV536,18.451455,73.785377,2026-09-18 15:00:00
DEV919,18.554342,73.774245,2026-09-18 15:00:00
DEV793,18.470111,73.890236,2026-09-18 15:00:00
DEV327,18.611337,73.892084,2026-09-18 15:00:00
DEV498,18.5631,73.750387,2026-09-18 15:00:00
DEV864,18.627575,73.764066,2026-09-18 15:00:00
DEV598,18.592438,73.890646,2026-09-18 15:00:00
DEV596,18.562761,73.923433,2026-09-18 15:00:00
DEV033,18.629366,73.881926,2026-09-18 15:00:00
DEV687,18.616715,73.833867,2026-09-18 15:00:00
DEV213,18.533528,73.931382,2026-09-18 15:00:00
DEV042,18.568163,73.826069,2026-09-18 15:00:00
DEV657,18.504708,73.919848,2026-09-18 15:00:00
DEV613,18.572228,73.922336,2026-09-18 15:00:00
DEV779,18.473031,73.893584,2026-09-18 15:00:00
DEV559,18.642877,73.772928,2026-09-18 15:00:00
DEV437,18.471512,73.788309,2026-09-18 15:00:00
DEV340,18.638474,73.947722,2026-09-18 15:00:00
DEV084,18.647267,73.871122,2026-09-18 15:00:00
DEV632,18.58229,73.8494,2026-09-18 15:01:00
DEV385,18.648106,73.758634,2026-09-18 15:01:00
DEV328,18.613086,73.838255,2026-09-18 15:01:00
DEV602,18.477344,73.882308,2026-09-18 15:01:00
DEV724,18.55153,73.932413,2026-09-18 15:01:00
DEV866,18.505508,73.929644,2026-09-18 15:01:00
DEV576,18.520538,73.792636,2026-09-18 15:01:00
DEV690,18.478724,73.895312,2026-09-18 15:01:00
DEV547,18.500129,73.795665,2026-09-18 15:01:00
DEV143,18.544095,73.770079,2026-09-18 15:01:00
DEV501,18.544108,73.763265,2026-09-18 15:01:00
DEV988,18.545019,73.783114,2026-09-18 15:01:00
DEV859,18.477553,73.798564,2026-09-18 15:02:00
DEV870,18.554963,73.838281,2026-09-18 15:02:00
DEV631,18.545124,73.945536,2026-09-18 15:02:00
DEV650,18.535864,73.926823,2026-09-18 15:02:00
DEV960,18.504019,73.851159,2026-09-18 15:02:00
DEV880,18.610072,73.859826,2026-09-18 15:02:00
DEV271,18.638561,73.866902,2026-09-18 15:02:00
DEV763,18.518584,73.849794,2026-09-18 15:02:00
DEV183,18.623556,73.881382,2026-09-18 15:02:00
DEV652,18.621419,73.826594,2026-09-18 15:02:00
DEV248,18.647185,73.839626,2026-09-18 15:02:00
DEV040,18.585672,73.873167,2026-09-18 15:02:00
DEV331,18.553061,73.898476,2026-09-18 15:02:00
DEV749,18.481541,73.796878,2026-09-18 15:02:00
DEV119,18.580061,73.76212,2026-09-18 15:02:00
DEV337,18.51055,73.758979,2026-09-18 15:02:00
DEV938,18.568991,73.914936,2026-09-18 15:03:00
DEV450,18.631782,73.766003,2026-09-18 15:03:00
DEV693,18.48891,73.777955,2026-09-18 15:03:00
DEV313,18.520909,73.841383,2026-09-18 15:03:00
DEV420,18.630382,73.808201,2026-09-18 15:03:00
DEV606,18.486853,73.852085,2026-09-18 15:03:00
DEV116,18.501808,73.867886,2026-09-18 15:03:00
DEV444,18.533334,73.77323,2026-09-18 15:03:00
DEV675,18.556272,73.938171,2026-09-18 15:03:00
DEV182,18.470253,73.788796,2026-09-18 15:03:00
DEV554,18.512916,73.830069,2026-09-18 15:03:00
DEV893,18.628593,73.779962,2026-09-18 15:04:00
DEV159,18.472319,73.900348,2026-09-18 15:04:00
DEV313,18.620589,73.80633,2026-09-18 15:04:00
DEV044,18.53347,73.780457,2026-09-18 15:04:00
DEV917,18.619142,73.759428,2026-09-18 15:04:00
DEV461,18.542522,73.807551,2026-09-18 15:04:00
DEV966,18.515167,73.841021,2026-09-18 15:04:00
DEV641,18.468298,73.823239,2026-09-18 15:04:00
DEV836,18.451359,73.908232,2026-09-18 15:04:00
DEV570,18.545456,73.869965,2026-09-18 15:05:00
DEV752,18.60939,73.9299,2026-09-18 15:05:00
DEV078,18.528849,73.934798,2026-09-18 15:05:00
DEV965,18.469571,73.820456,2026-09-18 15:05:00
DEV301,18.550526,73.899015,2026-09-18 15:05:00
DEV394,18.586775,73.778068,2026-09-18 15:05:00
DEV041,18.515141,73.773381,2026-09-18 15:05:00
DEV710,18.4518,73.837455,2026-09-18 15:06:00
DEV983,18.454972,73.791246,2026-09-18 15:06:00
DEV561,18.580161,73.772731,2026-09-18 15:06:00
DEV442,18.519279,73.874994,2026-09-18 15:06:00
DEV526,18.562034,73.811995,2026-09-18 15:06:00
DEV082,18.595542,73.879376,2026-09-18 15:06:00
DEV558,18.609708,73.752555,2026-09-18 15:06:00
DEV602,18.636212,73.814662,2026-09-18 15:06:00
DEV054,18.60754,73.898781,2026-09-18 15:07:00
DEV850,18.613854,73.864255,2026-09-18 15:07:00
DEV162,18.458818,73.825039,2026-09-18 15:07:00
DEV702,18.549224,73.890255,2026-09-18 15:07:00
DEV719,18.55567,73.913072,2026-09-18 15:07:00
DEV593,18.586029,73.831684,2026-09-18 15:07:00
DEV414,18.639587,73.897641,2026-09-18 15:07:00
DEV664,18.527449,73.762792,2026-09-18 15:07:00
DEV890,18.539591,73.818435,2026-09-18 15:07:00
DEV665,18.599641,73.817191,2026-09-18 15:08:00
DEV309,18.552162,73.801795,2026-09-18 15:08:00
DEV563,18.644416,73.808291,2026-09-18 15:08:00
DEV465,18.61859,73.834302,2026-09-18 15:08:00
DEV817,18.464252,73.753328,2026-09-18 15:08:00
DEV467,18.48719,73.84088,2026-09-18 15:08:00
DEV134,18.512299,73.936632,2026-09-18 15:08:00
DEV039,18.643594,73.806358,2026-09-18 15:09:00
DEV248,18.544669,73.840354,2026-09-18 15:09:00
DEV505,18.64951,73.789718,2026-09-18 15:09:00
DEV288,18.540463,73.807979,2026-09-18 15:09:00
DEV824,18.472083,73.871929,2026-09-18 15:09:00
DEV225,18.47075,73.760649,2026-09-18 15:09:00
DEV090,18.640879,73.929614,2026-09-18 15:09:00
DEV608,18.459252,73.782738,2026-09-18 15:09:00
DEV947,18.550609,73.803842,2026-09-18 15:10:00
DEV919,18.579162,73.937727,2026-09-18 15:10:00
DEV760,18.533908,73.761589,2026-09-18 15:10:00
DEV094,18.530402,73.839465,2026-09-18 15:10:00
DEV834,18.46735,73.843661,2026-09-18 15:10:00
DEV210,18.54482,73.825466,2026-09-18 15:10:00
DEV053,18.628375,73.827979,2026-09-18 15:11:00
DEV625,18.569376,73.755521,2026-09-18 15:11:00
DEV391,18.58317,73.760094,2026-09-18 15:11:00
DEV007,18.556679,73.920062,2026-09-18 15:11:00
DEV195,18.59846,73.883154,2026-09-18 15:11:00
DEV028,18.527874,73.777245,2026-09-18 15:11:00
DEV508,18.649899,73.777595,2026-09-18 15:11:00
DEV561,18.575096,73.836046,2026-09-18 15:12:00
DEV626,18.551217,73.768311,2026-09-18 15:12:00
DEV356,18.509823,73.828694,2026-09-18 15:12:00
DEV186,18.551845,73.768285,2026-09-18 15:12:00
DEV428,18.528958,73.76766,2026-09-18 15:12:00
DEV124,18.510045,73.813004,2026-09-18 15:13:00
DEV136,18.518305,73.827853,2026-09-18 15:13:00
DEV498,18.639521,73.895142,2026-09-18 15:13:00
DEV917,18.623793,73.755643,2026-09-18 15:13:00
DEV152,18.543088,73.8156,2026-09-18 15:13:00
DEV252,18.603,73.812005,2026-09-18 15:13:00
DEV655,18.591337,73.888312,2026-09-18 15:13:00
DEV957,18.623529,73.78985,2026-09-18 15:13:00
DEV551,18.573787,73.901346,2026-09-18 15:14:00
DEV148,18.603887,73.754456,2026-09-18 15:14:00
DEV620,18.518133,73.762705,2026-09-18 15:14:00
DEV837,18.611099,73.801221,2026-09-18 15:14:00
DEV873,18.578462,73.87289,2026-09-18 15:14:00
DEV930,18.612103,73.833823,2026-09-18 15:14:00
DEV276,18.614762,73.908032,2026-09-18 15:14:00
DEV788,18.643911,73.857315,2026-09-18 15:14:00
DEV554,18.612166,73.792911,2026-09-18 15:14:00
DEV403,18.538888,73.876598,2026-09-18 15:14:00
DEV967,18.550676,73.915851,2026-09-18 15:14:00
DEV404,18.549345,73.907209,2026-09-18 15:14:00
DEV686,18.475549,73.935273,2026-09-18 15:14:00
DEV159,18.495522,73.940877,2026-09-18 15:15:00
DEV774,18.565434,73.916065,2026-09-18 15:15:00
DEV715,18.470802,73.882111,2026-09-18 15:15:00
DEV720,18.549837,73.946883,2026-09-18 15:15:00
DEV819,18.497929,73.806023,2026-09-18 15:15:00
DEV930,18.518771,73.870126,2026-09-18 15:15:00
DEV495,18.52774,73.794419,2026-09-18 15:15:00
DEV403,18.547289,73.931092,2026-09-18 15:15:00
DEV998,18.45284,73.79777,2026-09-18 15:15:00
DEV216,18.458056,73.839658,2026-09-18 15:15:00
DEV845,18.495153,73.777415,2026-09-18 15:15:00
DEV729,18.491121,73.763987,2026-09-18 15:15:00
DEV751,18.515849,73.887618,2026-09-18 15:15:00
DEV826,18.452015,73.87961,2026-09-18 15:15:00
DEV025,18.460739,73.797564,2026-09-18 15:15:00
DEV641,18.541732,73.846041,2026-09-18 15:16:00
DEV500,18.645879,73.804441,2026-09-18 15:16:00
DEV801,18.649517,73.868986,2026-09-18 15:16:00
DEV122,18.566479,73.911817,2026-09-18 15:16:00
DEV845,18.455895,73.90978,2026-09-18 15:16:00
DEV891,18.467964,73.826429,2026-09-18 15:16:00
DEV452,18.577622,73.801503,2026-09-18 15:16:00
DEV625,18.484942,73.875354,2026-09-18 15:16:00
DEV822,18.534552,73.873287,2026-09-18 15:17:00
DEV023,18.473338,73.933987,2026-09-18 15:17:00
DEV508,18.533031,73.946386,2026-09-18 15:17:00
DEV950,18.620252,73.871714,2026-09-18 15:17:00
DEV751,18.532162,73.824868,2026-09-18 15:17:00
DEV693,18.505047,73.801364,2026-09-18 15:17:00
DEV549,18.60745,73.819961,2026-09-18 15:17:00
DEV005,18.595727,73.813319,2026-09-18 15:17:00
DEV384,18.585945,73.757125,2026-09-18 15:17:00
DEV423,18.648053,73.835512,2026-09-18 15:17:00
DEV800,18.564075,73.910201,2026-09-18 15:17:00
DEV586,18.45251,73.875969,2026-09-18 15:17:00
DEV562,18.470676,73.922488,2026-09-18 15:17:00
DEV925,18.620038,73.858661,2026-09-18 15:17:00
DEV932,18.608298,73.798613,2026-09-18 15:18:00
DEV557,18.641401,73.923878,2026-09-18 15:18:00
DEV515,18.491554,73.875982,2026-09-18 15:18:00
DEV761,18.532232,73.895388,2026-09-18 15:18:00
DEV435,18.512543,73.832543,2026-09-18 15:18:00
DEV492,18.51414,73.865886,2026-09-18 15:18:00
DEV455,18.510968,73.861093,2026-09-18 15:18:00
DEV062,18.579102,73.910197,2026-09-18 15:18:00
DEV820,18.609848,73.949523,2026-09-18 15:19:00
DEV551,18.528973,73.763074,2026-09-18 15:19:00
DEV601,18.539185,73.843283,2026-09-18 15:19:00
DEV315,18.579251,73.81192,2026-09-18 15:19:00
DEV624,18.523415,73.81746,2026-09-18 15:19:00
DEV432,18.541549,73.796573,2026-09-18 15:19:00
DEV849,18.462638,73.845604,2026-09-18 15:19:00
DEV796,18.638888,73.781472,2026-09-18 15:19:00
DEV530,18.558555,73.857964,2026-09-18 15:19:00
DEV441,18.59415,73.789307,2026-09-18 15:20:00
DEV112,18.512809,73.80149,2026-09-18 15:20:00
DEV739,18.495633,73.827437,2026-09-18 15:20:00
DEV750,18.540785,73.904831,2026-09-18 15:20:00
DEV202,18.638481,73.821832,2026-09-18 15:20:00
DEV272,18.461975,73.871708,2026-09-18 15:20:00
DEV702,18.492097,73.826053,2026-09-18 15:20:00
DEV043,18.466298,73.837446,2026-09-18 15:20:00
DEV369,18.642619,73.864251,2026-09-18 15:20:00
DEV850,18.464346,73.766046,2026-09-18 15:20:00
DEV178,18.523248,73.823706,2026-09-18 15:21:00
DEV235,18.600012,73.856121,2026-09-18 15:21:00
DEV072,18.47266,73.838207,2026-09-18 15:21:00
DEV282,18.609257,73.751977,2026-09-18 15:21:00
DEV488,18.61469,73.842505,2026-09-18 15:21:00
DEV994,18.459445,73.818505,2026-09-18 15:21:00
DEV471,18.607256,73.804338,2026-09-18 15:21:00
DEV382,18.618675,73.939822,2026-09-18 15:21:00
DEV422,18.509591,73.771024,2026-09-18 15:22:00
DEV405,18.593574,73.904086,2026-09-18 15:22:00
DEV188,18.609128,73.804877,2026-09-18 15:22:00
DEV303,18.514488,73.841082,2026-09-18 15:22:00
DEV511,18.577525,73.912997,2026-09-18 15:22:00
DEV789,18.505409,73.88485,2026-09-18 15:22:00
DEV984,18.502803,73.88023,2026-09-18 15:22:00
DEV494,18.544583,73.761628,2026-09-18 15:22:00
DEV642,18.489565,73.890613,2026-09-18 15:23:00
DEV490,18.453864,73.9146,2026-09-18 15:23:00
DEV059,18.526573,73.828263,2026-09-18 15:23:00
DEV100,18.486004,73.78618,2026-09-18 15:23:00
DEV141,18.593773,73.799418,2026-09-18 15:23:00
DEV252,18.626309,73.773736,2026-09-18 15:23:00
DEV707,18.486844,73.930996,2026-09-18 15:23:00
DEV215,18.647328,73.925289,2026-09-18 15:23:00
DEV662,18.596605,73.877531,2026-09-18 15:24:00
DEV521,18.486887,73.769938,2026-09-18 15:24:00
DEV842,18.536188,73.92831,2026-09-18 15:24:00
DEV336,18.534786,73.811448,2026-09-18 15:24:00
DEV436,18.518815,73.868488,2026-09-18 15:24:00
DEV881,18.536198,73.782804,2026-09-18 15:24:00
DEV187,18.561715,73.897484,2026-09-18 15:24:00
DEV364,18.583698,73.895057,2026-09-18 15:24:00
DEV289,18.628406,73.905984,2026-09-18 15:24:00
DEV161,18.64995,73.925384,2026-09-18 15:24:00
DEV599,18.487274,73.771006,2026-09-18 15:24:00
DEV227,18.478834,73.798611,2026-09-18 15:24:00
DEV531,18.599184,73.916421,2026-09-18 15:24:00
DEV526,18.555853,73.930118,2026-09-18 15:24:00
DEV917,18.586588,73.919363,2026-09-18 15:24:00
DEV555,18.603434,73.816673,2026-09-18 15:24:00
DEV891,18.553273,73.833257,2026-09-18 15:25:00
DEV270,18.479013,73.798832,2026-09-18 15:25:00
DEV778,18.45971,73.752419,2026-09-18 15:25:00
DEV588,18.472938,73.858311,2026-09-18 15:25:00
DEV576,18.465463,73.920635,2026-09-18 15:25:00
DEV061,18.551777,73.893072,2026-09-18 15:25:00
DEV700,18.461419,73.910792,2026-09-18 15:25:00
DEV471,18.624735,73.791668,2026-09-18 15:25:00
DEV399,18.64937,73.876162,2026-09-18 15:25:00
DEV951,18.573363,73.871574,2026-09-18 15:25:00
DEV748,18.53859,73.774565,2026-09-18 15:25:00
DEV356,18.58404,73.903366,2026-09-18 15:25:00
DEV877,18.516839,73.754798,2026-09-18 15:25:00
DEV787,18.522293,73.806556,2026-09-18 15:25:00
DEV826,18.536496,73.904632,2026-09-18 15:26:00
DEV338,18.547846,73.873026,2026-09-18 15:26:00
DEV559,18.548329,73.913527,2026-09-18 15:26:00
DEV251,18.591003,73.916798,2026-09-18 15:26:00
DEV700,18.552634,73.762941,2026-09-18 15:26:00
DEV093,18.563407,73.776383,2026-09-18 15:26:00
DEV134,18.531749,73.850274,2026-09-18 15:26:00
DEV499,18.627421,73.881523,2026-09-18 15:26:00
DEV001,18.57999,73.753275,2026-09-18 15:26:00
DEV056,18.600367,73.824352,2026-09-18 15:26:00
DEV618,18.631892,73.843651,2026-09-18 15:26:00
DEV369,18.630796,73.866619,2026-09-18 15:26:00
DEV033,18.574304,73.89109,2026-09-18 15:27:00
DEV336,18.552817,73.8893,2026-09-18 15:27:00
DEV726,18.468419,73.931137,2026-09-18 15:27:00
DEV923,18.508859,73.834937,2026-09-18 15:27:00
DEV495,18.577923,73.783363,2026-09-18 15:27:00
DEV120,18.586551,73.838879,2026-09-18 15:27:00
DEV078,18.52722,73.840863,2026-09-18 15:27:00
DEV851,18.589272,73.855345,2026-09-18 15:27:00
DEV436,18.472713,73.897652,2026-09-18 15:27:00
DEV386,18.591344,73.871889,2026-09-18 15:27:00
DEV663,18.622138,73.863482,2026-09-18 15:27:00
DEV310,18.616278,73.831926,2026-09-18 15:27:00
DEV605,18.530308,73.800724,2026-09-18 15:27:00
DEV655,18.568025,73.88355,2026-09-18 15:27:00
DEV659,18.553656,73.788754,2026-09-18 15:27:00
DEV218,18.61242,73.887301,2026-09-18 15:27:00
DEV254,18.563797,73.857644,2026-09-18 15:27:00
DEV014,18.521013,73.760614,2026-09-18 15:28:00
DEV076,18.517705,73.906454,2026-09-18 15:28:00
DEV301,18.462333,73.861796,2026-09-18 15:28:00
DEV279,18.50191,73.797459,2026-09-18 15:28:00
DEV622,18.604026,73.932288,2026-09-18 15:29:00
DEV419,18.452381,73.826503,2026-09-18 15:29:00
DEV385,18.47328,73.807504,2026-09-18 15:29:00
DEV102,18.603987,73.766132,2026-09-18 15:29:00
DEV939,18.617456,73.781824,2026-09-18 15:29:00
DEV821,18.531428,73.946278,2026-09-18 15:29:00
DEV509,18.529825,73.820415,2026-09-18 15:29:00
DEV883,18.570451,73.893462,2026-09-18 15:29:00
DEV981,18.533029,73.913775,2026-09-18 15:29:00
DEV664,18.622134,73.882443,2026-09-18 15:29:00
DEV381,18.459537,73.926265,2026-09-18 15:30:00
DEV874,18.559795,73.847619,2026-09-18 15:30:00
DEV450,18.518221,73.926891,2026-09-18 15:30:00
DEV294,18.583837,73.936972,2026-09-18 15:30:00
DEV748,18.530475,73.898576,2026-09-18 15:30:00
DEV104,18.485647,73.850281,2026-09-18 15:30:00
DEV749,18.501283,73.945301,2026-09-18 15:30:00
DEV956,18.512815,73.896228,2026-09-18 15:30:00
DEV637,18.58444,73.839139,2026-09-18 15:30:00
DEV494,18.584192,73.784571,2026-09-18 15:30:00
DEV384,18.599629,73.793501,2026-09-18 15:31:00
DEV983,18.470218,73.934066,2026-09-18 15:31:00
DEV150,18.604914,73.922886,2026-09-18 15:31:00
DEV109,18.622389,73.836005,2026-09-18 15:31:00
DEV901,18.610274,73.870553,2026-09-18 15:31:00
DEV902,18.587088,73.762264,2026-09-18 15:31:00
DEV396,18.528869,73.845925,2026-09-18 15:31:00
DEV898,18.612722,73.819469,2026-09-18 15:31:00
DEV680,18.563835,73.889746,2026-09-18 15:31:00
DEV470,18.55896,73.881306,2026-09-18 15:31:00
DEV061,18.61528,73.941233,2026-09-18 15:31:00
DEV104,18.565964,73.786173,2026-09-18 15:31:00
DEV691,18.530673,73.750287,2026-09-18 15:32:00
DEV791,18.558996,73.864913,2026-09-18 15:32:00
DEV310,18.48685,73.807422,2026-09-18 15:32:00
DEV584,18.600736,73.861401,2026-09-18 15:32:00
DEV282,18.583393,73.781805,2026-09-18 15:32:00
DEV144,18.649963,73.844904,2026-09-18 15:32:00
DEV891,18.475231,73.867346,2026-09-18 15:32:00
DEV033,18.61911,73.850371,2026-09-18 15:32:00
DEV968,18.50195,73.942136,2026-09-18 15:32:00
DEV668,18.519527,73.796571,2026-09-18 15:32:00
DEV083,18.634635,73.879488,2026-09-18 15:32:00
DEV972,18.471253,73.793387,2026-09-18 15:32:00
DEV285,18.530079,73.852306,2026-09-18 15:32:00
DEV408,18.605686,73.766984,2026-09-18 15:32:00
DEV311,18.543644,73.793057,2026-09-18 15:32:00
DEV414,18.616586,73.822651,2026-09-18 15:33:00
DEV603,18.59287,73.825843,2026-09-18 15:33:00
DEV660,18.58725,73.941209,2026-09-18 15:33:00
DEV137,18.493024,73.78982,2026-09-18 15:33:00
DEV186,18.534118,73.846811,2026-09-18 15:33:00
DEV620,18.52493,73.888829,2026-09-18 15:33:00
DEV815,18.559336,73.866355,2026-09-18 15:33:00
DEV153,18.585129,73.904105,2026-09-18 15:33:00
DEV540,18.486887,73.947602,2026-09-18 15:33:00
DEV696,18.529685,73.831465,2026-09-18 15:33:00
DEV692,18.570434,73.86611,2026-09-18 15:33:00
DEV396,18.506836,73.935235,2026-09-18 15:33:00
DEV090,18.626556,73.776043,2026-09-18 15:34:00
DEV721,18.589998,73.905256,2026-09-18 15:34:00
DEV459,18.602976,73.88614,2026-09-18 15:34:00
DEV456,18.505111,73.822028,2026-09-18 15:34:00
DEV150,18.56303,73.887036,2026-09-18 15:34:00
DEV157,18.539271,73.761553,2026-09-18 15:34:00
DEV156,18.473679,73.783592,2026-09-18 15:34:00
DEV555,18.478572,73.774484,2026-09-18 15:34:00
DEV559,18.551133,73.857338,2026-09-18 15:34:00
DEV979,18.552896,73.868766,2026-09-18 15:34:00
DEV994,18.637676,73.914615,2026-09-18 15:34:00
DEV273,18.573749,73.847241,2026-09-18 15:34:00
DEV751,18.524521,73.9462,2026-09-18 15:35:00
DEV712,18.614266,73.828739,2026-09-18 15:35:00
DEV978,18.528369,73.86771,2026-09-18 15:35:00
DEV963,18.602066,73.864573,2026-09-18 15:35:00
DEV019,18.603998,73.871278,2026-09-18 15:35:00
DEV221,18.633361,73.847799,2026-09-18 15:35:00
DEV250,18.606292,73.753125,2026-09-18 15:35:00
DEV716,18.494873,73.895842,2026-09-18 15:35:00
DEV987,18.48428,73.87024,2026-09-18 15:35:00
DEV443,18.558656,73.753977,2026-09-18 15:35:00
DEV458,18.570398,73.819077,2026-09-18 15:35:00
DEV406,18.4531,73.835098,2026-09-18 15:35:00
DEV207,18.485652,73.862289,2026-09-18 15:35:00
DEV511,18.589842,73.884641,2026-09-18 15:35:00
DEV738,18.470967,73.757894,2026-09-18 15:36:00
DEV393,18.51576,73.867463,2026-09-18 15:36:00
DEV208,18.512182,73.824982,2026-09-18 15:36:00
DEV669,18.462234,73.875573,2026-09-18 15:36:00
DEV003,18.539092,73.932524,2026-09-18 15:36:00
DEV090,18.541213,73.811481,2026-09-18 15:36:00
DEV404,18.581961,73.897795,2026-09-18 15:36:00
DEV795,18.544737,73.771973,2026-09-18 15:36:00
DEV614,18.546025,73.939995,2026-09-18 15:36:00
DEV001,18.458177,73.822734,2026-09-18 15:36:00
DEV126,18.457624,73.85496,2026-09-18 15:36:00
DEV566,18.598174,73.773946,2026-09-18 15:36:00
DEV194,18.490013,73.90967,2026-09-18 15:36:00
DEV364,18.544333,73.772456,2026-09-18 15:36:00
DEV709,18.527124,73.811288,2026-09-18 15:37:00
DEV520,18.567717,73.794756,2026-09-18 15:37:00
DEV362,18.542194,73.809102,2026-09-18 15:37:00
DEV652,18.626335,73.806667,2026-09-18 15:37:00
DEV819,18.457479,73.804244,2026-09-18 15:37:00
DEV911,18.636764,73.840242,2026-09-18 15:37:00
DEV945,18.578292,73.876951,2026-09-18 15:37:00
DEV306,18.634153,73.930941,2026-09-18 15:37:00
DEV650,18.582272,73.868895,2026-09-18 15:37:00
DEV065,18.526678,73.931222,2026-09-18 15:37:00
DEV231,18.614729,73.823937,2026-09-18 15:37:00
DEV888,18.589529,73.881545,2026-09-18 15:38:00
DEV063,18.642548,73.923889,2026-09-18 15:38:00
DEV309,18.493655,73.879759,2026-09-18 15:38:00
DEV635,18.602212,73.94424,2026-09-18 15:38:00
DEV730,18.557699,73.900046,2026-09-18 15:38:00
DEV223,18.515379,73.781417,2026-09-18 15:38:00
DEV410,18.480108,73.928674,2026-09-18 15:39:00
DEV452,18.488695,73.810922,2026-09-18 15:39:00
DEV128,18.473409,73.904734,2026-09-18 15:39:00
DEV866,18.623358,73.760185,2026-09-18 15:39:00
DEV267,18.512268,73.93295,2026-09-18 15:39:00
DEV331,18.505011,73.824927,2026-09-18 15:39:00
DEV560,18.548649,73.883303,2026-09-18 15:39:00
DEV223,18.640885,73.935069,2026-09-18 15:39:00
DEV368,18.501531,73.834224,2026-09-18 15:39:00
DEV787,18.53633,73.790416,2026-09-18 15:40:00
DEV287,18.554422,73.792426,2026-09-18 15:40:00
DEV083,18.473715,73.934394,2026-09-18 15:40:00
DEV604,18.625153,73.860318,2026-09-18 15:40:00
DEV688,18.532162,73.886428,2026-09-18 15:40:00
DEV209,18.628876,73.770016,2026-09-18 15:40:00
DEV370,18.453155,73.827437,2026-09-18 15:40:00
DEV096,18.470554,73.900138,2026-09-18 15:40:00
DEV161,18.530979,73.888879,2026-09-18 15:40:00
DEV082,18.459958,73.910051,2026-09-18 15:41:00
DEV237,18.536141,73.905468,2026-09-18 15:41:00
DEV348,18.583853,73.874417,2026-09-18 15:41:00
DEV094,18.504286,73.840788,2026-09-18 15:41:00
DEV171,18.478065,73.777246,2026-09-18 15:41:00
DEV268,18.51363,73.817224,2026-09-18 15:41:00
DEV224,18.623059,73.891187,2026-09-18 15:41:00
DEV805,18.538153,73.908752,2026-09-18 15:41:00
DEV361,18.570365,73.882223,2026-09-18 15:42:00
DEV659,18.502111,73.912725,2026-09-18 15:42:00
DEV016,18.614094,73.892969,2026-09-18 15:42:00
DEV888,18.598367,73.851042,2026-09-18 15:42:00
DEV508,18.529727,73.821378,2026-09-18 15:42:00
DEV565,18.629149,73.931646,2026-09-18 15:42:00
DEV060,18.617187,73.797028,2026-09-18 15:42:00
DEV268,18.580869,73.876378,2026-09-18 15:42:00
DEV201,18.647463,73.904829,2026-09-18 15:42:00
DEV872,18.621062,73.946568,2026-09-18 15:42:00
DEV958,18.58052,73.875243,2026-09-18 15:42:00
DEV561,18.627959,73.914281,2026-09-18 15:43:00
DEV459,18.616886,73.94226,2026-09-18 15:43:00
DEV678,18.622594,73.893158,2026-09-18 15:43:00
DEV035,18.640911,73.751917,2026-09-18 15:43:00
DEV223,18.615328,73.779872,2026-09-18 15:43:00
DEV015,18.523986,73.869525,2026-09-18 15:43:00
DEV435,18.553568,73.763577,2026-09-18 15:43:00
DEV338,18.636796,73.942349,2026-09-18 15:43:00
DEV963,18.522857,73.857158,2026-09-18 15:43:00
DEV630,18.615984,73.918865,2026-09-18 15:43:00
DEV822,18.549043,73.901635,2026-09-18 15:43:00
DEV338,18.48057,73.90246,2026-09-18 15:43:00
DEV589,18.618395,73.778856,2026-09-18 15:43:00
DEV405,18.603615,73.937365,2026-09-18 15:43:00
DEV164,18.51427,73.858565,2026-09-18 15:44:00
DEV079,18.473351,73.857208,2026-09-18 15:44:00
DEV934,18.499734,73.879317,2026-09-18 15:44:00
DEV142,18.507273,73.864554,2026-09-18 15:44:00
DEV453,18.49856,73.862876,2026-09-18 15:44:00
DEV387,18.580355,73.839097,2026-09-18 15:44:00
DEV171,18.466459,73.846811,2026-09-18 15:44:00
DEV756,18.582517,73.780224,2026-09-18 15:44:00
DEV878,18.611355,73.930862,2026-09-18 15:44:00
DEV378,18.523184,73.777499,2026-09-18 15:45:00
DEV500,18.485443,73.940362,2026-09-18 15:45:00
DEV792,18.636218,73.889014,2026-09-18 15:45:00
DEV638,18.576586,73.935169,2026-09-18 15:45:00
DEV876,18.4596,73.775201,2026-09-18 15:45:00
DEV413,18.612396,73.781929,2026-09-18 15:45:00
DEV601,18.510469,73.879973,2026-09-18 15:45:00
DEV438,18.537352,73.811034,2026-09-18 15:46:00
DEV621,18.503514,73.844859,2026-09-18 15:46:00
DEV991,18.564599,73.773392,2026-09-18 15:46:00
DEV175,18.649639,73.807453,2026-09-18 15:46:00
DEV841,18.506302,73.938988,2026-09-18 15:46:00
DEV656,18.491124,73.842299,2026-09-18 15:46:00
DEV129,18.5875,73.766302,2026-09-18 15:46:00
DEV582,18.581757,73.913159,2026-09-18 15:46:00
DEV409,18.46298,73.814799,2026-09-18 15:46:00
DEV351,18.575332,73.78864,2026-09-18 15:46:00
DEV538,18.621047,73.948734,2026-09-18 15:46:00
DEV227,18.574221,73.888123,2026-09-18 15:46:00
DEV134,18.461942,73.897793,2026-09-18 15:47:00
DEV042,18.643572,73.900699,2026-09-18 15:47:00
DEV699,18.453654,73.876768,2026-09-18 15:47:00
DEV072,18.594611,73.78618,2026-09-18 15:47:00
DEV086,18.57309,73.816036,2026-09-18 15:47:00
DEV021,18.544687,73.882925,2026-09-18 15:47:00
DEV582,18.458942,73.788941,2026-09-18 15:47:00
DEV305,18.521155,73.802506,2026-09-18 15:47:00
DEV266,18.47188,73.938903,2026-09-18 15:47:00
DEV142,18.523075,73.902294,2026-09-18 15:47:00
DEV869,18.592085,73.862137,2026-09-18 15:47:00
DEV288,18.508631,73.920556,2026-09-18 15:47:00
DEV193,18.648379,73.81295,2026-09-18 15:47:00
DEV395,18.543457,73.822635,2026-09-18 15:48:00
DEV280,18.616378,73.886965,2026-09-18 15:48:00
DEV513,18.514378,73.803511,2026-09-18 15:48:00
DEV124,18.566398,73.843153,2026-09-18 15:48:00
DEV288,18.612398,73.850835,2026-09-18 15:48:00
DEV469,18.467168,73.768075,2026-09-18 15:48:00
DEV192,18.557468,73.795352,2026-09-18 15:49:00
DEV954,18.607891,73.785537,2026-09-18 15:49:00
DEV772,18.588797,73.75235,2026-09-18 15:49:00
DEV471,18.636908,73.918006,2026-09-18 15:49:00
DEV534,18.456264,73.942265,2026-09-18 15:49:00
DEV680,18.493794,73.810817,2026-09-18 15:49:00
DEV259,18.509084,73.947399,2026-09-18 15:49:00
DEV508,18.622145,73.792711,2026-09-18 15:49:00
DEV242,18.477579,73.803607,2026-09-18 15:49:00
DEV636,18.479359,73.807361,2026-09-18 15:49:00
DEV497,18.491239,73.810947,2026-09-18 15:49:00
DEV002,18.485162,73.75895,2026-09-18 15:49:00
DEV753,18.610332,73.794673,2026-09-18 15:50:00
DEV182,18.59058,73.900298,2026-09-18 15:50:00
DEV796,18.544445,73.843223,2026-09-18 15:50:00
DEV869,18.605318,73.769906,2026-09-18 15:50:00
DEV898,18.581514,73.886264,2026-09-18 15:50:00
DEV984,18.550636,73.907836,2026-09-18 15:50:00
DEV851,18.462044,73.816448,2026-09-18 15:50:00
DEV587,18.580495,73.796283,2026-09-18 15:51:00
DEV787,18.556434,73.800898,2026-09-18 15:51:00
DEV355,18.646485,73.869529,2026-09-18 15:51:00
DEV133,18.509612,73.914543,2026-09-18 15:51:00
DEV695,18.567475,73.843998,2026-09-18 15:51:00
DEV120,18.540631,73.867976,2026-09-18 15:51:00
DEV289,18.642591,73.869275,2026-09-18 15:51:00
DEV847,18.615612,73.806346,2026-09-18 15:52:00
DEV726,18.468812,73.930946,2026-09-18 15:52:00
DEV546,18.510465,73.770073,2026-09-18 15:52:00
DEV190,18.461146,73.909475,2026-09-18 15:52:00
DEV599,18.491268,73.841797,2026-09-18 15:52:00
DEV963,18.509464,73.932543,2026-09-18 15:52:00
DEV318,18.48747,73.79126,2026-09-18 15:52:00
DEV965,18.495618,73.948316,2026-09-18 15:52:00
DEV730,18.498509,73.808558,2026-09-18 15:52:00
DEV002,18.578076,73.785551,2026-09-18 15:52:00
DEV436,18.48346,73.826917,2026-09-18 15:52:00
DEV209,18.618386,73.763297,2026-09-18 15:53:00
DEV401,18.59852,73.772902,2026-09-18 15:53:00
DEV506,18.521751,73.771181,2026-09-18 15:53:00
DEV052,18.507491,73.94887,2026-09-18 15:53:00
DEV462,18.565696,73.853063,2026-09-18 15:53:00
DEV831,18.613662,73.784325,2026-09-18 15:53:00
DEV873,18.541173,73.830791,2026-09-18 15:53:00
DEV631,18.495837,73.877803,2026-09-18 15:53:00
DEV026,18.560228,73.849259,2026-09-18 15:53:00
DEV563,18.564915,73.892803,2026-09-18 15:53:00
DEV869,18.568882,73.793251,2026-09-18 15:53:00
DEV648,18.500651,73.763282,2026-09-18 15:54:00
DEV638,18.484439,73.939837,2026-09-18 15:54:00
DEV569,18.458246,73.86055,2026-09-18 15:54:00
DEV685,18.579909,73.910289,2026-09-18 15:54:00
DEV982,18.47327,73.946311,2026-09-18 15:54:00
DEV388,18.455441,73.912691,2026-09-18 15:54:00
DEV963,18.473978,73.925432,2026-09-18 15:54:00
DEV710,18.601158,73.932526,2026-09-18 15:54:00
DEV534,18.462309,73.889269,2026-09-18 15:55:00
DEV531,18.594395,73.758012,2026-09-18 15:55:00
DEV352,18.490149,73.82984,2026-09-18 15:55:00
DEV530,18.567663,73.884594,2026-09-18 15:55:00
DEV752,18.529084,73.858559,2026-09-18 15:55:00
DEV169,18.500739,73.803194,2026-09-18 15:55:00
DEV639,18.55541,73.874961,2026-09-18 15:55:00
DEV284,18.548506,73.92649,2026-09-18 15:55:00
DEV519,18.58282,73.757762,2026-09-18 15:55:00
DEV569,18.600589,73.819067,2026-09-18 15:56:00
DEV917,18.459034,73.927379,2026-09-18 15:56:00
DEV361,18.570277,73.930003,2026-09-18 15:56:00
DEV157,18.59458,73.89983,2026-09-18 15:56:00
DEV354,18.560839,73.942511,2026-09-18 15:56:00
DEV638,18.534914,73.799298,2026-09-18 15:56:00
DEV227,18.549448,73.909207,2026-09-18 15:56:00
DEV709,18.640968,73.85069,2026-09-18 15:56:00
DEV661,18.517847,73.78911,2026-09-18 15:56:00
DEV346,18.524345,73.884743,2026-09-18 15:56:00
DEV117,18.470378,73.782694,2026-09-18 15:56:00
DEV072,18.535101,73.864303,2026-09-18 15:57:00
DEV290,18.459012,73.805804,2026-09-18 15:57:00
DEV212,18.453946,73.833599,2026-09-18 15:57:00
DEV424,18.564025,73.879989,2026-09-18 15:57:00
DEV564,18.455646,73.75537,2026-09-18 15:57:00
DEV413,18.470483,73.763134,2026-09-18 15:57:00
DEV844,18.639573,73.940754,2026-09-18 15:57:00
DEV537,18.533818,73.79943,2026-09-18 15:58:00
DEV502,18.479612,73.812048,2026-09-18 15:58:00
DEV014,18.597924,73.927017,2026-09-18 15:58:00
DEV620,18.564036,73.780423,2026-09-18 15:58:00
DEV575,18.482971,73.762248,2026-09-18 15:58:00
DEV096,18.649866,73.806558,2026-09-18 15:58:00
DEV612,18.483262,73.866523,2026-09-18 15:58:00
DEV262,18.48504,73.752996,2026-09-18 15:58:00
DEV488,18.627112,73.866372,2026-09-18 15:58:00
DEV417,18.450037,73.806164,2026-09-18 15:58:00
DEV640,18.513149,73.938897,2026-09-18 15:59:00
DEV674,18.481859,73.759767,2026-09-18 15:59:00
DEV073,18.49689,73.928128,2026-09-18 15:59:00
DEV131,18.50173,73.832827,2026-09-18 15:59:00
DEV556,18.572039,73.778377,2026-09-18 15:59:00
DEV489,18.539443,73.777102,2026-09-18 15:59:00
DEV761,18.640831,73.892568,2026-09-18 15:59:00
DEV825,18.512424,73.931137,2026-09-18 15:59:00
DEV075,18.607317,73.910604,2026-09-18 15:59:00
DEV500,18.529713,73.842404,2026-09-18 15:59:00
DEV965,18.574343,73.891835,2026-09-18 15:59:00
DEV830,18.6393,73.78463,2026-09-18 15:59:00
DEV208,18.510161,73.805478,2026-09-18 16:00:00
DEV074,18.539847,73.791492,2026-09-18 16:00:00
DEV016,18.616522,73.875278,2026-09-18 16:00:00
DEV740,18.465324,73.891906,2026-09-18 16:00:00
DEV838,18.514998,73.787409,2026-09-18 16:00:00
DEV791,18.584481,73.910417,2026-09-18 16:00:00
DEV129,18.643874,73.930372,2026-09-18 16:00:00
DEV368,18.480735,73.81221,2026-09-18 16:00:00
DEV554,18.454391,73.936606,2026-09-18 16:00:00
DEV418,18.626395,73.861274,2026-09-18 16:00:00
DEV789,18.64176,73.870102,2026-09-18 16:00:00
DEV496,18.638175,73.933905,2026-09-18 16:01:00
DEV606,18.6027,73.793807,2026-09-18 16:01:00
DEV535,18.47967,73.828842,2026-09-18 16:01:00
DEV735,18.475046,73.866898,2026-09-18 16:01:00
DEV876,18.635229,73.7943,2026-09-18 16:01:00
DEV188,18.603386,73.816581,2026-09-18 16:01:00
DEV159,18.600756,73.881409,2026-09-18 16:01:00
DEV055,18.537391,73.86068,2026-09-18 16:01:00
DEV716,18.602422,73.824853,2026-09-18 16:01:00
DEV526,18.620486,73.920561,2026-09-18 16:02:00
DEV081,18.555088,73.854033,2026-09-18 16:02:00
DEV681,18.574627,73.757288,2026-09-18 16:02:00
DEV390,18.500309,73.86231,2026-09-18 16:02:00
DEV158,18.558795,73.825735,2026-09-18 16:02:00
DEV521,18.620102,73.843661,2026-09-18 16:02:00
DEV808,18.513615,73.911395,2026-09-18 16:02:00
DEV792,18.55159,73.947718,2026-09-18 16:02:00
DEV193,18.615544,73.773045,2026-09-18 16:02:00
DEV111,18.574512,73.871043,2026-09-18 16:02:00
DEV330,18.480458,73.861462,2026-09-18 16:02:00
DEV690,18.534966,73.801243,2026-09-18 16:03:00
DEV853,18.574778,73.813478,2026-09-18 16:03:00
DEV630,18.558806,73.900872,2026-09-18 16:03:00
DEV164,18.532641,73.863242,2026-09-18 16:03:00
DEV141,18.636205,73.846828,2026-09-18 16:03:00
DEV859,18.556391,73.890188,2026-09-18 16:04:00
DEV077,18.5878,73.777691,2026-09-18 16:04:00
DEV108,18.51369,73.770367,2026-09-18 16:04:00
DEV824,18.501082,73.80233,2026-09-18 16:04:00
DEV133,18.520831,73.891258,2026-09-18 16:04:00
DEV241,18.460101,73.807797,2026-09-18 16:04:00
DEV608,18.61357,73.836667,2026-09-18 16:04:00
DEV508,18.506971,73.773684,2026-09-18 16:04:00
DEV760,18.456059,73.889815,2026-09-18 16:04:00
DEV605,18.646729,73.895985,2026-09-18 16:04:00
DEV328,18.450994,73.760691,2026-09-18 16:04:00
DEV264,18.648886,73.921323,2026-09-18 16:05:00
DEV852,18.636461,73.94789,2026-09-18 16:05:00
DEV628,18.622421,73.930062,2026-09-18 16:05:00
DEV120,18.464207,73.880646,2026-09-18 16:05:00
DEV242,18.612613,73.781145,2026-09-18 16:05:00
DEV213,18.505665,73.794709,2026-09-18 16:05:00
DEV972,18.4986,73.762357,2026-09-18 16:05:00
DEV584,18.532419,73.765694,2026-09-18 16:05:00
DEV575,18.5812,73.758388,2026-09-18 16:06:00
DEV348,18.549853,73.782391,2026-09-18 16:06:00
DEV973,18.55422,73.804946,2026-09-18 16:06:00
DEV773,18.55055,73.764766,2026-09-18 16:06:00
DEV772,18.594311,73.750206,2026-09-18 16:06:00
DEV067,18.564994,73.833965,2026-09-18 16:06:00
DEV196,18.642461,73.801251,2026-09-18 16:06:00
DEV660,18.618121,73.848977,2026-09-18 16:06:00
DEV101,18.491837,73.772493,2026-09-18 16:06:00
DEV515,18.50338,73.847148,2026-09-18 16:06:00
DEV223,18.49136,73.887608,2026-09-18 16:06:00
DEV938,18.623701,73.886177,2026-09-18 16:06:00
DEV046,18.638093,73.828648,2026-09-18 16:06:00
DEV541,18.51981,73.913054,2026-09-18 16:06:00
DEV765,18.565928,73.918067,2026-09-18 16:06:00
DEV018,18.507581,73.779523,2026-09-18 16:06:00
DEV427,18.513403,73.835686,2026-09-18 16:07:00
DEV947,18.500922,73.808236,2026-09-18 16:07:00
DEV771,18.54671,73.815152,2026-09-18 16:07:00
DEV515,18.551817,73.93056,2026-09-18 16:07:00
DEV357,18.518204,73.809671,2026-09-18 16:07:00
DEV966,18.548615,73.78554,2026-09-18 16:07:00
DEV867,18.501792,73.937683,2026-09-18 16:07:00
DEV362,18.545059,73.797532,2026-09-18 16:07:00
DEV095,18.640447,73.767844,2026-09-18 16:07:00
DEV571,18.591491,73.870875,2026-09-18 16:07:00
DEV072,18.576533,73.789313,2026-09-18 16:08:00
DEV163,18.564112,73.88872,2026-09-18 16:08:00
DEV475,18.63122,73.896479,2026-09-18 16:08:00
DEV593,18.526139,73.770905,2026-09-18 16:08:00
DEV800,18.536709,73.756987,2026-09-18 16:08:00
DEV417,18.60826,73.925724,2026-09-18 16:09:00
DEV758,18.57398,73.886828,2026-09-18 16:09:00
DEV646,18.587115,73.853255,2026-09-18 16:09:00
DEV192,18.511212,73.800579,2026-09-18 16:09:00
DEV448,18.626433,73.882085,2026-09-18 16:09:00
DEV872,18.559357,73.867021,2026-09-18 16:09:00
DEV454,18.571717,73.891016,2026-09-18 16:09:00
DEV850,18.599117,73.903918,2026-09-18 16:09:00
DEV907,18.487774,73.852534,2026-09-18 16:09:00
DEV822,18.607588,73.937859,2026-09-18 16:09:00
DEV575,18.627771,73.796525,2026-09-18 16:10:00
DEV516,18.457686,73.934275,2026-09-18 16:10:00
DEV601,18.478118,73.858,2026-09-18 16:10:00
DEV581,18.508386,73.892962,2026-09-18 16:10:00
DEV154,18.590343,73.784467,2026-09-18 16:10:00
DEV647,18.551073,73.90355,2026-09-18 16:10:00
DEV736,18.456155,73.862369,2026-09-18 16:10:00
DEV405,18.583954,73.824759,2026-09-18 16:10:00
DEV613,18.646677,73.910165,2026-09-18 16:10:00
DEV016,18.630006,73.825022,2026-09-18 16:10:00
DEV081,18.613354,73.770577,2026-09-18 16:10:00
DEV339,18.55548,73.91563,2026-09-18 16:10:00
DEV438,18.498213,73.887208,2026-09-18 16:10:00
DEV997,18.490575,73.828699,2026-09-18 16:11:00
DEV408,18.612094,73.927012,2026-09-18 16:11:00
DEV972,18.480913,73.877535,2026-09-18 16:11:00
DEV071,18.564572,73.863351,2026-09-18 16:11:00
DEV976,18.553581,73.795306,2026-09-18 16:11:00
DEV013,18.643728,73.758253,2026-09-18 16:11:00
DEV007,18.60722,73.928981,2026-09-18 16:11:00
DEV473,18.623435,73.883932,2026-09-18 16:11:00
DEV573,18.553457,73.858755,2026-09-18 16:11:00
DEV290,18.558428,73.86672,2026-09-18 16:11:00
DEV063,18.490143,73.880383,2026-09-18 16:11:00
DEV955,18.629883,73.783716,2026-09-18 16:11:00
DEV106,18.624482,73.750899,2026-09-18 16:12:00
DEV964,18.631575,73.926972,2026-09-18 16:12:00
DEV022,18.472581,73.938962,2026-09-18 16:12:00
DEV310,18.570502,73.876516,2026-09-18 16:12:00
DEV246,18.61808,73.78814,2026-09-18 16:12:00
DEV672,18.544058,73.75808,2026-09-18 16:12:00
DEV985,18.599949,73.820127,2026-09-18 16:12:00
DEV447,18.468954,73.78121,2026-09-18 16:13:00
DEV416,18.630992,73.859161,2026-09-18 16:13:00
DEV819,18.610967,73.791839,2026-09-18 16:13:00
DEV155,18.546351,73.769042,2026-09-18 16:13:00
DEV168,18.482434,73.840056,2026-09-18 16:13:00
DEV051,18.548797,73.921345,2026-09-18 16:13:00
DEV527,18.599672,73.76213,2026-09-18 16:13:00
DEV498,18.587644,73.786242,2026-09-18 16:13:00
DEV406,18.64322,73.793954,2026-09-18 16:13:00
DEV630,18.522173,73.753722,2026-09-18 16:13:00
DEV429,18.543101,73.755211,2026-09-18 16:14:00
DEV283,18.508277,73.919925,2026-09-18 16:14:00
DEV113,18.611765,73.894351,2026-09-18 16:14:00
DEV149,18.645485,73.895147,2026-09-18 16:14:00
DEV388,18.501304,73.765881,2026-09-18 16:14:00
DEV808,18.57059,73.897475,2026-09-18 16:14:00
DEV051,18.453834,73.880155,2026-09-18 16:14:00
DEV813,18.608602,73.843192,2026-09-18 16:14:00
DEV758,18.464583,73.832076,2026-09-18 16:14:00
DEV763,18.456469,73.87575,2026-09-18 16:14:00
DEV035,18.533198,73.906289,2026-09-18 16:14:00
DEV585,18.647768,73.821371,2026-09-18 16:14:00
DEV155,18.545083,73.92885,2026-09-18 16:14:00
DEV076,18.460161,73.798731,2026-09-18 16:14:00
DEV553,18.492908,73.856876,2026-09-18 16:15:00
DEV642,18.521983,73.89904,2026-09-18 16:15:00
DEV159,18.518314,73.830291,2026-09-18 16:15:00
DEV116,18.624877,73.92399,2026-09-18 16:15:00
DEV113,18.583135,73.94821,2026-09-18 16:15:00
DEV240,18.608339,73.813335,2026-09-18 16:15:00
DEV361,18.491494,73.790699,2026-09-18 16:15:00
DEV526,18.514796,73.8534,2026-09-18 16:15:00
DEV142,18.503018,73.927144,2026-09-18 16:15:00
DEV573,18.59046,73.912692,2026-09-18 16:15:00
DEV604,18.564916,73.887145,2026-09-18 16:15:00
DEV828,18.570411,73.867425,2026-09-18 16:15:00
DEV010,18.505391,73.764925,2026-09-18 16:15:00
DEV395,18.466547,73.770965,2026-09-18 16:16:00
DEV954,18.624921,73.818605,2026-09-18 16:16:00
DEV181,18.607934,73.833883,2026-09-18 16:16:00
DEV447,18.599611,73.944937,2026-09-18 16:16:00
DEV251,18.595299,73.925641,2026-09-18 16:16:00
DEV538,18.573155,73.82808,2026-09-18 16:16:00
DEV292,18.620924,73.799207,2026-09-18 16:17:00
DEV146,18.466548,73.859459,2026-09-18 16:17:00
DEV165,18.538176,73.889978,2026-09-18 16:17:00
DEV171,18.579685,73.871627,2026-09-18 16:17:00
DEV534,18.642886,73.897199,2026-09-18 16:17:00
DEV054,18.489802,73.804856,2026-09-18 16:17:00
DEV984,18.493167,73.795019,2026-09-18 16:17:00
DEV861,18.621419,73.942547,2026-09-18 16:18:00
DEV387,18.556755,73.830986,2026-09-18 16:18:00
DEV610,18.514614,73.78403,2026-09-18 16:18:00
DEV105,18.500401,73.941928,2026-09-18 16:18:00
DEV375,18.514042,73.754264,2026-09-18 16:18:00
DEV099,18.478033,73.812252,2026-09-18 16:18:00
DEV119,18.632532,73.906306,2026-09-18 16:18:00
DEV313,18.459141,73.822336,2026-09-18 16:18:00
DEV413,18.537059,73.937291,2026-09-18 16:18:00
DEV287,18.50049,73.900768,2026-09-18 16:18:00
DEV736,18.46905,73.925175,2026-09-18 16:19:00
DEV272,18.521109,73.851683,2026-09-18 16:19:00
DEV869,18.495048,73.868775,2026-09-18 16:19:00
DEV257,18.603928,73.80586,2026-09-18 16:19:00
DEV574,18.600054,73.85475,2026-09-18 16:19:00
DEV188,18.560825,73.762236,2026-09-18 16:19:00
DEV936,18.500102,73.837923,2026-09-18 16:19:00
DEV281,18.526342,73.83945,2026-09-18 16:19:00
DEV780,18.551478,73.807102,2026-09-18 16:20:00
DEV820,18.63946,73.771839,2026-09-18 16:20:00
DEV278,18.632359,73.929149,2026-09-18 16:20:00
DEV114,18.628757,73.762372,2026-09-18 16:20:00
DEV835,18.513721,73.912615,2026-09-18 16:20:00
DEV605,18.548129,73.755096,2026-09-18 16:20:00
DEV985,18.541232,73.878655,2026-09-18 16:20:00
DEV915,18.57387,73.778271,2026-09-18 16:20:00
DEV005,18.470499,73.945847,2026-09-18 16:20:00
DEV016,18.492641,73.914169,2026-09-18 16:20:00
DEV380,18.587895,73.887667,2026-09-18 16:20:00
DEV820,18.636851,73.772667,2026-09-18 16:20:00
DEV387,18.623485,73.912785,2026-09-18 16:21:00
DEV914,18.468397,73.789317,2026-09-18 16:21:00
DEV734,18.605748,73.861261,2026-09-18 16:21:00
DEV967,18.558479,73.850722,2026-09-18 16:21:00
DEV496,18.573101,73.853075,2026-09-18 16:21:00
DEV162,18.450716,73.846289,2026-09-18 16:21:00
DEV493,18.4612,73.800903,2026-09-18 16:22:00
DEV338,18.548338,73.816681,2026-09-18 16:22:00
DEV187,18.58227,73.857566,2026-09-18 16:22:00
DEV861,18.483952,73.785266,2026-09-18 16:22:00
DEV065,18.508989,73.780381,2026-09-18 16:22:00
DEV101,18.4608,73.856459,2026-09-18 16:22:00
DEV455,18.64823,73.935564,2026-09-18 16:22:00
DEV313,18.561168,73.83603,2026-09-18 16:22:00
DEV651,18.541053,73.862681,2026-09-18 16:22:00
DEV206,18.543056,73.919614,2026-09-18 16:22:00
DEV190,18.568788,73.902553,2026-09-18 16:23:00
DEV323,18.517531,73.93009,2026-09-18 16:23:00
DEV704,18.582807,73.872481,2026-09-18 16:23:00
DEV689,18.47163,73.802544,2026-09-18 16:23:00
DEV061,18.480737,73.893523,2026-09-18 16:23:00
DEV226,18.533584,73.865828,2026-09-18 16:23:00
DEV421,18.454834,73.828281,2026-09-18 16:23:00
DEV233,18.53696,73.940225,2026-09-18 16:23:00
DEV260,18.49121,73.809289,2026-09-18 16:23:00
DEV280,18.450542,73.932412,2026-09-18 16:23:00
DEV055,18.636645,73.869068,2026-09-18 16:23:00
DEV715,18.597361,73.809787,2026-09-18 16:24:00
DEV691,18.546627,73.822845,2026-09-18 16:24:00
DEV765,18.564066,73.840111,2026-09-18 16:24:00
DEV756,18.469918,73.931791,2026-09-18 16:24:00
DEV301,18.455084,73.820683,2026-09-18 16:24:00
DEV738,18.610652,73.857518,2026-09-18 16:24:00
DEV443,18.629553,73.798142,2026-09-18 16:24:00
DEV171,18.48949,73.760167,2026-09-18 16:24:00
DEV904,18.592253,73.780434,2026-09-18 16:24:00
DEV968,18.516615,73.833548,2026-09-18 16:24:00
DEV551,18.55155,73.8424,2026-09-18 16:25:00
DEV301,18.640647,73.852718,2026-09-18 16:25:00
DEV232,18.496154,73.818971,2026-09-18 16:25:00
DEV855,18.475818,73.803838,2026-09-18 16:25:00
DEV109,18.475464,73.77986,2026-09-18 16:25:00
DEV274,18.505186,73.904853,2026-09-18 16:25:00
DEV108,18.649483,73.864305,2026-09-18 16:25:00
DEV038,18.564434,73.809046,2026-09-18 16:26:00
DEV104,18.54444,73.885142,2026-09-18 16:26:00
DEV942,18.488435,73.926303,2026-09-18 16:26:00
DEV284,18.531579,73.897634,2026-09-18 16:26:00
DEV637,18.579606,73.933123,2026-09-18 16:26:00
DEV058,18.590382,73.790054,2026-09-18 16:26:00
DEV207,18.502534,73.861766,2026-09-18 16:26:00
DEV866,18.622511,73.758333,2026-09-18 16:26:00
DEV379,18.541897,73.9006,2026-09-18 16:26:00
DEV850,18.453062,73.940355,2026-09-18 16:27:00
DEV679,18.488299,73.929026,2026-09-18 16:27:00
DEV126,18.473121,73.822295,2026-09-18 16:27:00
DEV288,18.45238,73.801249,2026-09-18 16:27:00
DEV335,18.522321,73.873491,2026-09-18 16:27:00
DEV926,18.483721,73.900113,2026-09-18 16:27:00
DEV881,18.487054,73.81465,2026-09-18 16:27:00
DEV669,18.47116,73.879562,2026-09-18 16:27:00
DEV873,18.549937,73.944743,2026-09-18 16:27:00
DEV638,18.623871,73.815874,2026-09-18 16:28:00
DEV763,18.538382,73.908664,2026-09-18 16:28:00
DEV704,18.476361,73.767253,2026-09-18 16:28:00
DEV593,18.531031,73.924259,2026-09-18 16:28:00
DEV936,18.579464,73.839249,2026-09-18 16:28:00
DEV776,18.451734,73.815045,2026-09-18 16:28:00
DEV483,18.604482,73.910906,2026-09-18 16:28:00
DEV375,18.510518,73.939281,2026-09-18 16:28:00
DEV994,18.561401,73.921448,2026-09-18 16:28:00
DEV335,18.486125,73.768028,2026-09-18 16:28:00
DEV514,18.465025,73.902637,2026-09-18 16:29:00
DEV289,18.585106,73.863584,2026-09-18 16:29:00
DEV255,18.529441,73.864746,2026-09-18 16:29:00
DEV585,18.504104,73.786222,2026-09-18 16:29:00
DEV012,18.524998,73.798845,2026-09-18 16:29:00
DEV759,18.502132,73.755474,2026-09-18 16:29:00
DEV781,18.521725,73.858493,2026-09-18 16:29:00
DEV343,18.492372,73.90323,2026-09-18 16:29:00
DEV493,18.565393,73.936762,2026-09-18 16:30:00
DEV103,18.567511,73.873334,2026-09-18 16:30:00
DEV700,18.517043,73.830424,2026-09-18 16:30:00
DEV327,18.528489,73.854351,2026-09-18 16:30:00
DEV144,18.464285,73.933175,2026-09-18 16:30:00
DEV560,18.531977,73.840278,2026-09-18 16:30:00
DEV196,18.62212,73.818707,2026-09-18 16:30:00
DEV935,18.457359,73.93709,2026-09-18 16:30:00
DEV552,18.625569,73.9295,2026-09-18 16:30:00
DEV246,18.456426,73.777653,2026-09-18 16:30:00
DEV360,18.637852,73.835229,2026-09-18 16:31:00
DEV124,18.45108,73.832698,2026-09-18 16:31:00
DEV230,18.53837,73.937847,2026-09-18 16:31:00
DEV189,18.456866,73.810782,2026-09-18 16:31:00
DEV852,18.500454,73.770788,2026-09-18 16:31:00
DEV132,18.58479,73.90897,2026-09-18 16:31:00
DEV921,18.645923,73.891824,2026-09-18 16:31:00
DEV293,18.515169,73.921611,2026-09-18 16:32:00
DEV853,18.639567,73.851662,2026-09-18 16:32:00
DEV135,18.460683,73.905916,2026-09-18 16:32:00
DEV751,18.618539,73.94928,2026-09-18 16:32:00
DEV807,18.591572,73.857566,2026-09-18 16:32:00
DEV662,18.458842,73.931289,2026-09-18 16:32:00
DEV130,18.456948,73.844387,2026-09-18 16:32:00
DEV302,18.60271,73.920944,2026-09-18 16:32:00
DEV682,18.499247,73.866169,2026-09-18 16:32:00
DEV389,18.60151,73.808582,2026-09-18 16:32:00
DEV067,18.51382,73.884127,2026-09-18 16:32:00
DEV878,18.606901,73.892382,2026-09-18 16:32:00
DEV838,18.484778,73.832963,2026-09-18 16:32:00
DEV518,18.639376,73.752548,2026-09-18 16:32:00
DEV490,18.584846,73.841323,2026-09-18 16:32:00
DEV085,18.509651,73.786985,2026-09-18 16:32:00
DEV615,18.491145,73.943738,2026-09-18 16:32:00
DEV654,18.622576,73.778912,2026-09-18 16:32:00
DEV448,18.568648,73.758878,2026-09-18 16:33:00
DEV163,18.636982,73.805412,2026-09-18 16:33:00
DEV800,18.584566,73.842446,2026-09-18 16:33:00
DEV644,18.474837,73.83016,2026-09-18 16:34:00
DEV623,18.470255,73.914202,2026-09-18 16:34:00
DEV149,18.481927,73.767676,2026-09-18 16:34:00
DEV855,18.523597,73.913048,2026-09-18 16:34:00
DEV978,18.597786,73.833812,2026-09-18 16:34:00
DEV223,18.629399,73.755213,2026-09-18 16:34:00
DEV112,18.45356,73.895067,2026-09-18 16:34:00
DEV007,18.51128,73.759074,2026-09-18 16:34:00
DEV602,18.496514,73.752923,2026-09-18 16:35:00
DEV206,18.576311,73.896832,2026-09-18 16:35:00
DEV449,18.523878,73.793523,2026-09-18 16:35:00
DEV374,18.591098,73.793558,2026-09-18 16:35:00
DEV118,18.453139,73.803599,2026-09-18 16:35:00
DEV419,18.453486,73.836112,2026-09-18 16:35:00
DEV468,18.59273,73.764183,2026-09-18 16:35:00
DEV094,18.556727,73.813532,2026-09-18 16:35:00
DEV244,18.611714,73.846494,2026-09-18 16:35:00
DEV099,18.511386,73.842467,2026-09-18 16:35:00
DEV228,18.56207,73.899884,2026-09-18 16:35:00
DEV753,18.575685,73.851376,2026-09-18 16:35:00
DEV938,18.619515,73.940283,2026-09-18 16:35:00
DEV147,18.539252,73.764422,2026-09-18 16:36:00
DEV494,18.611501,73.83815,2026-09-18 16:36:00
DEV718,18.59436,73.816615,2026-09-18 16:36:00
DEV783,18.456227,73.917707,2026-09-18 16:36:00
DEV822,18.572544,73.752567,2026-09-18 16:36:00
DEV529,18.621838,73.770668,2026-09-18 16:36:00
DEV487,18.561977,73.773118,2026-09-18 16:36:00
DEV192,18.619696,73.915018,2026-09-18 16:36:00
DEV425,18.534458,73.836802,2026-09-18 16:36:00
DEV785,18.524574,73.775394,2026-09-18 16:36:00
DEV215,18.494064,73.892358,2026-09-18 16:36:00
DEV099,18.540047,73.857929,2026-09-18 16:36:00
DEV047,18.570133,73.923341,2026-09-18 16:37:00
DEV420,18.629723,73.883239,2026-09-18 16:37:00
DEV501,18.640279,73.929493,2026-09-18 16:37:00
DEV022,18.581906,73.908566,2026-09-18 16:37:00
DEV878,18.63715,73.851457,2026-09-18 16:37:00
DEV406,18.461845,73.814547,2026-09-18 16:37:00
DEV880,18.6286,73.893897,2026-09-18 16:37:00
DEV405,18.546781,73.910192,2026-09-18 16:37:00
DEV292,18.45582,73.896241,2026-09-18 16:37:00
DEV831,18.56239,73.75822,2026-09-18 16:37:00
DEV218,18.50374,73.752838,2026-09-18 16:37:00
DEV921,18.480297,73.943312,2026-09-18 16:38:00
DEV816,18.576057,73.901139,2026-09-18 16:38:00
DEV239,18.484462,73.796672,2026-09-18 16:38:00
DEV548,18.457285,73.884159,2026-09-18 16:38:00
DEV674,18.456901,73.766939,2026-09-18 16:38:00
DEV476,18.550455,73.864777,2026-09-18 16:38:00
DEV384,18.507381,73.757658,2026-09-18 16:38:00
DEV547,18.603575,73.759923,2026-09-18 16:38:00
DEV433,18.567745,73.93688,2026-09-18 16:38:00
DEV730,18.482723,73.782521,2026-09-18 16:38:00
DEV849,18.62175,73.788025,2026-09-18 16:38:00
DEV929,18.578903,73.78734,2026-09-18 16:38:00
DEV170,18.554046,73.788036,2026-09-18 16:39:00
DEV690,18.516617,73.763008,2026-09-18 16:39:00
DEV682,18.580892,73.827127,2026-09-18 16:39:00
DEV763,18.594785,73.848427,2026-09-18 16:39:00
DEV763,18.548433,73.836409,2026-09-18 16:39:00
DEV476,18.480609,73.941716,2026-09-18 16:39:00
DEV953,18.578897,73.908178,2026-09-18 16:39:00
DEV835,18.452209,73.791866,2026-09-18 16:39:00
DEV104,18.635117,73.854847,2026-09-18 16:39:00
DEV310,18.62575,73.820155,2026-09-18 16:40:00
DEV381,18.555156,73.827006,2026-09-18 16:40:00
DEV646,18.58826,73.890125,2026-09-18 16:40:00
DEV921,18.511239,73.940559,2026-09-18 16:40:00
DEV069,18.577986,73.849912,2026-09-18 16:40:00
DEV121,18.519533,73.814646,2026-09-18 16:40:00
DEV480,18.505767,73.837662,2026-09-18 16:40:00
DEV672,18.581413,73.809157,2026-09-18 16:40:00
DEV097,18.453729,73.760232,2026-09-18 16:41:00
DEV633,18.639157,73.833398,2026-09-18 16:41:00
DEV126,18.552045,73.75252,2026-09-18 16:41:00
DEV043,18.552296,73.939665,2026-09-18 16:41:00
DEV654,18.51866,73.808393,2026-09-18 16:41:00
DEV761,18.583587,73.855541,2026-09-18 16:41:00
DEV103,18.45819,73.842202,2026-09-18 16:41:00
DEV709,18.593931,73.862148,2026-09-18 16:41:00
DEV734,18.555878,73.919412,2026-09-18 16:41:00
DEV753,18.539128,73.947863,2026-09-18 16:41:00
DEV823,18.625749,73.77148,2026-09-18 16:41:00
DEV991,18.456358,73.934072,2026-09-18 16:41:00
DEV728,18.501196,73.938942,2026-09-18 16:41:00
DEV525,18.475716,73.837418,2026-09-18 16:41:00
DEV422,18.589269,73.933116,2026-09-18 16:41:00
DEV288,18.454997,73.848046,2026-09-18 16:42:00
DEV828,18.519409,73.925702,2026-09-18 16:42:00
DEV521,18.591736,73.874252,2026-09-18 16:42:00
DEV934,18.479735,73.793949,2026-09-18 16:42:00
DEV124,18.512877,73.750057,2026-09-18 16:42:00
DEV662,18.554708,73.852715,2026-09-18 16:42:00
DEV155,18.588171,73.792944,2026-09-18 16:43:00
DEV249,18.469315,73.76131,2026-09-18 16:43:00
DEV169,18.521221,73.804381,2026-09-18 16:43:00
DEV618,18.472012,73.893218,2026-09-18 16:43:00
DEV079,18.492092,73.87271,2026-09-18 16:43:00
DEV530,18.631174,73.78917,2026-09-18 16:43:00
DEV521,18.552685,73.837396,2026-09-18 16:43:00
DEV469,18.534014,73.893526,2026-09-18 16:43:00
DEV232,18.485082,73.914253,2026-09-18 16:43:00
DEV261,18.560698,73.899949,2026-09-18 16:43:00
DEV585,18.453786,73.889879,2026-09-18 16:44:00
DEV421,18.501354,73.867808,2026-09-18 16:44:00
DEV804,18.536489,73.885513,2026-09-18 16:44:00
DEV366,18.583397,73.771041,2026-09-18 16:44:00
DEV534,18.60662,73.848059,2026-09-18 16:44:00
DEV721,18.509883,73.897803,2026-09-18 16:44:00
DEV410,18.626884,73.949475,2026-09-18 16:44:00
DEV274,18.530083,73.766052,2026-09-18 16:44:00
DEV095,18.501175,73.912471,2026-09-18 16:44:00
DEV022,18.540141,73.914775,2026-09-18 16:45:00
DEV917,18.612859,73.88466,2026-09-18 16:45:00
DEV043,18.538813,73.853198,2026-09-18 16:45:00
DEV303,18.628801,73.803735,2026-09-18 16:45:00
DEV464,18.473804,73.915865,2026-09-18 16:45:00
DEV913,18.505026,73.882013,2026-09-18 16:45:00
DEV201,18.595553,73.891961,2026-09-18 16:45:00
DEV838,18.645217,73.869473,2026-09-18 16:45:00
DEV230,18.496724,73.890394,2026-09-18 16:46:00
DEV114,18.579564,73.78635,2026-09-18 16:46:00
DEV921,18.63618,73.841835,2026-09-18 16:46:00
DEV267,18.559481,73.797902,2026-09-18 16:46:00
DEV936,18.563416,73.918449,2026-09-18 16:46:00
DEV422,18.565256,73.806283,2026-09-18 16:46:00
DEV484,18.532536,73.947809,2026-09-18 16:47:00
DEV630,18.573826,73.790316,2026-09-18 16:47:00
DEV373,18.556095,73.932322,2026-09-18 16:47:00
DEV720,18.453518,73.928497,2026-09-18 16:47:00
DEV615,18.479063,73.937476,2026-09-18 16:47:00
DEV806,18.453458,73.845321,2026-09-18 16:47:00
DEV005,18.593,73.8065,2026-09-18 16:47:00
DEV468,18.573186,73.789005,2026-09-18 16:47:00
DEV295,18.59866,73.945036,2026-09-18 16:47:00
DEV587,18.644033,73.925762,2026-09-18 16:47:00
DEV746,18.480166,73.836079,2026-09-18 16:47:00
DEV261,18.522502,73.816233,2026-09-18 16:47:00
DEV885,18.636829,73.849777,2026-09-18 16:48:00
DEV594,18.451765,73.808709,2026-09-18 16:48:00
DEV014,18.55535,73.908335,2026-09-18 16:48:00
DEV554,18.541768,73.846572,2026-09-18 16:48:00
DEV265,18.613681,73.862269,2026-09-18 16:48:00
DEV953,18.647837,73.827309,2026-09-18 16:48:00
DEV100,18.576494,73.883384,2026-09-18 16:48:00
DEV339,18.643642,73.756874,2026-09-18 16:48:00
DEV396,18.493155,73.806112,2026-09-18 16:48:00
DEV594,18.529865,73.803575,2026-09-18 16:48:00
DEV117,18.574463,73.760631,2026-09-18 16:48:00
DEV212,18.538925,73.870191,2026-09-18 16:49:00
DEV070,18.452875,73.79416,2026-09-18 16:49:00
DEV203,18.537593,73.758175,2026-09-18 16:49:00
DEV455,18.616678,73.843935,2026-09-18 16:49:00
DEV237,18.581236,73.887646,2026-09-18 16:49:00
DEV477,18.547858,73.803486,2026-09-18 16:49:00
DEV160,18.520428,73.783751,2026-09-18 16:49:00
DEV620,18.609431,73.869568,2026-09-18 16:49:00
DEV292,18.578549,73.810966,2026-09-18 16:50:00
DEV226,18.580844,73.868267,2026-09-18 16:50:00
DEV184,18.475672,73.921296,2026-09-18 16:50:00
DEV369,18.61496,73.908635,2026-09-18 16:50:00
DEV722,18.604785,73.752537,2026-09-18 16:50:00
DEV290,18.462619,73.807943,2026-09-18 16:50:00
DEV889,18.450226,73.873456,2026-09-18 16:51:00
DEV153,18.513592,73.836057,2026-09-18 16:51:00
DEV792,18.600323,73.912216,2026-09-18 16:51:00
DEV548,18.569526,73.81492,2026-09-18 16:51:00
DEV319,18.509342,73.868855,2026-09-18 16:51:00
DEV008,18.625566,73.846662,2026-09-18 16:51:00
DEV440,18.511071,73.797637,2026-09-18 16:51:00
DEV078,18.634719,73.76032,2026-09-18 16:52:00
DEV408,18.566471,73.758945,2026-09-18 16:52:00
DEV242,18.574215,73.889716,2026-09-18 16:52:00
DEV954,18.456303,73.790814,2026-09-18 16:52:00
DEV264,18.481285,73.758616,2026-09-18 16:52:00
DEV320,18.56832,73.92277,2026-09-18 16:52:00
DEV387,18.599681,73.76777,2026-09-18 16:52:00
DEV599,18.508563,73.874142,2026-09-18 16:53:00
DEV287,18.534366,73.811934,2026-09-18 16:53:00
DEV438,18.610103,73.833228,2026-09-18 16:53:00
DEV931,18.523811,73.850764,2026-09-18 16:53:00
DEV340,18.604804,73.846781,2026-09-18 16:53:00
DEV277,18.593847,73.761928,2026-09-18 16:53:00
DEV390,18.503505,73.882743,2026-09-18 16:53:00
DEV247,18.517483,73.782724,2026-09-18 16:53:00
DEV651,18.645689,73.814774,2026-09-18 16:53:00
DEV209,18.560637,73.898739,2026-09-18 16:53:00
DEV405,18.507032,73.847233,2026-09-18 16:53:00
DEV613,18.455435,73.891785,2026-09-18 16:54:00
DEV048,18.636481,73.946735,2026-09-18 16:54:00
DEV021,18.516515,73.757794,2026-09-18 16:54:00
DEV406,18.487785,73.785578,2026-09-18 16:54:00
DEV093,18.614228,73.756325,2026-09-18 16:54:00
DEV528,18.613324,73.913324,2026-09-18 16:54:00
DEV678,18.518405,73.925726,2026-09-18 16:54:00
DEV496,18.566854,73.921164,2026-09-18 16:55:00
DEV514,18.530426,73.899179,2026-09-18 16:55:00
DEV483,18.517799,73.760996,2026-09-18 16:55:00
DEV176,18.574277,73.912268,2026-09-18 16:55:00
DEV856,18.569326,73.923357,2026-09-18 16:55:00
DEV573,18.551429,73.945703,2026-09-18 16:55:00
DEV482,18.514025,73.781178,2026-09-18 16:55:00
DEV223,18.589178,73.794582,2026-09-18 16:55:00
DEV026,18.556981,73.914258,2026-09-18 16:56:00
DEV898,18.511113,73.903921,2026-09-18 16:56:00
DEV157,18.558172,73.804544,2026-09-18 16:56:00
DEV130,18.496064,73.861174,2026-09-18 16:56:00
DEV450,18.561695,73.879356,2026-09-18 16:56:00
DEV032,18.456272,73.816623,2026-09-18 16:56:00
DEV154,18.499237,73.912038,2026-09-18 16:56:00
DEV012,18.510546,73.847212,2026-09-18 16:56:00
DEV875,18.536163,73.883913,2026-09-18 16:56:00
DEV924,18.621314,73.895187,2026-09-18 16:57:00
DEV143,18.605379,73.924719,2026-09-18 16:57:00
DEV505,18.502135,73.913983,2026-09-18 16:57:00
DEV445,18.541741,73.761109,2026-09-18 16:57:00
DEV529,18.481002,73.84215,2026-09-18 16:57:00
DEV225,18.483884,73.782817,2026-09-18 16:57:00
DEV453,18.494874,73.930456,2026-09-18 16:57:00
DEV188,18.621367,73.932414,2026-09-18 16:57:00
DEV932,18.495347,73.930642,2026-09-18 16:58:00
DEV670,18.535768,73.770129,2026-09-18 16:58:00
DEV421,18.612624,73.754054,2026-09-18 16:58:00
DEV401,18.578621,73.824273,2026-09-18 16:58:00
DEV088,18.579152,73.798182,2026-09-18 16:58:00
DEV057,18.461093,73.940511,2026-09-18 16:58:00
DEV651,18.472141,73.943705,2026-09-18 16:59:00
DEV203,18.458902,73.780004,2026-09-18 16:59:00
DEV692,18.463702,73.797543,2026-09-18 16:59:00
DEV550,18.557578,73.759447,2026-09-18 16:59:00
DEV932,18.545908,73.929064,2026-09-18 16:59:00
DEV942,18.525641,73.802955,2026-09-18 16:59:00
DEV262,18.602514,73.842004,2026-09-18 16:59:00
DEV134,18.562185,73.843894,2026-09-18 16:59:00
DEV550,18.603593,73.791282,2026-09-18 16:59:00
DEV201,18.491492,73.80948,2026-09-18 16:59:00
DEV785,18.533931,73.91912,2026-09-18 16:59:00
DEV088,18.495116,73.812438,2026-09-18 16:59:00
DEV988,18.452519,73.931986,2026-09-18 17:00:00
DEV253,18.506359,73.783683,2026-09-18 17:00:00
DEV783,18.609998,73.938075,2026-09-18 17:00:00
DEV073,18.567662,73.905472,2026-09-18 17:00:00
DEV439,18.637778,73.839739,2026-09-18 17:00:00
DEV794,18.53747,73.817863,2026-09-18 17:00:00
DEV728,18.55784,73.880629,2026-09-18 17:00:00
DEV833,18.464716,73.849926,2026-09-18 17:00:00
DEV940,18.609043,73.796986,2026-09-18 17:00:00
DEV920,18.472259,73.931828,2026-09-18 17:00:00
DEV851,18.508478,73.787891,2026-09-18 17:00:00
DEV580,18.564411,73.834414,2026-09-18 17:00:00
DEV812,18.585493,73.791214,2026-09-18 17:00:00
DEV997,18.469669,73.819743,2026-09-18 17:00:00
DEV101,18.466533,73.821725,2026-09-18 17:00:00
DEV690,18.614428,73.907229,2026-09-18 17:01:00
DEV517,18.601016,73.827097,2026-09-18 17:01:00
DEV074,18.564908,73.811821,2026-09-18 17:01:00
DEV146,18.617432,73.795329,2026-09-18 17:01:00
DEV172,18.462848,73.876774,2026-09-18 17:01:00
DEV921,18.49025,73.91585,2026-09-18 17:01:00
DEV736,18.530064,73.773522,2026-09-18 17:01:00
DEV296,18.521893,73.934229,2026-09-18 17:01:00
DEV283,18.582313,73.765948,2026-09-18 17:01:00
DEV932,18.467913,73.790288,2026-09-18 17:01:00
DEV408,18.502081,73.878026,2026-09-18 17:01:00
DEV233,18.605876,73.898502,2026-09-18 17:01:00
DEV148,18.551827,73.796253,2026-09-18 17:01:00
DEV041,18.508096,73.933708,2026-09-18 17:01:00
DEV310,18.569977,73.79131,2026-09-18 17:01:00
DEV392,18.643686,73.877762,2026-09-18 17:02:00
DEV783,18.4928,73.886868,2026-09-18 17:02:00
DEV043,18.547143,73.844313,2026-09-18 17:03:00
DEV586,18.598561,73.76203,2026-09-18 17:03:00
DEV160,18.610601,73.94124,2026-09-18 17:03:00
DEV593,18.524033,73.868999,2026-09-18 17:03:00
DEV877,18.648919,73.758904,2026-09-18 17:03:00
DEV039,18.469019,73.899411,2026-09-18 17:03:00
DEV986,18.540884,73.94565,2026-09-18 17:03:00
DEV953,18.608836,73.821061,2026-09-18 17:03:00
DEV557,18.589128,73.861628,2026-09-18 17:03:00
DEV346,18.504228,73.848565,2026-09-18 17:03:00
DEV236,18.649404,73.805647,2026-09-18 17:04:00
DEV771,18.524751,73.81909,2026-09-18 17:04:00
DEV827,18.622709,73.803037,2026-09-18 17:04:00
DEV042,18.590391,73.815058,2026-09-18 17:04:00
DEV810,18.620124,73.826617,2026-09-18 17:04:00
DEV955,18.586292,73.866433,2026-09-18 17:04:00
DEV762,18.645535,73.786263,2026-09-18 17:04:00
DEV245,18.551455,73.805008,2026-09-18 17:04:00
DEV777,18.521658,73.800146,2026-09-18 17:04:00
DEV611,18.548927,73.888965,2026-09-18 17:04:00
DEV683,18.619287,73.908901,2026-09-18 17:04:00
DEV806,18.591859,73.925378,2026-09-18 17:04:00
DEV718,18.463422,73.912223,2026-09-18 17:04:00
DEV468,18.576275,73.912311,2026-09-18 17:05:00
DEV006,18.490003,73.758218,2026-09-18 17:05:00
DEV853,18.456775,73.932964,2026-09-18 17:05:00
DEV586,18.546196,73.879252,2026-09-18 17:05:00
DEV269,18.521387,73.812388,2026-09-18 17:05:00
DEV118,18.572689,73.927323,2026-09-18 17:05:00
DEV435,18.593836,73.929387,2026-09-18 17:05:00
DEV939,18.622593,73.926106,2026-09-18 17:05:00
DEV202,18.611141,73.943325,2026-09-18 17:05:00
DEV135,18.641583,73.802273,2026-09-18 17:05:00
DEV926,18.58621,73.802757,2026-09-18 17:05:00
DEV598,18.506479,73.806321,2026-09-18 17:05:00
DEV800,18.456076,73.817386,2026-09-18 17:05:00
DEV107,18.491965,73.887508,2026-09-18 17:06:00
DEV147,18.475369,73.863564,2026-09-18 17:06:00
DEV115,18.641817,73.848805,2026-09-18 17:06:00
DEV138,18.613904,73.882149,2026-09-18 17:06:00
DEV896,18.503112,73.76227,2026-09-18 17:06:00
DEV498,18.47102,73.848797,2026-09-18 17:06:00
DEV693,18.574629,73.918772,2026-09-18 17:06:00
DEV429,18.535038,73.829713,2026-09-18 17:06:00
DEV527,18.643264,73.856016,2026-09-18 17:06:00
DEV925,18.641955,73.929365,2026-09-18 17:06:00
DEV452,18.583254,73.876456,2026-09-18 17:06:00
DEV980,18.532695,73.884671,2026-09-18 17:07:00
DEV566,18.48283,73.774406,2026-09-18 17:07:00
DEV205,18.512289,73.945363,2026-09-18 17:07:00
DEV234,18.585091,73.901882,2026-09-18 17:07:00
DEV962,18.484822,73.926637,2026-09-18 17:07:00
DEV266,18.531209,73.816894,2026-09-18 17:07:00
DEV340,18.575494,73.862091,2026-09-18 17:07:00
DEV084,18.465732,73.880036,2026-09-18 17:08:00
DEV401,18.457723,73.896672,2026-09-18 17:08:00
DEV159,18.529096,73.762832,2026-09-18 17:08:00
DEV938,18.621289,73.943409,2026-09-18 17:08:00
DEV976,18.602662,73.756232,2026-09-18 17:08:00
DEV216,18.501325,73.831986,2026-09-18 17:08:00
DEV685,18.50293,73.842915,2026-09-18 17:08:00
DEV059,18.579691,73.853044,2026-09-18 17:09:00
DEV053,18.621768,73.8672,2026-09-18 17:09:00
DEV727,18.575354,73.842517,2026-09-18 17:09:00
DEV912,18.609655,73.753215,2026-09-18 17:09:00
DEV270,18.645386,73.921352,2026-09-18 17:09:00
DEV194,18.607309,73.750067,2026-09-18 17:09:00
DEV509,18.504,73.786469,2026-09-18 17:09:00
DEV546,18.59064,73.890304,2026-09-18 17:09:00
DEV720,18.540347,73.932415,2026-09-18 17:09:00
DEV930,18.585574,73.852345,2026-09-18 17:10:00
DEV184,18.617404,73.817126,2026-09-18 17:10:00
DEV443,18.582067,73.92362,2026-09-18 17:10:00
DEV613,18.627568,73.86332,2026-09-18 17:10:00
DEV606,18.46138,73.823069,2026-09-18 17:10:00
DEV913,18.549418,73.81626,2026-09-18 17:10:00
DEV900,18.576806,73.882816,2026-09-18 17:10:00
DEV171,18.452102,73.863706,2026-09-18 17:10:00
DEV989,18.634232,73.859509,2026-09-18 17:10:00
DEV912,18.631933,73.877177,2026-09-18 17:11:00
DEV489,18.489257,73.844844,2026-09-18 17:11:00
DEV840,18.617278,73.930709,2026-09-18 17:11:00
DEV846,18.628149,73.921252,2026-09-18 17:11:00
DEV871,18.572315,73.903246,2026-09-18 17:11:00
DEV423,18.642041,73.791168,2026-09-18 17:11:00
DEV360,18.630875,73.850013,2026-09-18 17:11:00
DEV764,18.632054,73.817547,2026-09-18 17:11:00
DEV880,18.623938,73.782727,2026-09-18 17:12:00
DEV201,18.594397,73.783704,2026-09-18 17:12:00
DEV959,18.599655,73.915881,2026-09-18 17:12:00
DEV809,18.583472,73.940367,2026-09-18 17:12:00
DEV670,18.488046,73.869177,2026-09-18 17:12:00
DEV607,18.496437,73.776328,2026-09-18 17:12:00
DEV746,18.618397,73.924367,2026-09-18 17:12:00
DEV007,18.480883,73.931529,2026-09-18 17:12:00
DEV250,18.53327,73.930076,2026-09-18 17:12:00
DEV558,18.594225,73.782084,2026-09-18 17:12:00
DEV666,18.457579,73.814218,2026-09-18 17:12:00
DEV658,18.594922,73.857191,2026-09-18 17:13:00
DEV378,18.634929,73.889078,2026-09-18 17:13:00
DEV956,18.457326,73.835209,2026-09-18 17:13:00
DEV181,18.644497,73.934304,2026-09-18 17:13:00
DEV816,18.529224,73.83393,2026-09-18 17:13:00
DEV327,18.470415,73.929427,2026-09-18 17:13:00
DEV542,18.602379,73.792703,2026-09-18 17:13:00
DEV118,18.633504,73.891947,2026-09-18 17:13:00
DEV044,18.479392,73.750366,2026-09-18 17:14:00
DEV746,18.554917,73.949195,2026-09-18 17:14:00
DEV750,18.619896,73.806509,2026-09-18 17:14:00
DEV027,18.570579,73.935767,2026-09-18 17:14:00
DEV649,18.465334,73.940895,2026-09-18 17:14:00
DEV508,18.605174,73.836796,2026-09-18 17:14:00
DEV069,18.619158,73.943326,2026-09-18 17:14:00
DEV571,18.609793,73.892097,2026-09-18 17:14:00
DEV166,18.57167,73.939441,2026-09-18 17:14:00
DEV438,18.595317,73.834465,2026-09-18 17:14:00
DEV734,18.45385,73.803081,2026-09-18 17:15:00
DEV705,18.605066,73.884834,2026-09-18 17:15:00
DEV681,18.508528,73.842395,2026-09-18 17:15:00
DEV749,18.465126,73.762156,2026-09-18 17:15:00
DEV921,18.535288,73.890774,2026-09-18 17:15:00
DEV242,18.46504,73.856231,2026-09-18 17:15:00
DEV564,18.591391,73.824704,2026-09-18 17:16:00
DEV907,18.456114,73.805717,2026-09-18 17:16:00
DEV601,18.487386,73.805436,2026-09-18 17:16:00
DEV574,18.518741,73.768678,2026-09-18 17:16:00
DEV867,18.648955,73.858123,2026-09-18 17:16:00
DEV509,18.555305,73.910067,2026-09-18 17:16:00
DEV060,18.489286,73.90914,2026-09-18 17:17:00
DEV939,18.452654,73.876186,2026-09-18 17:17:00
DEV831,18.637752,73.860647,2026-09-18 17:17:00
DEV779,18.496263,73.913139,2026-09-18 17:17:00
DEV567,18.546908,73.89212,2026-09-18 17:17:00
DEV292,18.570396,73.783439,2026-09-18 17:17:00
DEV582,18.4616,73.765853,2026-09-18 17:17:00
DEV800,18.558708,73.794489,2026-09-18 17:17:00
DEV377,18.491656,73.799241,2026-09-18 17:17:00
DEV604,18.467029,73.891507,2026-09-18 17:17:00
DEV588,18.518131,73.806163,2026-09-18 17:17:00
DEV270,18.508508,73.799097,2026-09-18 17:17:00
DEV757,18.520327,73.944748,2026-09-18 17:18:00
DEV919,18.61658,73.823972,2026-09-18 17:18:00
DEV685,18.56223,73.896222,2026-09-18 17:18:00
DEV674,18.527903,73.926752,2026-09-18 17:18:00
DEV153,18.550579,73.752712,2026-09-18 17:18:00
DEV019,18.506187,73.76514,2026-09-18 17:18:00
DEV962,18.572182,73.883253,2026-09-18 17:18:00
DEV366,18.546022,73.889723,2026-09-18 17:18:00
DEV785,18.645821,73.90239,2026-09-18 17:18:00
DEV609,18.528388,73.843636,2026-09-18 17:18:00
DEV232,18.534927,73.775522,2026-09-18 17:18:00
DEV117,18.626074,73.918472,2026-09-18 17:18:00
DEV889,18.543821,73.797029,2026-09-18 17:18:00
DEV491,18.475332,73.819141,2026-09-18 17:19:00
DEV736,18.629644,73.931853,2026-09-18 17:19:00
DEV165,18.477048,73.797383,2026-09-18 17:19:00
DEV687,18.489606,73.908885,2026-09-18 17:19:00
DEV524,18.504559,73.848186,2026-09-18 17:19:00
DEV879,18.519556,73.896881,2026-09-18 17:19:00
DEV058,18.52318,73.82667,2026-09-18 17:19:00
DEV206,18.638993,73.905096,2026-09-18 17:19:00
DEV242,18.531321,73.830903,2026-09-18 17:19:00
DEV464,18.573274,73.879669,2026-09-18 17:19:00
DEV661,18.583718,73.843488,2026-09-18 17:19:00
DEV902,18.60173,73.908558,2026-09-18 17:19:00
DEV028,18.639073,73.86835,2026-09-18 17:20:00
DEV251,18.546602,73.864523,2026-09-18 17:20:00
DEV743,18.518219,73.801221,2026-09-18 17:20:00
DEV995,18.621867,73.85958,2026-09-18 17:20:00
DEV377,18.583327,73.883824,2026-09-18 17:20:00
DEV743,18.573735,73.875806,2026-09-18 17:20:00
DEV793,18.641822,73.816912,2026-09-18 17:20:00
DEV856,18.599519,73.924954,2026-09-18 17:20:00
DEV772,18.571643,73.883743,2026-09-18 17:20:00
DEV980,18.598544,73.94131,2026-09-18 17:20:00
DEV913,18.517194,73.870473,2026-09-18 17:21:00
DEV539,18.60817,73.839362,2026-09-18 17:21:00
DEV360,18.586529,73.797587,2026-09-18 17:21:00
DEV762,18.632521,73.814965,2026-09-18 17:21:00
DEV248,18.63068,73.803159,2026-09-18 17:21:00
DEV914,18.571539,73.874956,2026-09-18 17:21:00
DEV067,18.588034,73.841367,2026-09-18 17:21:00
DEV852,18.596488,73.809154,2026-09-18 17:21:00
DEV098,18.563148,73.850978,2026-09-18 17:21:00
DEV321,18.622051,73.771853,2026-09-18 17:21:00
DEV971,18.634617,73.759655,2026-09-18 17:22:00
DEV648,18.598659,73.808628,2026-09-18 17:22:00
DEV099,18.465931,73.877628,2026-09-18 17:22:00
DEV958,18.626759,73.945888,2026-09-18 17:22:00
DEV675,18.460408,73.852084,2026-09-18 17:22:00
DEV002,18.505636,73.874728,2026-09-18 17:22:00
DEV904,18.55489,73.858781,2026-09-18 17:22:00
DEV012,18.631219,73.816152,2026-09-18 17:22:00
DEV453,18.616596,73.83162,2026-09-18 17:22:00
DEV817,18.580926,73.916584,2026-09-18 17:22:00
DEV734,18.484792,73.896569,2026-09-18 17:23:00
DEV502,18.543228,73.859491,2026-09-18 17:23:00
DEV792,18.467126,73.905464,2026-09-18 17:23:00
DEV231,18.455825,73.947491,2026-09-18 17:23:00
DEV441,18.465786,73.801101,2026-09-18 17:23:00
DEV294,18.512715,73.797337,2026-09-18 17:24:00
DEV277,18.548706,73.942581,2026-09-18 17:24:00
DEV302,18.559898,73.947711,2026-09-18 17:24:00
DEV266,18.557401,73.794679,2026-09-18 17:24:00
DEV268,18.618636,73.916267,2026-09-18 17:24:00
DEV856,18.493353,73.86136,2026-09-18 17:24:00
DEV739,18.626945,73.813222,2026-09-18 17:25:00
DEV380,18.534431,73.876622,2026-09-18 17:25:00
DEV089,18.509536,73.896247,2026-09-18 17:25:00
DEV779,18.54396,73.862333,2026-09-18 17:25:00
DEV518,18.520021,73.874319,2026-09-18 17:25:00
DEV023,18.585994,73.780393,2026-09-18 17:25:00
DEV699,18.577417,73.946363,2026-09-18 17:25:00
DEV905,18.553401,73.766878,2026-09-18 17:25:00
DEV460,18.580658,73.880274,2026-09-18 17:25:00
DEV341,18.520504,73.903532,2026-09-18 17:25:00
DEV909,18.517018,73.772991,2026-09-18 17:25:00
DEV199,18.592226,73.800672,2026-09-18 17:25:00
DEV702,18.584457,73.922281,2026-09-18 17:26:00
DEV368,18.598844,73.921593,2026-09-18 17:26:00
DEV246,18.51323,73.911453,2026-09-18 17:26:00
DEV194,18.627542,73.921183,2026-09-18 17:26:00
DEV653,18.622669,73.941296,2026-09-18 17:26:00
DEV330,18.564745,73.794844,2026-09-18 17:26:00
DEV326,18.538502,73.867438,2026-09-18 17:26:00
DEV228,18.614044,73.915552,2026-09-18 17:26:00
DEV304,18.470883,73.816089,2026-09-18 17:26:00
DEV453,18.606052,73.92478,2026-09-18 17:27:00
DEV161,18.64981,73.84127,2026-09-18 17:27:00
DEV723,18.535224,73.82276,2026-09-18 17:27:00
DEV191,18.565027,73.78801,2026-09-18 17:27:00
DEV391,18.649233,73.807168,2026-09-18 17:27:00
DEV856,18.517965,73.93195,2026-09-18 17:27:00
DEV504,18.570784,73.913996,2026-09-18 17:28:00
DEV494,18.509765,73.911877,2026-09-18 17:28:00
DEV899,18.533949,73.793599,2026-09-18 17:28:00
DEV482,18.59654,73.910188,2026-09-18 17:28:00
DEV086,18.514308,73.757733,2026-09-18 17:29:00
DEV836,18.493094,73.759448,2026-09-18 17:29:00
DEV250,18.487957,73.775642,2026-09-18 17:29:00
DEV675,18.56515,73.815449,2026-09-18 17:29:00
DEV815,18.620891,73.901322,2026-09-18 17:29:00
DEV849,18.580913,73.903235,2026-09-18 17:29:00
DEV594,18.512207,73.800195,2026-09-18 17:29:00
DEV277,18.46367,73.891761,2026-09-18 17:29:00
DEV796,18.637528,73.817414,2026-09-18 17:29:00
DEV132,18.580523,73.756206,2026-09-18 17:29:00
DEV083,18.577729,73.897537,2026-09-18 17:30:00
DEV625,18.538467,73.82471,2026-09-18 17:30:00
DEV882,18.557755,73.753116,2026-09-18 17:30:00
DEV363,18.554,73.905928,2026-09-18 17:30:00
DEV803,18.590881,73.795687,2026-09-18 17:30:00
DEV685,18.510319,73.91005,2026-09-18 17:30:00
DEV131,18.526427,73.935274,2026-09-18 17:30:00
DEV614,18.460528,73.753603,2026-09-18 17:30:00
DEV488,18.608033,73.823583,2026-09-18 17:31:00
DEV015,18.538713,73.940549,2026-09-18 17:31:00
DEV672,18.511545,73.898217,2026-09-18 17:31:00
DEV556,18.480621,73.818724,2026-09-18 17:31:00
DEV638,18.64385,73.901993,2026-09-18 17:31:00
DEV778,18.551737,73.879511,2026-09-18 17:31:00
DEV687,18.523864,73.939611,2026-09-18 17:32:00
DEV538,18.451962,73.920844,2026-09-18 17:32:00
DEV324,18.542945,73.872504,2026-09-18 17:32:00
DEV219,18.612551,73.890548,2026-09-18 17:32:00
DEV261,18.550067,73.766067,2026-09-18 17:32:00
DEV045,18.545954,73.947761,2026-09-18 17:32:00
DEV266,18.471637,73.795579,2026-09-18 17:32:00
DEV657,18.548472,73.831364,2026-09-18 17:32:00
DEV802,18.548482,73.815167,2026-09-18 17:32:00
DEV155,18.502257,73.805001,2026-09-18 17:33:00
DEV727,18.453332,73.859061,2026-09-18 17:33:00
DEV199,18.513349,73.865539,2026-09-18 17:33:00
DEV858,18.487409,73.815984,2026-09-18 17:33:00
DEV759,18.527525,73.929776,2026-09-18 17:33:00
DEV623,18.56258,73.881352,2026-09-18 17:33:00
DEV062,18.464629,73.912134,2026-09-18 17:33:00
DEV115,18.612436,73.874094,2026-09-18 17:34:00
DEV744,18.61105,73.803279,2026-09-18 17:34:00
DEV140,18.60929,73.9037,2026-09-18 17:34:00
DEV194,18.487585,73.765353,2026-09-18 17:34:00
DEV648,18.643763,73.893342,2026-09-18 17:34:00
DEV196,18.552881,73.798328,2026-09-18 17:35:00
DEV781,18.453674,73.900304,2026-09-18 17:35:00
DEV316,18.526315,73.946509,2026-09-18 17:35:00
DEV517,18.461985,73.886047,2026-09-18 17:35:00
DEV887,18.573145,73.762614,2026-09-18 17:35:00
DEV957,18.590676,73.938893,2026-09-18 17:35:00
DEV532,18.507564,73.842387,2026-09-18 17:35:00
DEV338,18.468834,73.818533,2026-09-18 17:36:00
DEV137,18.629449,73.835347,2026-09-18 17:36:00
DEV930,18.615273,73.828809,2026-09-18 17:36:00
DEV827,18.593762,73.89421,2026-09-18 17:36:00
DEV756,18.575236,73.903833,2026-09-18 17:36:00
DEV726,18.485639,73.81729,2026-09-18 17:36:00
DEV222,18.495058,73.755807,2026-09-18 17:36:00
DEV908,18.453706,73.929856,2026-09-18 17:37:00
DEV003,18.51132,73.813885,2026-09-18 17:37:00
DEV526,18.457997,73.868404,2026-09-18 17:37:00
DEV133,18.564267,73.912613,2026-09-18 17:37:00
DEV645,18.609953,73.917478,2026-09-18 17:37:00
DEV407,18.451428,73.809031,2026-09-18 17:37:00
DEV912,18.608273,73.932175,2026-09-18 17:37:00
DEV732,18.611095,73.866303,2026-09-18 17:37:00
DEV558,18.468848,73.911748,2026-09-18 17:37:00
DEV089,18.594797,73.825747,2026-09-18 17:37:00
DEV122,18.470906,73.768155,2026-09-18 17:37:00
DEV375,18.64439,73.920386,2026-09-18 17:38:00
DEV953,18.610484,73.770706,2026-09-18 17:38:00
DEV797,18.533896,73.877791,2026-09-18 17:38:00
DEV935,18.577053,73.890858,2026-09-18 17:38:00
DEV022,18.588676,73.777861,2026-09-18 17:38:00
DEV322,18.591588,73.812047,2026-09-18 17:38:00
DEV081,18.534351,73.841492,2026-09-18 17:38:00
DEV993,18.498062,73.887976,2026-09-18 17:38:00
DEV165,18.505224,73.853094,2026-09-18 17:38:00
DEV243,18.632316,73.859671,2026-09-18 17:39:00
DEV198,18.530343,73.869267,2026-09-18 17:39:00
DEV425,18.581866,73.876087,2026-09-18 17:39:00
DEV008,18.478684,73.778199,2026-09-18 17:39:00
DEV495,18.603014,73.864947,2026-09-18 17:39:00
DEV360,18.584173,73.819277,2026-09-18 17:39:00
DEV159,18.51114,73.800964,2026-09-18 17:39:00
DEV019,18.474991,73.76505,2026-09-18 17:39:00
DEV078,18.627749,73.752623,2026-09-18 17:39:00
DEV268,18.545799,73.899934,2026-09-18 17:39:00
DEV273,18.462022,73.785899,2026-09-18 17:39:00
DEV616,18.608539,73.843654,2026-09-18 17:39:00
DEV066,18.588776,73.75148,2026-09-18 17:39:00
DEV053,18.649655,73.912638,2026-09-18 17:39:00
DEV123,18.548552,73.867884,2026-09-18 17:39:00
DEV596,18.614156,73.763061,2026-09-18 17:39:00
DEV484,18.590598,73.901407,2026-09-18 17:40:00
DEV785,18.589246,73.948833,2026-09-18 17:40:00
DEV792,18.578464,73.767006,2026-09-18 17:40:00
DEV024,18.602449,73.89676,2026-09-18 17:40:00
DEV519,18.478099,73.768967,2026-09-18 17:40:00
DEV013,18.628263,73.880097,2026-09-18 17:40:00
DEV790,18.637582,73.761598,2026-09-18 17:40:00
DEV296,18.493581,73.852367,2026-09-18 17:40:00
DEV042,18.499542,73.853709,2026-09-18 17:40:00
DEV013,18.569858,73.795785,2026-09-18 17:40:00
DEV953,18.595212,73.943088,2026-09-18 17:40:00
DEV390,18.632355,73.853476,2026-09-18 17:40:00
DEV217,18.475994,73.945076,2026-09-18 17:40:00
DEV982,18.484212,73.83237,2026-09-18 17:40:00
DEV330,18.557074,73.848302,2026-09-18 17:40:00
DEV477,18.578968,73.752966,2026-09-18 17:40:00
DEV216,18.554349,73.750085,2026-09-18 17:40:00
DEV414,18.541657,73.87601,2026-09-18 17:41:00
DEV595,18.530652,73.806713,2026-09-18 17:41:00
DEV055,18.604046,73.886971,2026-09-18 17:41:00
DEV191,18.568413,73.894094,2026-09-18 17:41:00
DEV478,18.577691,73.948897,2026-09-18 17:41:00
DEV893,18.453663,73.7538,2026-09-18 17:41:00
DEV435,18.500488,73.791601,2026-09-18 17:41:00
DEV596,18.528354,73.759962,2026-09-18 17:41:00
DEV988,18.539646,73.886417,2026-09-18 17:41:00
DEV048,18.601961,73.934103,2026-09-18 17:42:00
DEV540,18.521629,73.852333,2026-09-18 17:42:00
DEV857,18.545093,73.815301,2026-09-18 17:42:00
DEV745,18.636296,73.826076,2026-09-18 17:42:00
DEV661,18.502735,73.76694,2026-09-18 17:42:00
DEV387,18.487054,73.775142,2026-09-18 17:42:00
DEV216,18.597521,73.860439,2026-09-18 17:42:00
DEV463,18.501336,73.760341,2026-09-18 17:42:00
DEV874,18.560248,73.907163,2026-09-18 17:42:00
DEV514,18.628361,73.821768,2026-09-18 17:43:00
DEV420,18.461255,73.868027,2026-09-18 17:43:00
DEV727,18.549446,73.937134,2026-09-18 17:43:00
DEV709,18.474738,73.894876,2026-09-18 17:43:00
DEV619,18.480812,73.924108,2026-09-18 17:44:00
DEV460,18.538968,73.798484,2026-09-18 17:44:00
DEV025,18.601338,73.759061,2026-09-18 17:44:00
DEV044,18.541025,73.754489,2026-09-18 17:44:00
DEV343,18.457882,73.892093,2026-09-18 17:44:00
DEV796,18.636716,73.755885,2026-09-18 17:44:00
DEV120,18.585475,73.906892,2026-09-18 17:44:00
DEV355,18.649441,73.874486,2026-09-18 17:44:00
DEV681,18.474947,73.935209,2026-09-18 17:44:00
DEV463,18.59733,73.868107,2026-09-18 17:44:00
DEV890,18.621834,73.887392,2026-09-18 17:44:00
DEV628,18.502103,73.774135,2026-09-18 17:44:00
DEV387,18.62329,73.797138,2026-09-18 17:44:00
DEV311,18.649445,73.931102,2026-09-18 17:45:00
DEV768,18.571745,73.913472,2026-09-18 17:45:00
DEV950,18.581725,73.85382,2026-09-18 17:45:00
DEV858,18.540006,73.875574,2026-09-18 17:45:00
DEV293,18.537808,73.932237,2026-09-18 17:45:00
DEV923,18.593842,73.827239,2026-09-18 17:45:00
DEV323,18.577674,73.824913,2026-09-18 17:45:00
DEV687,18.630424,73.757953,2026-09-18 17:46:00
DEV634,18.635013,73.817386,2026-09-18 17:46:00
DEV503,18.614109,73.785495,2026-09-18 17:46:00
DEV254,18.502266,73.930082,2026-09-18 17:46:00
DEV617,18.539156,73.948448,2026-09-18 17:46:00
DEV528,18.626624,73.871181,2026-09-18 17:46:00
DEV629,18.521494,73.896135,2026-09-18 17:46:00
DEV776,18.498451,73.871213,2026-09-18 17:46:00
DEV341,18.579027,73.759255,2026-09-18 17:46:00
DEV833,18.616934,73.903297,2026-09-18 17:46:00
DEV081,18.481678,73.905696,2026-09-18 17:46:00
DEV537,18.555154,73.826446,2026-09-18 17:46:00
DEV891,18.61888,73.884278,2026-09-18 17:47:00
DEV929,18.53023,73.922211,2026-09-18 17:47:00
DEV058,18.492035,73.861982,2026-09-18 17:47:00
DEV010,18.585863,73.850646,2026-09-18 17:47:00
DEV485,18.585934,73.947284,2026-09-18 17:47:00
DEV049,18.542451,73.921481,2026-09-18 17:47:00
DEV326,18.638062,73.821353,2026-09-18 17:48:00
DEV726,18.536844,73.922521,2026-09-18 17:48:00
DEV731,18.536332,73.922515,2026-09-18 17:48:00
DEV297,18.491558,73.823872,2026-09-18 17:48:00
DEV051,18.555915,73.828992,2026-09-18 17:48:00
DEV423,18.555979,73.913005,2026-09-18 17:48:00
DEV156,18.46115,73.870143,2026-09-18 17:48:00
DEV219,18.485916,73.941374,2026-09-18 17:48:00
DEV210,18.560973,73.77437,2026-09-18 17:48:00
DEV630,18.505714,73.923177,2026-09-18 17:48:00
DEV336,18.643199,73.904109,2026-09-18 17:48:00
DEV457,18.586661,73.880049,2026-09-18 17:48:00
DEV262,18.605467,73.848658,2026-09-18 17:48:00
DEV718,18.62924,73.782923,2026-09-18 17:48:00
DEV978,18.504457,73.940022,2026-09-18 17:48:00
DEV428,18.622626,73.896762,2026-09-18 17:48:00
DEV889,18.465894,73.948452,2026-09-18 17:49:00
DEV476,18.503246,73.814901,2026-09-18 17:49:00
DEV200,18.501562,73.763154,2026-09-18 17:49:00
DEV311,18.481522,73.781736,2026-09-18 17:49:00
DEV575,18.560712,73.818883,2026-09-18 17:49:00
DEV795,18.483161,73.796139,2026-09-18 17:49:00
DEV495,18.595637,73.913948,2026-09-18 17:49:00
DEV222,18.584188,73.87894,2026-09-18 17:49:00
DEV332,18.454005,73.820638,2026-09-18 17:49:00
DEV561,18.476397,73.913781,2026-09-18 17:49:00
DEV810,18.602297,73.923957,2026-09-18 17:50:00
DEV257,18.571707,73.813593,2026-09-18 17:50:00
DEV990,18.585198,73.920621,2026-09-18 17:50:00
DEV983,18.644559,73.877789,2026-09-18 17:50:00
DEV008,18.564327,73.805361,2026-09-18 17:50:00
DEV283,18.607819,73.787304,2026-09-18 17:50:00
DEV872,18.471957,73.805154,2026-09-18 17:50:00
DEV711,18.523412,73.874733,2026-09-18 17:50:00
DEV120,18.503602,73.850412,2026-09-18 17:50:00
DEV225,18.595261,73.899867,2026-09-18 17:50:00
DEV361,18.475703,73.843727,2026-09-18 17:50:00
DEV769,18.50671,73.796972,2026-09-18 17:50:00
DEV394,18.589207,73.88186,2026-09-18 17:50:00
DEV895,18.566394,73.923708,2026-09-18 17:50:00
DEV828,18.450754,73.839907,2026-09-18 17:51:00
DEV537,18.554732,73.843157,2026-09-18 17:51:00
DEV459,18.508288,73.809085,2026-09-18 17:51:00
DEV145,18.492483,73.843022,2026-09-18 17:51:00
DEV768,18.60181,73.753726,2026-09-18 17:51:00
DEV791,18.541859,73.929747,2026-09-18 17:52:00
DEV572,18.481727,73.919715,2026-09-18 17:52:00
DEV372,18.532142,73.78929,2026-09-18 17:52:00
DEV664,18.585179,73.810082,2026-09-18 17:52:00
DEV419,18.453945,73.775489,2026-09-18 17:52:00
DEV792,18.484968,73.91568,2026-09-18 17:52:00
DEV163,18.512239,73.793301,2026-09-18 17:52:00
DEV530,18.552049,73.838988,2026-09-18 17:52:00
DEV943,18.490698,73.767827,2026-09-18 17:52:00
DEV132,18.513458,73.772817,2026-09-18 17:53:00
DEV791,18.646893,73.771782,2026-09-18 17:53:00
DEV303,18.648379,73.911115,2026-09-18 17:53:00
DEV601,18.546743,73.776001,2026-09-18 17:53:00
DEV175,18.473421,73.783343,2026-09-18 17:53:00
DEV847,18.499501,73.848761,2026-09-18 17:53:00
DEV407,18.640429,73.883802,2026-09-18 17:53:00
DEV544,18.53887,73.924398,2026-09-18 17:53:00
DEV764,18.461344,73.780073,2026-09-18 17:53:00
DEV107,18.552012,73.847319,2026-09-18 17:54:00
DEV012,18.495498,73.835948,2026-09-18 17:54:00
DEV205,18.515549,73.896493,2026-09-18 17:54:00
DEV009,18.475709,73.895758,2026-09-18 17:54:00
DEV483,18.486558,73.763541,2026-09-18 17:54:00
DEV257,18.476231,73.809007,2026-09-18 17:54:00
DEV772,18.589176,73.773619,2026-09-18 17:54:00
DEV331,18.635306,73.855066,2026-09-18 17:54:00
DEV929,18.633415,73.890347,2026-09-18 17:54:00
DEV044,18.621102,73.923998,2026-09-18 17:54:00
DEV459,18.535583,73.851161,2026-09-18 17:54:00
DEV884,18.596999,73.892976,2026-09-18 17:54:00
DEV715,18.523921,73.926151,2026-09-18 17:54:00
DEV201,18.573377,73.872168,2026-09-18 17:54:00
DEV116,18.645309,73.904312,2026-09-18 17:54:00
DEV768,18.470869,73.854246,2026-09-18 17:55:00
DEV714,18.536024,73.814845,2026-09-18 17:55:00
DEV405,18.473601,73.752423,2026-09-18 17:55:00
DEV487,18.559735,73.852745,2026-09-18 17:55:00
DEV761,18.479103,73.786463,2026-09-18 17:55:00
DEV011,18.487911,73.785129,2026-09-18 17:55:00
DEV251,18.540715,73.935814,2026-09-18 17:55:00
DEV388,18.594594,73.768826,2026-09-18 17:55:00
DEV204,18.505817,73.755363,2026-09-18 17:55:00
DEV704,18.595487,73.754916,2026-09-18 17:56:00
DEV273,18.621229,73.838808,2026-09-18 17:56:00
DEV806,18.529359,73.932853,2026-09-18 17:56:00
DEV276,18.600894,73.820215,2026-09-18 17:56:00
DEV457,18.526581,73.759476,2026-09-18 17:56:00
DEV909,18.480853,73.790777,2026-09-18 17:56:00
DEV122,18.473669,73.875032,2026-09-18 17:56:00
DEV437,18.487904,73.871582,2026-09-18 17:57:00
DEV630,18.488407,73.921267,2026-09-18 17:57:00
DEV324,18.616127,73.852543,2026-09-18 17:57:00
DEV391,18.52215,73.859118,2026-09-18 17:57:00
DEV378,18.453529,73.893764,2026-09-18 17:57:00
DEV974,18.606088,73.771942,2026-09-18 17:57:00
DEV331,18.450204,73.764915,2026-09-18 17:57:00
DEV383,18.617157,73.780341,2026-09-18 17:58:00
DEV974,18.616856,73.899866,2026-09-18 17:58:00
DEV494,18.561394,73.760497,2026-09-18 17:58:00
DEV669,18.645788,73.783358,2026-09-18 17:58:00
DEV525,18.510138,73.808147,2026-09-18 17:58:00
DEV429,18.584749,73.859806,2026-09-18 17:58:00
DEV923,18.497512,73.940222,2026-09-18 17:58:00
DEV041,18.560989,73.942792,2026-09-18 17:58:00
DEV123,18.518834,73.820815,2026-09-18 17:58:00
DEV644,18.527231,73.857262,2026-09-18 17:58:00
DEV281,18.46304,73.869717,2026-09-18 17:58:00
DEV189,18.471319,73.793525,2026-09-18 17:59:00
DEV102,18.53294,73.773389,2026-09-18 17:59:00
DEV558,18.466203,73.935135,2026-09-18 17:59:00
DEV014,18.566392,73.752392,2026-09-18 17:59:00
DEV068,18.561915,73.831949,2026-09-18 17:59:00
DEV194,18.565876,73.779983,2026-09-18 18:00:00
DEV768,18.627364,73.808849,2026-09-18 18:00:00
DEV923,18.636662,73.869072,2026-09-18 18:00:00
DEV813,18.555429,73.824884,2026-09-18 18:00:00
DEV325,18.579006,73.792585,2026-09-18 18:01:00
DEV190,18.497343,73.884237,2026-09-18 18:01:00
DEV670,18.629506,73.794517,2026-09-18 18:01:00
DEV956,18.600562,73.866809,2026-09-18 18:01:00
DEV743,18.6362,73.805793,2026-09-18 18:01:00
DEV500,18.643895,73.923752,2026-09-18 18:01:00
DEV178,18.620803,73.891015,2026-09-18 18:01:00
DEV947,18.639787,73.778506,2026-09-18 18:01:00
DEV384,18.59039,73.873386,2026-09-18 18:01:00
DEV314,18.584555,73.829007,2026-09-18 18:02:00
DEV170,18.583994,73.869355,2026-09-18 18:02:00
DEV971,18.639549,73.808337,2026-09-18 18:02:00
DEV611,18.512396,73.896829,2026-09-18 18:02:00
DEV048,18.642293,73.872906,2026-09-18 18:02:00
DEV201,18.458691,73.901911,2026-09-18 18:02:00
DEV183,18.492588,73.913825,2026-09-18 18:02:00
DEV861,18.624375,73.750656,2026-09-18 18:02:00
DEV992,18.523143,73.823851,2026-09-18 18:02:00
DEV083,18.588215,73.898728,2026-09-18 18:02:00
DEV810,18.475223,73.861457,2026-09-18 18:02:00
DEV119,18.593271,73.830551,2026-09-18 18:02:00
DEV828,18.574682,73.82899,2026-09-18 18:02:00
DEV807,18.519084,73.932947,2026-09-18 18:02:00
DEV699,18.459256,73.753871,2026-09-18 18:02:00
DEV622,18.490776,73.881526,2026-09-18 18:03:00
DEV611,18.485205,73.81865,2026-09-18 18:03:00
DEV733,18.46429,73.760916,2026-09-18 18:03:00
DEV007,18.560198,73.785941,2026-09-18 18:03:00
DEV144,18.514037,73.946766,2026-09-18 18:03:00
DEV875,18.48809,73.936312,2026-09-18 18:03:00
DEV405,18.583323,73.757592,2026-09-18 18:03:00
DEV392,18.497385,73.7938,2026-09-18 18:03:00
DEV804,18.535733,73.859835,2026-09-18 18:03:00
DEV626,18.577306,73.866357,2026-09-18 18:03:00
DEV010,18.45804,73.818666,2026-09-18 18:04:00
DEV704,18.498706,73.928223,2026-09-18 18:04:00
DEV678,18.626523,73.776538,2026-09-18 18:04:00
DEV670,18.557627,73.844724,2026-09-18 18:04:00
DEV726,18.631693,73.923857,2026-09-18 18:04:00
DEV221,18.596271,73.856059,2026-09-18 18:04:00
DEV468,18.533163,73.935582,2026-09-18 18:04:00
DEV190,18.530839,73.752714,2026-09-18 18:04:00
DEV147,18.471471,73.865074,2026-09-18 18:04:00
DEV889,18.620852,73.900311,2026-09-18 18:04:00
DEV073,18.646479,73.763487,2026-09-18 18:04:00
DEV084,18.51367,73.848262,2026-09-18 18:04:00
DEV529,18.606368,73.776784,2026-09-18 18:04:00
DEV651,18.4766,73.780975,2026-09-18 18:04:00
DEV505,18.53321,73.803496,2026-09-18 18:05:00
DEV422,18.623495,73.790661,2026-09-18 18:05:00
DEV948,18.644538,73.869549,2026-09-18 18:05:00
DEV576,18.603819,73.897539,2026-09-18 18:05:00
DEV888,18.561099,73.897454,2026-09-18 18:06:00
DEV596,18.452519,73.845744,2026-09-18 18:06:00
DEV700,18.588814,73.799723,2026-09-18 18:06:00
DEV855,18.648217,73.792263,2026-09-18 18:06:00
DEV267,18.601122,73.921741,2026-09-18 18:06:00
DEV169,18.45343,73.824235,2026-09-18 18:06:00
DEV143,18.507401,73.773772,2026-09-18 18:06:00
DEV640,18.607264,73.823679,2026-09-18 18:07:00
DEV310,18.527437,73.757006,2026-09-18 18:07:00
DEV282,18.616555,73.837106,2026-09-18 18:07:00
DEV182,18.510905,73.808064,2026-09-18 18:07:00
DEV083,18.511769,73.943932,2026-09-18 18:07:00
DEV450,18.507544,73.786113,2026-09-18 18:08:00
DEV901,18.585552,73.944825,2026-09-18 18:08:00
DEV714,18.463938,73.75636,2026-09-18 18:08:00
DEV046,18.453543,73.812665,2026-09-18 18:08:00
DEV675,18.558188,73.784427,2026-09-18 18:08:00
DEV621,18.483619,73.871499,2026-09-18 18:08:00
DEV541,18.597922,73.775351,2026-09-18 18:08:00
DEV451,18.518301,73.815752,2026-09-18 18:08:00
DEV333,18.474353,73.851514,2026-09-18 18:08:00
DEV268,18.45659,73.885317,2026-09-18 18:09:00
DEV826,18.543448,73.770086,2026-09-18 18:09:00
DEV628,18.561952,73.827164,2026-09-18 18:09:00
DEV129,18.599305,73.86944,2026-09-18 18:09:00
DEV676,18.576207,73.803491,2026-09-18 18:09:00
DEV511,18.531162,73.810197,2026-09-18 18:09:00
DEV264,18.511973,73.778263,2026-09-18 18:09:00
DEV296,18.560794,73.830579,2026-09-18 18:09:00
DEV869,18.50519,73.778721,2026-09-18 18:10:00
DEV742,18.568759,73.850991,2026-09-18 18:10:00
DEV501,18.611759,73.916987,2026-09-18 18:10:00
DEV610,18.59196,73.886774,2026-09-18 18:10:00
DEV340,18.581229,73.90368,2026-09-18 18:10:00
DEV170,18.622908,73.757914,2026-09-18 18:10:00
DEV614,18.452478,73.833124,2026-09-18 18:10:00
DEV987,18.526177,73.801811,2026-09-18 18:10:00
DEV313,18.591071,73.803176,2026-09-18 18:10:00
DEV169,18.555137,73.776972,2026-09-18 18:10:00
DEV748,18.551299,73.879921,2026-09-18 18:10:00
DEV464,18.637138,73.835908,2026-09-18 18:10:00
DEV992,18.611313,73.864955,2026-09-18 18:11:00
DEV660,18.452371,73.804302,2026-09-18 18:11:00
DEV537,18.482077,73.927766,2026-09-18 18:11:00
DEV876,18.506827,73.813655,2026-09-18 18:11:00
DEV922,18.519053,73.75652,2026-09-18 18:11:00
DEV547,18.535113,73.827403,2026-09-18 18:11:00
DEV885,18.597444,73.774541,2026-09-18 18:11:00
DEV933,18.483646,73.798744,2026-09-18 18:11:00
DEV567,18.492525,73.813651,2026-09-18 18:11:00
DEV956,18.488391,73.757037,2026-09-18 18:11:00
DEV232,18.646375,73.897444,2026-09-18 18:11:00
DEV822,18.463295,73.824391,2026-09-18 18:11:00
DEV220,18.481249,73.890789,2026-09-18 18:11:00
DEV862,18.582376,73.83615,2026-09-18 18:11:00
DEV524,18.56965,73.804615,2026-09-18 18:11:00
DEV012,18.52762,73.942358,2026-09-18 18:12:00
DEV422,18.603311,73.766038,2026-09-18 18:12:00
DEV470,18.640289,73.82491,2026-09-18 18:12:00
DEV822,18.476631,73.770816,2026-09-18 18:12:00
DEV398,18.458312,73.898444,2026-09-18 18:12:00
DEV531,18.610861,73.865979,2026-09-18 18:12:00
DEV579,18.523557,73.802142,2026-09-18 18:12:00
DEV859,18.531284,73.864961,2026-09-18 18:12:00
DEV494,18.50321,73.942573,2026-09-18 18:12:00
DEV925,18.585407,73.812725,2026-09-18 18:12:00
DEV827,18.58768,73.822134,2026-09-18 18:12:00
DEV404,18.471605,73.794639,2026-09-18 18:13:00
DEV543,18.50016,73.905262,2026-09-18 18:13:00
DEV579,18.599048,73.764161,2026-09-18 18:13:00
DEV597,18.475211,73.763682,2026-09-18 18:13:00
DEV628,18.566545,73.788661,2026-09-18 18:13:00
DEV226,18.506938,73.89059,2026-09-18 18:13:00
DEV599,18.591602,73.802882,2026-09-18 18:13:00
DEV016,18.514284,73.943635,2026-09-18 18:13:00
DEV525,18.544929,73.84826,2026-09-18 18:13:00
DEV675,18.562476,73.752085,2026-09-18 18:13:00
DEV302,18.534227,73.816588,2026-09-18 18:13:00
DEV827,18.458262,73.75004,2026-09-18 18:13:00
DEV607,18.59683,73.834058,2026-09-18 18:13:00
DEV035,18.607995,73.793426,2026-09-18 18:13:00
DEV956,18.576111,73.801923,2026-09-18 18:13:00
DEV650,18.497642,73.812141,2026-09-18 18:13:00
DEV948,18.545925,73.807549,2026-09-18 18:13:00
DEV262,18.497919,73.83545,2026-09-18 18:13:00
DEV623,18.568275,73.892387,2026-09-18 18:13:00
DEV840,18.619987,73.789845,2026-09-18 18:13:00
DEV807,18.513663,73.88901,2026-09-18 18:13:00
DEV645,18.540418,73.910102,2026-09-18 18:13:00
DEV618,18.63066,73.914166,2026-09-18 18:14:00
DEV401,18.641013,73.819729,2026-09-18 18:14:00
DEV332,18.634914,73.799612,2026-09-18 18:14:00
DEV941,18.464265,73.835439,2026-09-18 18:14:00
DEV664,18.634874,73.939969,2026-09-18 18:14:00
DEV788,18.629316,73.803864,2026-09-18 18:15:00
DEV612,18.646518,73.771733,2026-09-18 18:15:00
DEV716,18.499031,73.863327,2026-09-18 18:15:00
DEV939,18.59176,73.786682,2026-09-18 18:15:00
DEV095,18.619257,73.762698,2026-09-18 18:15:00
DEV667,18.584378,73.883365,2026-09-18 18:15:00
DEV390,18.565854,73.787427,2026-09-18 18:15:00
DEV775,18.502795,73.764032,2026-09-18 18:15:00
DEV496,18.558707,73.928472,2026-09-18 18:15:00
DEV109,18.628412,73.85467,2026-09-18 18:15:00
DEV552,18.566247,73.855011,2026-09-18 18:15:00
DEV992,18.549428,73.896061,2026-09-18 18:15:00
DEV025,18.507887,73.809213,2026-09-18 18:16:00
DEV378,18.526616,73.776422,2026-09-18 18:16:00
DEV002,18.620358,73.751435,2026-09-18 18:16:00
DEV579,18.533079,73.773577,2026-09-18 18:16:00
DEV718,18.450707,73.788413,2026-09-18 18:16:00
DEV283,18.591678,73.911546,2026-09-18 18:16:00
DEV986,18.581346,73.826086,2026-09-18 18:16:00
DEV301,18.466142,73.793485,2026-09-18 18:16:00
DEV379,18.530339,73.781102,2026-09-18 18:16:00
DEV875,18.45948,73.926545,2026-09-18 18:16:00
DEV168,18.456179,73.824279,2026-09-18 18:16:00
DEV341,18.49842,73.798556,2026-09-18 18:17:00
DEV953,18.550703,73.828744,2026-09-18 18:17:00
DEV088,18.485208,73.783843,2026-09-18 18:17:00
DEV606,18.549111,73.909848,2026-09-18 18:17:00
DEV055,18.469953,73.853574,2026-09-18 18:17:00
DEV455,18.583443,73.90231,2026-09-18 18:17:00
DEV145,18.540471,73.940638,2026-09-18 18:17:00
DEV662,18.557494,73.850281,2026-09-18 18:17:00
DEV123,18.554499,73.87383,2026-09-18 18:17:00
DEV739,18.46402,73.835391,2026-09-18 18:18:00
DEV040,18.534966,73.887475,2026-09-18 18:18:00
DEV106,18.577392,73.878693,2026-09-18 18:18:00
DEV758,18.459649,73.807311,2026-09-18 18:18:00
DEV206,18.556044,73.758326,2026-09-18 18:18:00
DEV909,18.475312,73.918012,2026-09-18 18:18:00
DEV079,18.562046,73.897653,2026-09-18 18:18:00
DEV175,18.645485,73.855514,2026-09-18 18:18:00
DEV011,18.638799,73.800132,2026-09-18 18:18:00
DEV025,18.481711,73.873748,2026-09-18 18:18:00
DEV439,18.559562,73.769423,2026-09-18 18:18:00
DEV512,18.465482,73.822141,2026-09-18 18:18:00
DEV728,18.636627,73.871417,2026-09-18 18:19:00
DEV918,18.560667,73.83371,2026-09-18 18:19:00
DEV190,18.538566,73.845072,2026-09-18 18:19:00
DEV836,18.630931,73.817438,2026-09-18 18:19:00
DEV239,18.56827,73.754943,2026-09-18 18:19:00
DEV726,18.60979,73.880687,2026-09-18 18:19:00
DEV956,18.611848,73.928206,2026-09-18 18:19:00
DEV555,18.529081,73.78949,2026-09-18 18:20:00
DEV664,18.515012,73.88437,2026-09-18 18:20:00
DEV999,18.495255,73.794294,2026-09-18 18:20:00
DEV480,18.630548,73.869377,2026-09-18 18:20:00
DEV882,18.469775,73.789388,2026-09-18 18:20:00
DEV586,18.643296,73.908132,2026-09-18 18:20:00
DEV101,18.534708,73.884075,2026-09-18 18:20:00
DEV455,18.470391,73.93656,2026-09-18 18:20:00
DEV365,18.621641,73.90964,2026-09-18 18:20:00
DEV864,18.532947,73.861466,2026-09-18 18:21:00
DEV867,18.526397,73.886772,2026-09-18 18:21:00
DEV134,18.528068,73.778881,2026-09-18 18:21:00
DEV095,18.568827,73.78084,2026-09-18 18:21:00
DEV279,18.579158,73.948071,2026-09-18 18:21:00
DEV163,18.470727,73.806343,2026-09-18 18:21:00
DEV811,18.612372,73.939712,2026-09-18 18:21:00
DEV425,18.506994,73.902185,2026-09-18 18:21:00
DEV199,18.553302,73.911083,2026-09-18 18:21:00
DEV417,18.592554,73.895777,2026-09-18 18:21:00
DEV183,18.641925,73.798991,2026-09-18 18:21:00
DEV700,18.581875,73.835441,2026-09-18 18:21:00
DEV429,18.605942,73.885878,2026-09-18 18:21:00
DEV952,18.585832,73.878,2026-09-18 18:21:00
DEV318,18.599889,73.933668,2026-09-18 18:22:00
DEV550,18.576754,73.913806,2026-09-18 18:22:00
DEV920,18.505869,73.864471,2026-09-18 18:22:00
DEV501,18.560317,73.933034,2026-09-18 18:22:00
DEV988,18.47057,73.79849,2026-09-18 18:22:00
DEV703,18.548785,73.774004,2026-09-18 18:22:00
DEV825,18.459725,73.838421,2026-09-18 18:22:00
DEV005,18.551897,73.776258,2026-09-18 18:22:00
DEV638,18.578612,73.788974,2026-09-18 18:22:00
DEV073,18.47408,73.943441,2026-09-18 18:22:00
DEV457,18.640664,73.813123,2026-09-18 18:23:00
DEV335,18.561895,73.752298,2026-09-18 18:23:00
DEV649,18.477888,73.757896,2026-09-18 18:23:00
DEV289,18.491044,73.808722,2026-09-18 18:23:00
DEV352,18.603192,73.938097,2026-09-18 18:23:00
DEV594,18.642224,73.889321,2026-09-18 18:23:00
DEV985,18.464569,73.873671,2026-09-18 18:23:00
DEV192,18.548951,73.808633,2026-09-18 18:23:00
DEV153,18.543628,73.854847,2026-09-18 18:23:00
DEV804,18.552643,73.789786,2026-09-18 18:23:00
DEV143,18.584571,73.875893,2026-09-18 18:23:00
DEV814,18.488677,73.807763,2026-09-18 18:23:00
DEV463,18.626176,73.947253,2026-09-18 18:23:00
DEV590,18.495882,73.862702,2026-09-18 18:24:00
DEV029,18.514097,73.809584,2026-09-18 18:24:00
DEV834,18.544118,73.756277,2026-09-18 18:24:00
DEV189,18.58713,73.835124,2026-09-18 18:24:00
DEV992,18.612581,73.852072,2026-09-18 18:24:00
DEV541,18.616208,73.751736,2026-09-18 18:24:00
DEV086,18.539855,73.926817,2026-09-18 18:25:00
DEV929,18.626585,73.940118,2026-09-18 18:25:00
DEV354,18.494928,73.947402,2026-09-18 18:25:00
DEV135,18.552638,73.940847,2026-09-18 18:25:00
DEV660,18.47951,73.904251,2026-09-18 18:25:00
DEV367,18.473991,73.791719,2026-09-18 18:25:00
DEV537,18.594076,73.844922,2026-09-18 18:26:00
DEV265,18.579286,73.910864,2026-09-18 18:26:00
DEV722,18.497852,73.81133,2026-09-18 18:26:00
DEV118,18.536197,73.819736,2026-09-18 18:26:00
DEV034,18.535358,73.867951,2026-09-18 18:26:00
DEV641,18.510699,73.85202,2026-09-18 18:26:00
DEV508,18.507186,73.801035,2026-09-18 18:27:00
DEV837,18.548832,73.782628,2026-09-18 18:27:00
DEV336,18.487842,73.76909,2026-09-18 18:27:00
DEV588,18.591593,73.79646,2026-09-18 18:27:00
DEV702,18.557876,73.907868,2026-09-18 18:27:00
DEV254,18.592908,73.82186,2026-09-18 18:27:00
DEV461,18.638392,73.776987,2026-09-18 18:27:00
DEV659,18.620635,73.801898,2026-09-18 18:27:00
DEV875,18.540282,73.794183,2026-09-18 18:27:00
DEV915,18.543789,73.947857,2026-09-18 18:27:00
DEV895,18.491011,73.927351,2026-09-18 18:27:00
DEV619,18.620241,73.767989,2026-09-18 18:28:00
DEV607,18.614318,73.832863,2026-09-18 18:28:00
DEV089,18.520403,73.781396,2026-09-18 18:28:00
DEV435,18.53225,73.897854,2026-09-18 18:28:00
DEV622,18.611191,73.844226,2026-09-18 18:28:00
DEV201,18.533478,73.844066,2026-09-18 18:28:00
DEV768,18.640665,73.780992,2026-09-18 18:28:00
DEV043,18.473064,73.792113,2026-09-18 18:28:00
DEV783,18.595728,73.840403,2026-09-18 18:28:00
DEV628,18.452974,73.86459,2026-09-18 18:28:00
DEV465,18.475515,73.796816,2026-09-18 18:28:00
DEV058,18.552957,73.891407,2026-09-18 18:28:00
DEV459,18.470473,73.849624,2026-09-18 18:28:00
DEV112,18.530875,73.838675,2026-09-18 18:28:00
DEV526,18.46396,73.814426,2026-09-18 18:28:00
DEV547,18.540554,73.939989,2026-09-18 18:29:00
DEV314,18.493546,73.750675,2026-09-18 18:29:00
DEV393,18.563686,73.92535,2026-09-18 18:29:00
DEV519,18.583024,73.921941,2026-09-18 18:29:00
DEV912,18.608141,73.750002,2026-09-18 18:29:00
DEV962,18.629763,73.757197,2026-09-18 18:29:00
DEV463,18.568076,73.939919,2026-09-18 18:29:00
DEV283,18.549506,73.869239,2026-09-18 18:29:00
DEV177,18.586672,73.918269,2026-09-18 18:29:00
DEV156,18.507976,73.877611,2026-09-18 18:29:00
DEV741,18.451127,73.949492,2026-09-18 18:29:00
DEV444,18.588541,73.918496,2026-09-18 18:29:00
DEV345,18.617465,73.912992,2026-09-18 18:30:00
DEV940,18.575775,73.806666,2026-09-18 18:30:00
DEV772,18.616885,73.840537,2026-09-18 18:30:00
DEV399,18.47598,73.889679,2026-09-18 18:30:00
DEV632,18.547941,73.927986,2026-09-18 18:30:00
DEV802,18.510771,73.933153,2026-09-18 18:30:00
DEV477,18.622376,73.85974,2026-09-18 18:30:00
DEV863,18.484172,73.823208,2026-09-18 18:30:00
DEV574,18.561561,73.782362,2026-09-18 18:30:00
DEV214,18.524018,73.814211,2026-09-18 18:31:00
DEV646,18.506195,73.87048,2026-09-18 18:31:00
DEV714,18.576092,73.772618,2026-09-18 18:31:00
DEV993,18.461216,73.915915,2026-09-18 18:31:00
DEV583,18.552114,73.756758,2026-09-18 18:31:00
DEV733,18.469013,73.903434,2026-09-18 18:31:00
DEV504,18.581034,73.843063,2026-09-18 18:31:00
DEV853,18.583444,73.902251,2026-09-18 18:31:00
DEV041,18.607151,73.915108,2026-09-18 18:31:00
DEV212,18.648604,73.800101,2026-09-18 18:32:00
DEV402,18.588307,73.836384,2026-09-18 18:32:00
DEV269,18.548816,73.879354,2026-09-18 18:32:00
DEV858,18.576329,73.776384,2026-09-18 18:32:00
DEV380,18.595495,73.826394,2026-09-18 18:32:00
DEV727,18.57037,73.809426,2026-09-18 18:32:00
DEV079,18.604088,73.837912,2026-09-18 18:33:00
DEV658,18.504089,73.914251,2026-09-18 18:33:00
DEV133,18.523223,73.772346,2026-09-18 18:33:00
DEV778,18.572799,73.753356,2026-09-18 18:33:00
DEV432,18.467052,73.869927,2026-09-18 18:33:00
DEV686,18.577294,73.881845,2026-09-18 18:33:00
DEV643,18.583305,73.901406,2026-09-18 18:33:00
DEV114,18.599713,73.869242,2026-09-18 18:33:00
DEV154,18.637109,73.873558,2026-09-18 18:33:00
DEV440,18.647309,73.752592,2026-09-18 18:34:00
DEV268,18.472477,73.944083,2026-09-18 18:34:00
DEV381,18.554658,73.921398,2026-09-18 18:34:00
DEV919,18.649867,73.833513,2026-09-18 18:34:00
DEV351,18.453122,73.814893,2026-09-18 18:34:00
DEV196,18.596846,73.777149,2026-09-18 18:34:00
DEV193,18.539021,73.761653,2026-09-18 18:34:00
DEV915,18.50474,73.851062,2026-09-18 18:34:00
DEV348,18.495139,73.87897,2026-09-18 18:34:00
DEV610,18.613493,73.902407,2026-09-18 18:35:00
DEV168,18.475562,73.90213,2026-09-18 18:35:00
DEV376,18.568787,73.782497,2026-09-18 18:35:00
DEV337,18.633006,73.919943,2026-09-18 18:35:00
DEV607,18.545115,73.90433,2026-09-18 18:35:00
DEV187,18.534912,73.776962,2026-09-18 18:35:00
DEV525,18.5082,73.833319,2026-09-18 18:35:00
DEV436,18.503042,73.813775,2026-09-18 18:35:00
DEV441,18.454098,73.842639,2026-09-18 18:35:00
DEV944,18.602278,73.831899,2026-09-18 18:35:00
DEV283,18.45382,73.842322,2026-09-18 18:35:00
DEV180,18.600659,73.87228,2026-09-18 18:35:00
DEV197,18.522082,73.874368,2026-09-18 18:35:00
DEV352,18.472252,73.756695,2026-09-18 18:35:00
DEV823,18.601308,73.77662,2026-09-18 18:36:00
DEV876,18.586499,73.901533,2026-09-18 18:36:00
DEV284,18.526465,73.846058,2026-09-18 18:36:00
DEV581,18.639662,73.858184,2026-09-18 18:36:00
DEV084,18.629079,73.893314,2026-09-18 18:36:00
DEV222,18.523046,73.880292,2026-09-18 18:36:00
DEV846,18.584812,73.928304,2026-09-18 18:36:00
DEV237,18.504876,73.907154,2026-09-18 18:36:00
DEV656,18.557521,73.866086,2026-09-18 18:36:00
DEV481,18.581362,73.884142,2026-09-18 18:37:00
DEV134,18.553266,73.7671,2026-09-18 18:37:00
DEV366,18.526587,73.923558,2026-09-18 18:37:00
DEV273,18.60313,73.891009,2026-09-18 18:37:00
DEV105,18.64247,73.931775,2026-09-18 18:37:00
DEV831,18.622086,73.897032,2026-09-18 18:37:00
DEV397,18.581126,73.864219,2026-09-18 18:38:00
DEV261,18.464879,73.931376,2026-09-18 18:38:00
DEV130,18.526246,73.881036,2026-09-18 18:38:00
DEV289,18.527797,73.774817,2026-09-18 18:38:00
DEV829,18.504833,73.903893,2026-09-18 18:38:00
DEV676,18.647443,73.930708,2026-09-18 18:38:00
DEV759,18.465506,73.758008,2026-09-18 18:38:00
DEV883,18.623641,73.843228,2026-09-18 18:38:00
DEV025,18.649169,73.928432,2026-09-18 18:38:00
DEV975,18.643647,73.814157,2026-09-18 18:38:00
DEV758,18.514516,73.893155,2026-09-18 18:38:00
DEV383,18.641617,73.844806,2026-09-18 18:38:00
DEV873,18.643672,73.78054,2026-09-18 18:38:00
DEV431,18.639917,73.778631,2026-09-18 18:38:00
DEV957,18.509308,73.920839,2026-09-18 18:38:00
DEV260,18.548001,73.890549,2026-09-18 18:38:00
DEV721,18.450635,73.841731,2026-09-18 18:39:00
DEV619,18.457356,73.938347,2026-09-18 18:39:00
DEV128,18.521259,73.777074,2026-09-18 18:39:00
DEV688,18.545855,73.878467,2026-09-18 18:39:00
DEV936,18.498908,73.86709,2026-09-18 18:39:00
DEV601,18.565335,73.863799,2026-09-18 18:39:00
DEV237,18.538072,73.810752,2026-09-18 18:39:00
DEV680,18.513509,73.791607,2026-09-18 18:39:00
DEV074,18.524505,73.883894,2026-09-18 18:39:00
DEV210,18.502324,73.933513,2026-09-18 18:39:00
DEV285,18.472837,73.799664,2026-09-18 18:39:00
DEV183,18.488115,73.881685,2026-09-18 18:40:00
DEV902,18.589912,73.762283,2026-09-18 18:40:00
DEV315,18.607392,73.925204,2026-09-18 18:40:00
DEV274,18.474149,73.806231,2026-09-18 18:40:00
DEV325,18.565005,73.840939,2026-09-18 18:40:00
DEV827,18.529992,73.947697,2026-09-18 18:40:00
DEV010,18.53015,73.865233,2026-09-18 18:40:00
DEV293,18.572172,73.751562,2026-09-18 18:40:00
DEV237,18.606418,73.849541,2026-09-18 18:40:00
DEV066,18.63924,73.878397,2026-09-18 18:40:00
DEV947,18.623695,73.825528,2026-09-18 18:40:00
DEV684,18.61435,73.770689,2026-09-18 18:40:00
DEV629,18.564717,73.864525,2026-09-18 18:41:00
DEV551,18.521732,73.907882,2026-09-18 18:41:00
DEV906,18.617548,73.903848,2026-09-18 18:41:00
DEV693,18.494968,73.938193,2026-09-18 18:41:00
DEV943,18.538961,73.849899,2026-09-18 18:41:00
DEV111,18.542498,73.947385,2026-09-18 18:41:00
DEV736,18.455697,73.857079,2026-09-18 18:41:00
DEV792,18.521475,73.75241,2026-09-18 18:41:00
DEV020,18.46578,73.792051,2026-09-18 18:42:00
DEV495,18.494416,73.782658,2026-09-18 18:42:00
DEV629,18.52502,73.765845,2026-09-18 18:42:00
DEV170,18.596336,73.765042,2026-09-18 18:42:00
DEV247,18.566746,73.942783,2026-09-18 18:42:00
DEV388,18.480132,73.804175,2026-09-18 18:42:00
DEV485,18.575885,73.899975,2026-09-18 18:42:00
DEV046,18.612459,73.816494,2026-09-18 18:42:00
DEV563,18.48412,73.790568,2026-09-18 18:43:00
DEV047,18.583294,73.806345,2026-09-18 18:43:00
DEV159,18.54574,73.816148,2026-09-18 18:43:00
DEV566,18.527084,73.824133,2026-09-18 18:43:00
DEV242,18.548709,73.825804,2026-09-18 18:43:00
DEV935,18.491307,73.841459,2026-09-18 18:43:00
DEV400,18.617277,73.930747,2026-09-18 18:43:00
DEV836,18.493685,73.751061,2026-09-18 18:43:00
DEV566,18.637532,73.857623,2026-09-18 18:43:00
DEV129,18.530368,73.893795,2026-09-18 18:43:00
DEV816,18.640789,73.943952,2026-09-18 18:43:00
DEV826,18.462782,73.848914,2026-09-18 18:44:00
DEV207,18.462865,73.868854,2026-09-18 18:44:00
DEV615,18.48292,73.878436,2026-09-18 18:44:00
DEV862,18.518177,73.926307,2026-09-18 18:44:00
DEV451,18.597344,73.805225,2026-09-18 18:44:00
DEV009,18.580023,73.7779,2026-09-18 18:44:00
DEV527,18.626448,73.944184,2026-09-18 18:44:00
DEV459,18.480249,73.793294,2026-09-18 18:44:00
DEV836,18.548416,73.81425,2026-09-18 18:44:00
DEV735,18.504869,73.828441,2026-09-18 18:44:00
DEV039,18.502849,73.910211,2026-09-18 18:44:00
DEV785,18.550058,73.906946,2026-09-18 18:44:00
DEV467,18.582247,73.845884,2026-09-18 18:45:00
DEV442,18.594819,73.913243,2026-09-18 18:45:00
DEV536,18.456121,73.816211,2026-09-18 18:45:00
DEV339,18.52229,73.769034,2026-09-18 18:45:00
DEV759,18.558273,73.790902,2026-09-18 18:45:00
DEV679,18.554365,73.846301,2026-09-18 18:45:00
DEV724,18.537684,73.918066,2026-09-18 18:45:00
DEV788,18.605552,73.911711,2026-09-18 18:46:00
DEV262,18.511996,73.921012,2026-09-18 18:46:00
DEV318,18.560464,73.890717,2026-09-18 18:46:00
DEV247,18.53725,73.752615,2026-09-18 18:46:00
DEV938,18.620844,73.803716,2026-09-18 18:46:00
DEV164,18.495146,73.896418,2026-09-18 18:46:00
DEV435,18.636489,73.859166,2026-09-18 18:46:00
DEV476,18.552676,73.926392,2026-09-18 18:46:00
DEV934,18.511758,73.892958,2026-09-18 18:46:00
DEV720,18.526001,73.849363,2026-09-18 18:46:00
DEV960,18.512764,73.757227,2026-09-18 18:46:00
DEV384,18.539296,73.913422,2026-09-18 18:46:00
DEV820,18.503803,73.796459,2026-09-18 18:46:00
DEV761,18.544598,73.876665,2026-09-18 18:47:00
DEV546,18.566904,73.835332,2026-09-18 18:47:00
DEV738,18.467554,73.888006,2026-09-18 18:47:00
DEV625,18.476282,73.829792,2026-09-18 18:47:00
DEV853,18.567625,73.791436,2026-09-18 18:47:00
DEV118,18.625336,73.943331,2026-09-18 18:47:00
DEV545,18.607301,73.932286,2026-09-18 18:48:00
DEV085,18.45562,73.831017,2026-09-18 18:48:00
DEV841,18.58827,73.884732,2026-09-18 18:48:00
DEV327,18.546364,73.864542,2026-09-18 18:48:00
DEV296,18.593998,73.90658,2026-09-18 18:48:00
DEV780,18.534936,73.750559,2026-09-18 18:48:00
DEV292,18.505887,73.930791,2026-09-18 18:48:00
DEV305,18.554652,73.941092,2026-09-18 18:48:00
DEV144,18.587438,73.941417,2026-09-18 18:49:00
DEV586,18.568554,73.936839,2026-09-18 18:49:00
DEV435,18.5017,73.820591,2026-09-18 18:49:00
DEV993,18.482455,73.754444,2026-09-18 18:49:00
DEV714,18.460937,73.769019,2026-09-18 18:49:00
DEV372,18.63696,73.864344,2026-09-18 18:50:00
DEV092,18.503249,73.857903,2026-09-18 18:50:00
DEV103,18.55157,73.824353,2026-09-18 18:50:00
DEV930,18.585231,73.831387,2026-09-18 18:50:00
DEV829,18.625865,73.881943,2026-09-18 18:50:00
DEV352,18.575709,73.762242,2026-09-18 18:50:00
DEV154,18.563497,73.828188,2026-09-18 18:50:00
DEV218,18.478827,73.873663,2026-09-18 18:50:00
DEV523,18.463282,73.855722,2026-09-18 18:50:00
DEV177,18.636106,73.944314,2026-09-18 18:50:00
DEV951,18.552652,73.796516,2026-09-18 18:51:00
DEV331,18.457661,73.831799,2026-09-18 18:51:00
DEV811,18.538835,73.837836,2026-09-18 18:51:00
DEV495,18.511912,73.829537,2026-09-18 18:51:00
DEV266,18.478612,73.883458,2026-09-18 18:51:00
DEV561,18.454657,73.946451,2026-09-18 18:51:00
DEV257,18.465345,73.807514,2026-09-18 18:51:00
DEV126,18.631699,73.869408,2026-09-18 18:52:00
DEV867,18.45015,73.818586,2026-09-18 18:52:00
DEV216,18.630062,73.823941,2026-09-18 18:52:00
DEV633,18.539432,73.758022,2026-09-18 18:52:00
DEV113,18.486413,73.930505,2026-09-18 18:52:00
DEV090,18.573658,73.820292,2026-09-18 18:52:00
DEV387,18.528777,73.812428,2026-09-18 18:52:00
DEV230,18.499441,73.805459,2026-09-18 18:52:00
DEV956,18.450316,73.768877,2026-09-18 18:52:00
DEV616,18.525246,73.782989,2026-09-18 18:52:00
DEV030,18.584064,73.766044,2026-09-18 18:52:00
DEV629,18.547209,73.841178,2026-09-18 18:52:00
DEV416,18.596039,73.76509,2026-09-18 18:52:00
DEV054,18.491621,73.807876,2026-09-18 18:53:00
DEV923,18.558214,73.776172,2026-09-18 18:53:00
DEV816,18.612378,73.848474,2026-09-18 18:53:00
DEV127,18.501363,73.834911,2026-09-18 18:53:00
DEV488,18.627662,73.805271,2026-09-18 18:53:00
DEV137,18.580727,73.870418,2026-09-18 18:53:00
DEV478,18.538359,73.907739,2026-09-18 18:53:00
DEV325,18.477166,73.787628,2026-09-18 18:53:00
DEV437,18.551071,73.891138,2026-09-18 18:54:00
DEV143,18.51959,73.789565,2026-09-18 18:54:00
DEV993,18.530047,73.751736,2026-09-18 18:54:00
DEV944,18.629314,73.765771,2026-09-18 18:54:00
DEV217,18.557294,73.941322,2026-09-18 18:54:00
DEV666,18.539138,73.825008,2026-09-18 18:54:00
DEV504,18.55511,73.787048,2026-09-18 18:54:00
DEV143,18.460007,73.773767,2026-09-18 18:54:00
DEV246,18.527227,73.911642,2026-09-18 18:54:00
DEV654,18.485424,73.823704,2026-09-18 18:54:00
DEV167,18.64509,73.822887,2026-09-18 18:54:00
DEV688,18.56237,73.796928,2026-09-18 18:54:00
DEV075,18.501848,73.883865,2026-09-18 18:55:00
DEV751,18.531588,73.760083,2026-09-18 18:55:00
DEV476,18.497786,73.81542,2026-09-18 18:55:00
DEV764,18.48113,73.843723,2026-09-18 18:56:00
DEV726,18.5854,73.77711,2026-09-18 18:56:00
DEV138,18.548416,73.750824,2026-09-18 18:56:00
DEV728,18.606971,73.893469,2026-09-18 18:56:00
DEV808,18.521273,73.883886,2026-09-18 18:56:00
DEV575,18.527415,73.865815,2026-09-18 18:56:00
DEV209,18.497184,73.824677,2026-09-18 18:56:00
DEV236,18.57617,73.921912,2026-09-18 18:56:00
DEV147,18.649948,73.773059,2026-09-18 18:56:00
DEV668,18.487042,73.915469,2026-09-18 18:56:00
DEV128,18.468691,73.917079,2026-09-18 18:57:00
DEV332,18.508973,73.841262,2026-09-18 18:57:00
DEV059,18.543362,73.895327,2026-09-18 18:57:00
DEV881,18.529271,73.89572,2026-09-18 18:57:00
DEV349,18.533367,73.929186,2026-09-18 18:57:00
DEV468,18.539869,73.864531,2026-09-18 18:57:00
DEV923,18.550783,73.794539,2026-09-18 18:57:00
DEV663,18.590229,73.927057,2026-09-18 18:57:00
DEV871,18.460902,73.916382,2026-09-18 18:57:00
DEV849,18.462017,73.835568,2026-09-18 18:57:00
DEV544,18.464231,73.766531,2026-09-18 18:57:00
DEV483,18.598332,73.865946,2026-09-18 18:58:00
DEV822,18.648211,73.861048,2026-09-18 18:58:00
DEV045,18.512665,73.806333,2026-09-18 18:58:00
DEV789,18.478323,73.910741,2026-09-18 18:58:00
DEV538,18.640295,73.881534,2026-09-18 18:58:00
DEV113,18.617838,73.864907,2026-09-18 18:58:00
DEV990,18.627323,73.773529,2026-09-18 18:59:00
DEV114,18.513741,73.765244,2026-09-18 18:59:00
DEV596,18.617659,73.891282,2026-09-18 18:59:00
DEV831,18.613621,73.916559,2026-09-18 19:00:00
DEV318,18.452732,73.779512,2026-09-18 19:00:00
DEV427,18.614806,73.879796,2026-09-18 19:00:00
DEV336,18.544565,73.853374,2026-09-18 19:00:00
DEV833,18.507985,73.931565,2026-09-18 19:00:00
DEV177,18.594986,73.911283,2026-09-18 19:00:00
DEV532,18.533974,73.848597,2026-09-18 19:00:00
DEV980,18.608726,73.897821,2026-09-18 19:00:00
DEV672,18.604314,73.841,2026-09-18 19:00:00
DEV584,18.523986,73.77296,2026-09-18 19:00:00
DEV945,18.573939,73.846281,2026-09-18 19:00:00
DEV229,18.564449,73.793853,2026-09-18 19:00:00
DEV547,18.594994,73.814087,2026-09-18 19:00:00
DEV628,18.46181,73.845621,2026-09-18 19:00:00
DEV111,18.503222,73.820759,2026-09-18 19:01:00
DEV929,18.472402,73.779717,2026-09-18 19:01:00
DEV263,18.489495,73.900103,2026-09-18 19:01:00
DEV203,18.552816,73.83908,2026-09-18 19:02:00
DEV485,18.625369,73.900215,2026-09-18 19:02:00
DEV245,18.505227,73.904798,2026-09-18 19:02:00
DEV082,18.598526,73.8473,2026-09-18 19:02:00
DEV058,18.502953,73.81058,2026-09-18 19:02:00
DEV030,18.505102,73.874161,2026-09-18 19:02:00
DEV678,18.638327,73.87025,2026-09-18 19:02:00
DEV757,18.479018,73.866784,2026-09-18 19:02:00
DEV475,18.566915,73.781239,2026-09-18 19:02:00
DEV825,18.468727,73.779738,2026-09-18 19:02:00
DEV589,18.573098,73.766188,2026-09-18 19:02:00
DEV590,18.56648,73.836195,2026-09-18 19:02:00
DEV160,18.554752,73.93445,2026-09-18 19:03:00
DEV264,18.459093,73.859437,2026-09-18 19:03:00
DEV432,18.565456,73.889149,2026-09-18 19:03:00
DEV079,18.450271,73.77886,2026-09-18 19:03:00
DEV702,18.529182,73.866386,2026-09-18 19:03:00
DEV482,18.640107,73.824482,2026-09-18 19:03:00
DEV859,18.577885,73.888606,2026-09-18 19:03:00
DEV794,18.589874,73.882459,2026-09-18 19:03:00
DEV938,18.632637,73.793103,2026-09-18 19:03:00
DEV925,18.509343,73.882879,2026-09-18 19:03:00
DEV776,18.453889,73.758978,2026-09-18 19:03:00
DEV778,18.517511,73.94069,2026-09-18 19:04:00
DEV353,18.631846,73.75287,2026-09-18 19:04:00
DEV474,18.488538,73.825695,2026-09-18 19:04:00
DEV646,18.572192,73.821915,2026-09-18 19:04:00
DEV178,18.488422,73.856871,2026-09-18 19:04:00
DEV022,18.636854,73.867985,2026-09-18 19:04:00
DEV499,18.628798,73.816245,2026-09-18 19:04:00
DEV163,18.623237,73.803726,2026-09-18 19:05:00
DEV210,18.590857,73.892225,2026-09-18 19:05:00
DEV071,18.623736,73.91438,2026-09-18 19:05:00
DEV053,18.502249,73.793643,2026-09-18 19:05:00
DEV475,18.480972,73.831398,2026-09-18 19:05:00
DEV557,18.598928,73.833596,2026-09-18 19:05:00
DEV500,18.575463,73.94374,2026-09-18 19:05:00
DEV500,18.628253,73.862448,2026-09-18 19:05:00
DEV117,18.542696,73.884167,2026-09-18 19:06:00
DEV221,18.598571,73.876703,2026-09-18 19:06:00
DEV666,18.601495,73.882681,2026-09-18 19:06:00
DEV402,18.644947,73.892204,2026-09-18 19:06:00
DEV613,18.633749,73.832117,2026-09-18 19:06:00
DEV493,18.498873,73.751528,2026-09-18 19:06:00
DEV190,18.460481,73.876904,2026-09-18 19:07:00
DEV953,18.606034,73.847551,2026-09-18 19:07:00
DEV575,18.485979,73.917601,2026-09-18 19:07:00
DEV361,18.62653,73.768806,2026-09-18 19:07:00
DEV391,18.566472,73.89157,2026-09-18 19:07:00
DEV317,18.529385,73.933619,2026-09-18 19:07:00
DEV271,18.504808,73.896297,2026-09-18 19:08:00
DEV987,18.533815,73.874804,2026-09-18 19:08:00
DEV172,18.48979,73.902977,2026-09-18 19:08:00
DEV051,18.526789,73.867277,2026-09-18 19:08:00
DEV746,18.471615,73.772938,2026-09-18 19:09:00
DEV616,18.454836,73.813874,2026-09-18 19:09:00
DEV355,18.637551,73.899086,2026-09-18 19:09:00
DEV594,18.582831,73.93102,2026-09-18 19:09:00
DEV102,18.518373,73.829973,2026-09-18 19:09:00
DEV146,18.596575,73.896924,2026-09-18 19:09:00
DEV909,18.490175,73.88474,2026-09-18 19:09:00
DEV320,18.531548,73.913041,2026-09-18 19:10:00
DEV969,18.455335,73.818718,2026-09-18 19:10:00
DEV781,18.626201,73.803343,2026-09-18 19:10:00
DEV139,18.530646,73.770183,2026-09-18 19:10:00
DEV833,18.541721,73.832864,2026-09-18 19:10:00
DEV056,18.471302,73.938575,2026-09-18 19:10:00
DEV925,18.540812,73.914977,2026-09-18 19:10:00
DEV188,18.632951,73.905293,2026-09-18 19:10:00
DEV710,18.516141,73.817866,2026-09-18 19:10:00
DEV694,18.583373,73.934762,2026-09-18 19:10:00
DEV899,18.616825,73.941972,2026-09-18 19:10:00
DEV872,18.573292,73.809687,2026-09-18 19:10:00
DEV661,18.53652,73.77706,2026-09-18 19:10:00
DEV621,18.470445,73.811282,2026-09-18 19:10:00
DEV895,18.627532,73.831956,2026-09-18 19:10:00
DEV083,18.625024,73.765927,2026-09-18 19:11:00
DEV588,18.526369,73.788685,2026-09-18 19:11:00
DEV260,18.571536,73.901471,2026-09-18 19:11:00
DEV408,18.632285,73.750953,2026-09-18 19:11:00
DEV804,18.566751,73.912059,2026-09-18 19:11:00
DEV587,18.62396,73.850348,2026-09-18 19:11:00
DEV553,18.607305,73.891177,2026-09-18 19:11:00
DEV382,18.611172,73.788625,2026-09-18 19:11:00
DEV206,18.603341,73.934305,2026-09-18 19:11:00
DEV082,18.608612,73.755047,2026-09-18 19:11:00
DEV753,18.5234,73.783391,2026-09-18 19:12:00
DEV796,18.569136,73.926801,2026-09-18 19:12:00
DEV672,18.550368,73.803542,2026-09-18 19:12:00
DEV783,18.584805,73.862755,2026-09-18 19:12:00
DEV431,18.498787,73.819631,2026-09-18 19:13:00
DEV153,18.627522,73.768589,2026-09-18 19:13:00
DEV097,18.583417,73.809802,2026-09-18 19:13:00
DEV167,18.642399,73.887916,2026-09-18 19:13:00
DEV605,18.517748,73.819535,2026-09-18 19:13:00
DEV115,18.489011,73.799178,2026-09-18 19:13:00
DEV831,18.463935,73.913852,2026-09-18 19:13:00
DEV412,18.632069,73.866139,2026-09-18 19:13:00
DEV118,18.521081,73.837092,2026-09-18 19:13:00
DEV923,18.550313,73.829322,2026-09-18 19:13:00
DEV553,18.593807,73.783304,2026-09-18 19:13:00
DEV901,18.514147,73.889702,2026-09-18 19:13:00
DEV452,18.648415,73.891737,2026-09-18 19:14:00
DEV102,18.604452,73.860718,2026-09-18 19:14:00
DEV892,18.451185,73.903431,2026-09-18 19:14:00
DEV047,18.619721,73.909318,2026-09-18 19:14:00
DEV615,18.466487,73.907754,2026-09-18 19:14:00
DEV678,18.536938,73.908667,2026-09-18 19:14:00
DEV337,18.536212,73.818378,2026-09-18 19:14:00
DEV524,18.590431,73.882605,2026-09-18 19:14:00
DEV572,18.63319,73.909243,2026-09-18 19:15:00
DEV140,18.525118,73.790399,2026-09-18 19:15:00
DEV722,18.586683,73.859163,2026-09-18 19:15:00
DEV354,18.613098,73.784479,2026-09-18 19:15:00
DEV523,18.462632,73.750402,2026-09-18 19:15:00
DEV703,18.547845,73.91121,2026-09-18 19:15:00
DEV525,18.566291,73.902708,2026-09-18 19:15:00
DEV846,18.645845,73.803559,2026-09-18 19:16:00
DEV507,18.64232,73.802463,2026-09-18 19:16:00
DEV439,18.58187,73.863552,2026-09-18 19:16:00
DEV302,18.637297,73.785035,2026-09-18 19:16:00
DEV407,18.614031,73.902374,2026-09-18 19:16:00
DEV672,18.487501,73.888673,2026-09-18 19:16:00
DEV958,18.587666,73.80237,2026-09-18 19:16:00
DEV590,18.494216,73.927845,2026-09-18 19:16:00
DEV847,18.465742,73.776223,2026-09-18 19:16:00
DEV520,18.636528,73.855954,2026-09-18 19:16:00
DEV401,18.527226,73.936151,2026-09-18 19:16:00
DEV364,18.540982,73.865636,2026-09-18 19:16:00
DEV721,18.639354,73.876788,2026-09-18 19:16:00
DEV781,18.49684,73.758561,2026-09-18 19:17:00
DEV079,18.630289,73.776967,2026-09-18 19:17:00
DEV699,18.543343,73.80784,2026-09-18 19:17:00
DEV050,18.618988,73.947235,2026-09-18 19:17:00
DEV800,18.499469,73.789809,2026-09-18 19:17:00
DEV542,18.51019,73.819982,2026-09-18 19:17:00
DEV958,18.640419,73.923835,2026-09-18 19:17:00
DEV838,18.450942,73.939592,2026-09-18 19:17:00
DEV556,18.511282,73.770841,2026-09-18 19:17:00
DEV346,18.521774,73.76164,2026-09-18 19:17:00
DEV841,18.620368,73.764777,2026-09-18 19:17:00
DEV845,18.472477,73.825949,2026-09-18 19:17:00
DEV401,18.484989,73.854271,2026-09-18 19:18:00
DEV239,18.45996,73.808933,2026-09-18 19:18:00
DEV399,18.624432,73.777313,2026-09-18 19:18:00
DEV331,18.524238,73.847094,2026-09-18 19:18:00
DEV606,18.451822,73.873169,2026-09-18 19:18:00
DEV108,18.6157,73.780892,2026-09-18 19:19:00
DEV386,18.600624,73.926311,2026-09-18 19:19:00
DEV659,18.586186,73.811902,2026-09-18 19:19:00
DEV357,18.548767,73.809483,2026-09-18 19:19:00
DEV012,18.464597,73.933119,2026-09-18 19:19:00
DEV805,18.473511,73.883764,2026-09-18 19:19:00
DEV974,18.610082,73.8714,2026-09-18 19:19:00
DEV192,18.488017,73.845626,2026-09-18 19:19:00
DEV602,18.468694,73.925406,2026-09-18 19:19:00
DEV233,18.45164,73.893392,2026-09-18 19:19:00
DEV753,18.522459,73.8334,2026-09-18 19:19:00
DEV117,18.491864,73.903437,2026-09-18 19:19:00
DEV085,18.496453,73.851104,2026-09-18 19:19:00
DEV638,18.537168,73.795867,2026-09-18 19:19:00
DEV277,18.483426,73.844222,2026-09-18 19:19:00
DEV750,18.485067,73.883133,2026-09-18 19:19:00
DEV296,18.540843,73.906925,2026-09-18 19:20:00
DEV909,18.56904,73.912731,2026-09-18 19:20:00
DEV166,18.613575,73.750247,2026-09-18 19:20:00
DEV945,18.462881,73.86455,2026-09-18 19:20:00
DEV010,18.511087,73.892051,2026-09-18 19:20:00
DEV887,18.495917,73.881934,2026-09-18 19:21:00
DEV173,18.469328,73.924251,2026-09-18 19:21:00
DEV921,18.644756,73.918584,2026-09-18 19:21:00
DEV594,18.553841,73.835877,2026-09-18 19:21:00
DEV579,18.550343,73.800122,2026-09-18 19:21:00
DEV454,18.460551,73.790381,2026-09-18 19:21:00
DEV401,18.451089,73.899438,2026-09-18 19:21:00
DEV275,18.560995,73.789788,2026-09-18 19:21:00
DEV047,18.541561,73.841751,2026-09-18 19:21:00
DEV726,18.513651,73.760422,2026-09-18 19:21:00
DEV670,18.577188,73.791836,2026-09-18 19:22:00
DEV872,18.492579,73.822268,2026-09-18 19:22:00
DEV943,18.465843,73.928857,2026-09-18 19:22:00
DEV935,18.62597,73.856844,2026-09-18 19:23:00
DEV721,18.57609,73.943788,2026-09-18 19:23:00
DEV901,18.542361,73.760295,2026-09-18 19:23:00
DEV097,18.568063,73.887728,2026-09-18 19:23:00
DEV466,18.492673,73.854539,2026-09-18 19:23:00
DEV065,18.455089,73.928159,2026-09-18 19:23:00
DEV749,18.526274,73.858482,2026-09-18 19:23:00
DEV637,18.63531,73.883658,2026-09-18 19:23:00
DEV980,18.588769,73.801313,2026-09-18 19:23:00
DEV130,18.573524,73.774324,2026-09-18 19:23:00
DEV177,18.559412,73.931744,2026-09-18 19:23:00
DEV985,18.63998,73.777523,2026-09-18 19:24:00
DEV884,18.483255,73.896674,2026-09-18 19:24:00
DEV658,18.543518,73.788864,2026-09-18 19:24:00
DEV528,18.616972,73.936688,2026-09-18 19:24:00
DEV923,18.510747,73.934037,2026-09-18 19:24:00
DEV807,18.502939,73.915949,2026-09-18 19:24:00
DEV349,18.642267,73.848117,2026-09-18 19:24:00
DEV811,18.486746,73.945978,2026-09-18 19:24:00
DEV500,18.575829,73.81964,2026-09-18 19:24:00
DEV918,18.622162,73.900033,2026-09-18 19:24:00
DEV378,18.578253,73.920899,2026-09-18 19:25:00
DEV849,18.617005,73.751279,2026-09-18 19:25:00
DEV344,18.518635,73.930631,2026-09-18 19:25:00
DEV627,18.586678,73.927926,2026-09-18 19:25:00
DEV402,18.476669,73.791876,2026-09-18 19:25:00
DEV436,18.525177,73.795223,2026-09-18 19:25:00
DEV392,18.537134,73.86942,2026-09-18 19:25:00
DEV543,18.459917,73.897023,2026-09-18 19:26:00
DEV091,18.583466,73.771336,2026-09-18 19:26:00
DEV076,18.547848,73.880935,2026-09-18 19:26:00
DEV215,18.599402,73.762454,2026-09-18 19:26:00
DEV660,18.54892,73.944655,2026-09-18 19:26:00
DEV650,18.636365,73.841297,2026-09-18 19:26:00
DEV177,18.572951,73.789477,2026-09-18 19:26:00
DEV342,18.513809,73.889632,2026-09-18 19:27:00
DEV253,18.629805,73.792334,2026-09-18 19:27:00
DEV077,18.541732,73.829692,2026-09-18 19:27:00
DEV150,18.613293,73.757734,2026-09-18 19:27:00
DEV512,18.530979,73.781781,2026-09-18 19:27:00
DEV286,18.649979,73.759974,2026-09-18 19:27:00
DEV241,18.647091,73.822911,2026-09-18 19:27:00
DEV734,18.641876,73.901142,2026-09-18 19:27:00
DEV506,18.536931,73.886667,2026-09-18 19:27:00
DEV065,18.574383,73.75093,2026-09-18 19:27:00
DEV029,18.471183,73.878314,2026-09-18 19:27:00
DEV233,18.635898,73.907535,2026-09-18 19:28:00
DEV048,18.52517,73.821354,2026-09-18 19:28:00
DEV620,18.548681,73.867351,2026-09-18 19:28:00
DEV499,18.624803,73.775674,2026-09-18 19:28:00
DEV399,18.505696,73.849743,2026-09-18 19:28:00
DEV885,18.501315,73.941731,2026-09-18 19:28:00
DEV955,18.584641,73.864736,2026-09-18 19:28:00
DEV189,18.643978,73.802017,2026-09-18 19:28:00
DEV510,18.483411,73.820119,2026-09-18 19:28:00
DEV780,18.607259,73.940362,2026-09-18 19:28:00
DEV563,18.611197,73.927497,2026-09-18 19:28:00
DEV617,18.552488,73.810815,2026-09-18 19:28:00
DEV841,18.473409,73.836217,2026-09-18 19:29:00
DEV735,18.633799,73.786548,2026-09-18 19:29:00
DEV951,18.533278,73.776706,2026-09-18 19:29:00
DEV849,18.624695,73.86971,2026-09-18 19:29:00
DEV229,18.573573,73.856782,2026-09-18 19:29:00
DEV697,18.556403,73.860242,2026-09-18 19:29:00
DEV381,18.545657,73.912067,2026-09-18 19:29:00
DEV209,18.542184,73.832675,2026-09-18 19:30:00
DEV831,18.503466,73.882269,2026-09-18 19:30:00
DEV270,18.569747,73.861841,2026-09-18 19:30:00
DEV184,18.576662,73.914923,2026-09-18 19:30:00
DEV194,18.555464,73.871354,2026-09-18 19:30:00
DEV407,18.469612,73.884596,2026-09-18 19:30:00
DEV142,18.485604,73.943932,2026-09-18 19:30:00
DEV733,18.453043,73.928317,2026-09-18 19:30:00
DEV343,18.564982,73.929631,2026-09-18 19:30:00
DEV825,18.507359,73.84718,2026-09-18 19:30:00
DEV956,18.609508,73.820933,2026-09-18 19:31:00
DEV742,18.539412,73.878346,2026-09-18 19:31:00
DEV542,18.472307,73.86962,2026-09-18 19:31:00
DEV748,18.519393,73.776499,2026-09-18 19:31:00
DEV876,18.575984,73.766654,2026-09-18 19:31:00
DEV610,18.53656,73.796235,2026-09-18 19:31:00
DEV317,18.562191,73.76365,2026-09-18 19:31:00
DEV767,18.471218,73.768718,2026-09-18 19:31:00
DEV666,18.584404,73.874227,2026-09-18 19:31:00
DEV009,18.567876,73.94295,2026-09-18 19:31:00
DEV590,18.464378,73.80487,2026-09-18 19:31:00
DEV046,18.542724,73.841152,2026-09-18 19:32:00
DEV277,18.547708,73.85933,2026-09-18 19:32:00
DEV526,18.534302,73.770406,2026-09-18 19:32:00
DEV689,18.452747,73.894841,2026-09-18 19:32:00
DEV919,18.641793,73.844428,2026-09-18 19:32:00
DEV035,18.584199,73.878276,2026-09-18 19:32:00
DEV499,18.508158,73.903081,2026-09-18 19:32:00
DEV433,18.534607,73.911416,2026-09-18 19:32:00
DEV771,18.491352,73.775893,2026-09-18 19:32:00
DEV932,18.46619,73.898011,2026-09-18 19:32:00
DEV485,18.468764,73.907946,2026-09-18 19:32:00
DEV602,18.595373,73.862284,2026-09-18 19:33:00
DEV954,18.460492,73.837655,2026-09-18 19:33:00
DEV688,18.475876,73.89052,2026-09-18 19:33:00
DEV685,18.463861,73.833178,2026-09-18 19:33:00
DEV507,18.530363,73.771759,2026-09-18 19:33:00
DEV976,18.476144,73.942272,2026-09-18 19:33:00
DEV744,18.51208,73.917167,2026-09-18 19:33:00
DEV426,18.488475,73.85352,2026-09-18 19:33:00
DEV702,18.555304,73.830233,2026-09-18 19:33:00
DEV451,18.464455,73.909994,2026-09-18 19:33:00
DEV401,18.615883,73.788671,2026-09-18 19:34:00
DEV336,18.452703,73.858142,2026-09-18 19:34:00
DEV393,18.518729,73.904894,2026-09-18 19:34:00
DEV830,18.47585,73.890663,2026-09-18 19:34:00
DEV298,18.519492,73.83958,2026-09-18 19:35:00
DEV432,18.489142,73.88099,2026-09-18 19:35:00
DEV337,18.592938,73.943528,2026-09-18 19:35:00
DEV154,18.634054,73.869138,2026-09-18 19:35:00
DEV740,18.559211,73.844251,2026-09-18 19:35:00
DEV508,18.557554,73.777576,2026-09-18 19:35:00
DEV494,18.503122,73.949036,2026-09-18 19:35:00
DEV921,18.476175,73.842736,2026-09-18 19:35:00
DEV610,18.549209,73.92606,2026-09-18 19:35:00
DEV836,18.463897,73.861215,2026-09-18 19:35:00
DEV999,18.49148,73.770694,2026-09-18 19:35:00
DEV637,18.591087,73.806892,2026-09-18 19:35:00
DEV205,18.523617,73.853223,2026-09-18 19:36:00
DEV168,18.620086,73.874345,2026-09-18 19:36:00
DEV869,18.640933,73.846074,2026-09-18 19:36:00
DEV402,18.575501,73.88572,2026-09-18 19:36:00
DEV451,18.500514,73.773341,2026-09-18 19:37:00
DEV513,18.476349,73.949365,2026-09-18 19:37:00
DEV378,18.53102,73.809933,2026-09-18 19:37:00
DEV602,18.574396,73.856101,2026-09-18 19:37:00
DEV555,18.639166,73.801822,2026-09-18 19:37:00
DEV978,18.491907,73.769603,2026-09-18 19:37:00
DEV201,18.639061,73.815455,2026-09-18 19:37:00
DEV485,18.514866,73.847022,2026-09-18 19:37:00
DEV835,18.459018,73.756055,2026-09-18 19:37:00
DEV951,18.501679,73.876182,2026-09-18 19:37:00
DEV253,18.504608,73.854919,2026-09-18 19:37:00
DEV387,18.623013,73.915846,2026-09-18 19:37:00
DEV981,18.478167,73.771889,2026-09-18 19:38:00
DEV750,18.501128,73.822486,2026-09-18 19:38:00
DEV939,18.496526,73.852457,2026-09-18 19:38:00
DEV929,18.585523,73.858772,2026-09-18 19:38:00
DEV035,18.496607,73.945192,2026-09-18 19:38:00
DEV012,18.631669,73.86187,2026-09-18 19:38:00
DEV141,18.596322,73.824967,2026-09-18 19:38:00
DEV296,18.586345,73.895869,2026-09-18 19:38:00
DEV567,18.552442,73.909405,2026-09-18 19:38:00
DEV073,18.628094,73.894564,2026-09-18 19:38:00
DEV662,18.636313,73.843103,2026-09-18 19:38:00
DEV941,18.489622,73.782243,2026-09-18 19:38:00
DEV096,18.621016,73.939695,2026-09-18 19:39:00
DEV161,18.457687,73.802681,2026-09-18 19:39:00
DEV441,18.519308,73.82663,2026-09-18 19:39:00
DEV479,18.523266,73.839381,2026-09-18 19:39:00
DEV099,18.463001,73.870068,2026-09-18 19:39:00
DEV013,18.585038,73.865076,2026-09-18 19:39:00
DEV806,18.611974,73.895426,2026-09-18 19:39:00
DEV726,18.585996,73.846251,2026-09-18 19:39:00
DEV436,18.621466,73.832263,2026-09-18 19:39:00
DEV854,18.504817,73.925473,2026-09-18 19:39:00
DEV195,18.609641,73.796581,2026-09-18 19:39:00
DEV211,18.541681,73.845928,2026-09-18 19:39:00
DEV691,18.547481,73.858511,2026-09-18 19:39:00
DEV781,18.540159,73.91418,2026-09-18 19:40:00
DEV952,18.611836,73.76933,2026-09-18 19:40:00
DEV520,18.494019,73.928194,2026-09-18 19:40:00
DEV504,18.528034,73.832145,2026-09-18 19:40:00
DEV211,18.638447,73.902263,2026-09-18 19:40:00
DEV241,18.642951,73.889755,2026-09-18 19:40:00
DEV399,18.64834,73.940354,2026-09-18 19:40:00
DEV480,18.543622,73.822995,2026-09-18 19:40:00
DEV950,18.635667,73.818058,2026-09-18 19:40:00
DEV701,18.592138,73.931701,2026-09-18 19:40:00
DEV445,18.617197,73.787599,2026-09-18 19:41:00
DEV198,18.590871,73.900598,2026-09-18 19:41:00
DEV237,18.492779,73.863547,2026-09-18 19:41:00
DEV674,18.645298,73.905657,2026-09-18 19:41:00
DEV037,18.590417,73.807587,2026-09-18 19:41:00
DEV905,18.530873,73.904886,2026-09-18 19:41:00
DEV840,18.514743,73.890249,2026-09-18 19:41:00
DEV849,18.553593,73.861828,2026-09-18 19:41:00
DEV361,18.609919,73.883852,2026-09-18 19:41:00
DEV088,18.63078,73.917304,2026-09-18 19:41:00
DEV889,18.550563,73.881021,2026-09-18 19:41:00
DEV368,18.587633,73.832578,2026-09-18 19:41:00
DEV122,18.638521,73.865662,2026-09-18 19:42:00
DEV423,18.487674,73.850644,2026-09-18 19:42:00
DEV319,18.571537,73.844191,2026-09-18 19:42:00
DEV596,18.550436,73.941358,2026-09-18 19:42:00
DEV195,18.565482,73.841467,2026-09-18 19:42:00
DEV333,18.620207,73.806897,2026-09-18 19:42:00
DEV385,18.598076,73.838902,2026-09-18 19:42:00
DEV201,18.529247,73.792956,2026-09-18 19:42:00
DEV336,18.483913,73.883919,2026-09-18 19:42:00
DEV814,18.604591,73.884886,2026-09-18 19:42:00
DEV050,18.546018,73.900469,2026-09-18 19:42:00
DEV861,18.54991,73.913274,2026-09-18 19:43:00
DEV763,18.585395,73.833499,2026-09-18 19:43:00
DEV663,18.571151,73.893658,2026-09-18 19:43:00
DEV446,18.592006,73.894797,2026-09-18 19:43:00
DEV474,18.518952,73.787023,2026-09-18 19:43:00
DEV090,18.469191,73.797736,2026-09-18 19:43:00
DEV110,18.484472,73.9406,2026-09-18 19:43:00
DEV347,18.590771,73.81009,2026-09-18 19:43:00
DEV936,18.567248,73.753951,2026-09-18 19:43:00
DEV641,18.474923,73.821835,2026-09-18 19:43:00
DEV971,18.549849,73.940977,2026-09-18 19:43:00
DEV452,18.484488,73.866318,2026-09-18 19:43:00
DEV658,18.530866,73.828734,2026-09-18 19:44:00
DEV042,18.610107,73.826023,2026-09-18 19:44:00
DEV915,18.55632,73.754845,2026-09-18 19:44:00
DEV716,18.559383,73.764281,2026-09-18 19:44:00
DEV701,18.602594,73.795404,2026-09-18 19:44:00
DEV248,18.493044,73.940198,2026-09-18 19:44:00
DEV748,18.509983,73.848342,2026-09-18 19:45:00
DEV007,18.642143,73.94803,2026-09-18 19:45:00
DEV916,18.583387,73.94836,2026-09-18 19:45:00
DEV261,18.530479,73.927945,2026-09-18 19:45:00
DEV271,18.585279,73.817374,2026-09-18 19:45:00
DEV165,18.493421,73.866844,2026-09-18 19:45:00
DEV119,18.54541,73.920306,2026-09-18 19:45:00
DEV220,18.466758,73.79292,2026-09-18 19:46:00
DEV946,18.610772,73.931528,2026-09-18 19:46:00
DEV553,18.487971,73.947727,2026-09-18 19:46:00
DEV289,18.494952,73.856456,2026-09-18 19:46:00
DEV434,18.459654,73.904826,2026-09-18 19:46:00
DEV227,18.463648,73.766279,2026-09-18 19:46:00
DEV447,18.587958,73.92746,2026-09-18 19:46:00
DEV054,18.455416,73.764615,2026-09-18 19:47:00
DEV162,18.460418,73.819435,2026-09-18 19:47:00
DEV460,18.538465,73.885586,2026-09-18 19:47:00
DEV894,18.455714,73.890916,2026-09-18 19:47:00
DEV433,18.531969,73.899765,2026-09-18 19:48:00
DEV567,18.625837,73.844062,2026-09-18 19:48:00
DEV626,18.450534,73.833923,2026-09-18 19:48:00
DEV044,18.503602,73.946415,2026-09-18 19:48:00
DEV699,18.46461,73.799185,2026-09-18 19:48:00
DEV069,18.482492,73.889287,2026-09-18 19:48:00
DEV432,18.465568,73.942933,2026-09-18 19:48:00
DEV138,18.633325,73.927353,2026-09-18 19:48:00
DEV374,18.622711,73.862917,2026-09-18 19:48:00
DEV956,18.470724,73.84306,2026-09-18 19:48:00
DEV109,18.557639,73.751129,2026-09-18 19:48:00
DEV506,18.528989,73.896548,2026-09-18 19:48:00
DEV663,18.553937,73.887705,2026-09-18 19:48:00
DEV108,18.538072,73.921834,2026-09-18 19:49:00
DEV049,18.567673,73.800452,2026-09-18 19:49:00
DEV941,18.631222,73.76157,2026-09-18 19:49:00
DEV657,18.641715,73.860393,2026-09-18 19:49:00
DEV031,18.461868,73.917435,2026-09-18 19:49:00
DEV672,18.582339,73.813065,2026-09-18 19:49:00
DEV899,18.637159,73.879181,2026-09-18 19:49:00
DEV439,18.497295,73.933648,2026-09-18 19:49:00
DEV040,18.598104,73.802278,2026-09-18 19:49:00
DEV994,18.498841,73.768357,2026-09-18 19:50:00
DEV217,18.456852,73.805808,2026-09-18 19:50:00
DEV297,18.554456,73.945763,2026-09-18 19:50:00
DEV695,18.476135,73.848703,2026-09-18 19:50:00
DEV306,18.611019,73.866887,2026-09-18 19:50:00
DEV714,18.648048,73.856854,2026-09-18 19:50:00
DEV005,18.632327,73.871006,2026-09-18 19:50:00
DEV334,18.589751,73.782802,2026-09-18 19:50:00
DEV191,18.509379,73.771208,2026-09-18 19:50:00
DEV968,18.645666,73.87225,2026-09-18 19:50:00
DEV821,18.565413,73.771625,2026-09-18 19:51:00
DEV370,18.472034,73.764689,2026-09-18 19:51:00
DEV420,18.613071,73.921229,2026-09-18 19:51:00
DEV582,18.632734,73.796283,2026-09-18 19:51:00
DEV987,18.482725,73.890462,2026-09-18 19:51:00
DEV001,18.648905,73.86309,2026-09-18 19:51:00
DEV725,18.46249,73.94352,2026-09-18 19:52:00
DEV182,18.640353,73.923038,2026-09-18 19:52:00
DEV488,18.469107,73.846732,2026-09-18 19:52:00
DEV363,18.475604,73.803164,2026-09-18 19:52:00
DEV891,18.470351,73.926202,2026-09-18 19:52:00
DEV732,18.58484,73.907594,2026-09-18 19:52:00
DEV996,18.583111,73.788077,2026-09-18 19:52:00
DEV474,18.558319,73.903472,2026-09-18 19:52:00
DEV605,18.643168,73.786364,2026-09-18 19:52:00
DEV161,18.596375,73.816711,2026-09-18 19:52:00
DEV348,18.492628,73.765752,2026-09-18 19:52:00
DEV731,18.524456,73.795763,2026-09-18 19:52:00
DEV866,18.502426,73.867213,2026-09-18 19:53:00
DEV350,18.453905,73.887983,2026-09-18 19:53:00
DEV904,18.539896,73.814854,2026-09-18 19:53:00
DEV707,18.581294,73.930254,2026-09-18 19:53:00
DEV068,18.491672,73.919159,2026-09-18 19:53:00
DEV556,18.456881,73.92256,2026-09-18 19:53:00
DEV139,18.640873,73.785675,2026-09-18 19:53:00
DEV860,18.515081,73.890391,2026-09-18 19:53:00
DEV323,18.53923,73.842423,2026-09-18 19:53:00
DEV290,18.614527,73.814484,2026-09-18 19:53:00
DEV481,18.627381,73.86709,2026-09-18 19:53:00
DEV919,18.47547,73.84052,2026-09-18 19:54:00
DEV628,18.5536,73.792674,2026-09-18 19:54:00
DEV097,18.594892,73.927412,2026-09-18 19:54:00
DEV913,18.579193,73.938425,2026-09-18 19:54:00
DEV424,18.574875,73.839979,2026-09-18 19:54:00
DEV551,18.471351,73.799988,2026-09-18 19:54:00
DEV104,18.548535,73.879054,2026-09-18 19:54:00
DEV466,18.557093,73.909065,2026-09-18 19:54:00
DEV596,18.554863,73.848522,2026-09-18 19:55:00
DEV623,18.50365,73.752691,2026-09-18 19:55:00
DEV138,18.580235,73.919194,2026-09-18 19:55:00
DEV880,18.616345,73.774888,2026-09-18 19:55:00
DEV030,18.553762,73.828741,2026-09-18 19:55:00
DEV936,18.51997,73.83927,2026-09-18 19:55:00
DEV776,18.53223,73.859146,2026-09-18 19:55:00
DEV766,18.629979,73.830126,2026-09-18 19:55:00
DEV658,18.498508,73.933173,2026-09-18 19:55:00
DEV804,18.566678,73.850652,2026-09-18 19:55:00
DEV268,18.468503,73.819566,2026-09-18 19:55:00
DEV731,18.630566,73.794838,2026-09-18 19:55:00
DEV578,18.584165,73.790939,2026-09-18 19:55:00
DEV354,18.533675,73.892134,2026-09-18 19:55:00
DEV018,18.47131,73.839801,2026-09-18 19:55:00
DEV017,18.480109,73.839837,2026-09-18 19:56:00
DEV057,18.610393,73.949699,2026-09-18 19:56:00
DEV613,18.454095,73.827424,2026-09-18 19:56:00
DEV658,18.571979,73.793691,2026-09-18 19:56:00
DEV135,18.473631,73.879606,2026-09-18 19:56:00
DEV111,18.472717,73.780338,2026-09-18 19:56:00
DEV624,18.580117,73.834754,2026-09-18 19:57:00
DEV915,18.627952,73.911726,2026-09-18 19:57:00
DEV264,18.553845,73.762163,2026-09-18 19:57:00
DEV511,18.64622,73.819467,2026-09-18 19:57:00
DEV776,18.576693,73.812056,2026-09-18 19:57:00
DEV661,18.597425,73.803378,2026-09-18 19:57:00
DEV146,18.595245,73.880234,2026-09-18 19:57:00
DEV593,18.560736,73.78807,2026-09-18 19:57:00
DEV033,18.6195,73.926613,2026-09-18 19:57:00
DEV200,18.523361,73.906371,2026-09-18 19:57:00
DEV326,18.536756,73.855647,2026-09-18 19:57:00
DEV441,18.463118,73.81992,2026-09-18 19:57:00
DEV303,18.478511,73.910908,2026-09-18 19:57:00
DEV709,18.505564,73.916059,2026-09-18 19:58:00
DEV308,18.485288,73.940615,2026-09-18 19:58:00
DEV509,18.466286,73.834844,2026-09-18 19:58:00
DEV933,18.4715,73.903305,2026-09-18 19:58:00
DEV977,18.620773,73.7905,2026-09-18 19:58:00
DEV427,18.516945,73.886928,2026-09-18 19:58:00
DEV607,18.629955,73.831689,2026-09-18 19:59:00
DEV560,18.595154,73.885103,2026-09-18 19:59:00
DEV017,18.592424,73.786958,2026-09-18 19:59:00
DEV944,18.593027,73.851931,2026-09-18 19:59:00
DEV581,18.571542,73.766103,2026-09-18 19:59:00
DEV820,18.608535,73.821399,2026-09-18 19:59:00
DEV624,18.613218,73.827488,2026-09-18 19:59:00
DEV254,18.649927,73.879851,2026-09-18 20:00:00
DEV381,18.617794,73.750872,2026-09-18 20:00:00
DEV851,18.54807,73.768903,2026-09-18 20:00:00
DEV422,18.491817,73.824327,2026-09-18 20:00:00
DEV784,18.628374,73.797558,2026-09-18 20:00:00
DEV868,18.644088,73.750233,2026-09-18 20:00:00
DEV504,18.55726,73.836619,2026-09-18 20:00:00
DEV465,18.644433,73.827445,2026-09-18 20:00:00
DEV586,18.475088,73.920461,2026-09-18 20:00:00
DEV832,18.631175,73.948761,2026-09-18 20:01:00
DEV270,18.513552,73.938991,2026-09-18 20:01:00
DEV073,18.538553,73.802792,2026-09-18 20:01:00
DEV109,18.526546,73.839482,2026-09-18 20:01:00
DEV919,18.584753,73.858658,2026-09-18 20:01:00
DEV867,18.583734,73.906744,2026-09-18 20:01:00
DEV422,18.547565,73.822097,2026-09-18 20:01:00
DEV634,18.494478,73.879718,2026-09-18 20:01:00
DEV149,18.560939,73.900527,2026-09-18 20:01:00
DEV027,18.535864,73.865269,2026-09-18 20:01:00
DEV371,18.610441,73.925456,2026-09-18 20:01:00
DEV891,18.630435,73.804794,2026-09-18 20:02:00
DEV155,18.565823,73.892532,2026-09-18 20:02:00
DEV025,18.627545,73.752524,2026-09-18 20:02:00
DEV876,18.454629,73.775358,2026-09-18 20:02:00
DEV177,18.542907,73.897035,2026-09-18 20:02:00
DEV864,18.594646,73.852293,2026-09-18 20:02:00
DEV407,18.58296,73.814034,2026-09-18 20:02:00
DEV570,18.53582,73.85272,2026-09-18 20:03:00
DEV056,18.556537,73.942972,2026-09-18 20:03:00
DEV952,18.554542,73.855825,2026-09-18 20:03:00
DEV471,18.527731,73.826356,2026-09-18 20:03:00
DEV068,18.593091,73.751161,2026-09-18 20:03:00
DEV804,18.509509,73.816196,2026-09-18 20:03:00
DEV305,18.57875,73.890621,2026-09-18 20:03:00
DEV409,18.514176,73.769606,2026-09-18 20:03:00
DEV839,18.540882,73.889721,2026-09-18 20:03:00
DEV678,18.559526,73.870663,2026-09-18 20:03:00
DEV969,18.599832,73.845324,2026-09-18 20:03:00
DEV265,18.570263,73.79456,2026-09-18 20:03:00
DEV419,18.506864,73.753148,2026-09-18 20:03:00
DEV825,18.6072,73.821627,2026-09-18 20:04:00
DEV188,18.492257,73.870527,2026-09-18 20:04:00
DEV462,18.584808,73.752764,2026-09-18 20:04:00
DEV944,18.616448,73.758134,2026-09-18 20:04:00
DEV761,18.590831,73.942536,2026-09-18 20:04:00
DEV774,18.584299,73.781044,2026-09-18 20:04:00
DEV897,18.637079,73.822802,2026-09-18 20:04:00
DEV528,18.627105,73.781809,2026-09-18 20:04:00
DEV953,18.487187,73.770433,2026-09-18 20:04:00
DEV335,18.563262,73.80289,2026-09-18 20:04:00
DEV277,18.576587,73.946333,2026-09-18 20:04:00
DEV199,18.534926,73.881415,2026-09-18 20:04:00
DEV990,18.475296,73.897312,2026-09-18 20:05:00
DEV213,18.581222,73.786846,2026-09-18 20:05:00
DEV657,18.554175,73.852038,2026-09-18 20:05:00
DEV833,18.453575,73.843787,2026-09-18 20:05:00
DEV947,18.47831,73.937473,2026-09-18 20:05:00
DEV084,18.468974,73.808402,2026-09-18 20:05:00
DEV419,18.479491,73.867312,2026-09-18 20:05:00
DEV622,18.572009,73.924621,2026-09-18 20:05:00
DEV882,18.531345,73.910013,2026-09-18 20:05:00
DEV102,18.643703,73.934634,2026-09-18 20:05:00
DEV456,18.504947,73.838961,2026-09-18 20:05:00
DEV307,18.640069,73.798956,2026-09-18 20:05:00
DEV609,18.51149,73.946097,2026-09-18 20:05:00
DEV070,18.50979,73.904587,2026-09-18 20:06:00
DEV079,18.498876,73.936955,2026-09-18 20:06:00
DEV017,18.631673,73.925516,2026-09-18 20:06:00
DEV656,18.454056,73.860306,2026-09-18 20:06:00
DEV476,18.638842,73.813042,2026-09-18 20:06:00
DEV761,18.567121,73.898163,2026-09-18 20:06:00
DEV070,18.496226,73.760245,2026-09-18 20:06:00
DEV375,18.450743,73.779323,2026-09-18 20:06:00
DEV173,18.547544,73.849629,2026-09-18 20:06:00
DEV427,18.462637,73.880031,2026-09-18 20:06:00
DEV631,18.494764,73.830334,2026-09-18 20:06:00
DEV338,18.625981,73.932143,2026-09-18 20:06:00
DEV826,18.547516,73.912709,2026-09-18 20:06:00
DEV379,18.63596,73.767624,2026-09-18 20:07:00
DEV474,18.509911,73.770412,2026-09-18 20:07:00
DEV650,18.609183,73.854503,2026-09-18 20:07:00
DEV833,18.590298,73.831722,2026-09-18 20:07:00
DEV894,18.452105,73.849799,2026-09-18 20:07:00
DEV387,18.508181,73.939937,2026-09-18 20:07:00
DEV632,18.635401,73.757839,2026-09-18 20:07:00
DEV445,18.491955,73.855969,2026-09-18 20:07:00
DEV520,18.56479,73.809189,2026-09-18 20:07:00
DEV513,18.493661,73.870058,2026-09-18 20:08:00
DEV929,18.610856,73.818909,2026-09-18 20:08:00
DEV410,18.598721,73.814891,2026-09-18 20:08:00
DEV973,18.626752,73.750455,2026-09-18 20:08:00
DEV783,18.494457,73.782075,2026-09-18 20:08:00
DEV042,18.501741,73.933492,2026-09-18 20:08:00
DEV367,18.453691,73.861289,2026-09-18 20:08:00
DEV406,18.627289,73.941583,2026-09-18 20:08:00
DEV086,18.514827,73.826133,2026-09-18 20:08:00
DEV645,18.520628,73.811885,2026-09-18 20:08:00
DEV520,18.469707,73.892762,2026-09-18 20:08:00
DEV593,18.494143,73.849796,2026-09-18 20:08:00
DEV014,18.503872,73.860607,2026-09-18 20:08:00
DEV915,18.486943,73.832067,2026-09-18 20:09:00
DEV854,18.599492,73.892102,2026-09-18 20:09:00
DEV338,18.508778,73.820415,2026-09-18 20:09:00
DEV220,18.574823,73.839683,2026-09-18 20:09:00
DEV304,18.646381,73.759926,2026-09-18 20:09:00
DEV952,18.456316,73.809157,2026-09-18 20:09:00
DEV183,18.591274,73.846236,2026-09-18 20:09:00
DEV483,18.520014,73.917184,2026-09-18 20:09:00
DEV283,18.611202,73.756276,2026-09-18 20:09:00
DEV440,18.5471,73.750251,2026-09-18 20:09:00
DEV611,18.603641,73.782628,2026-09-18 20:09:00
DEV946,18.462425,73.944716,2026-09-18 20:10:00
DEV646,18.571861,73.911309,2026-09-18 20:10:00
DEV149,18.459812,73.752925,2026-09-18 20:10:00
DEV632,18.586779,73.78271,2026-09-18 20:10:00
DEV993,18.615399,73.790116,2026-09-18 20:10:00
DEV822,18.523399,73.824916,2026-09-18 20:10:00
DEV287,18.537477,73.892155,2026-09-18 20:10:00
DEV552,18.498515,73.812354,2026-09-18 20:10:00
DEV360,18.507448,73.82376,2026-09-18 20:10:00
DEV405,18.497753,73.756677,2026-09-18 20:10:00
DEV914,18.52766,73.867389,2026-09-18 20:10:00
DEV740,18.605489,73.906322,2026-09-18 20:10:00
DEV342,18.459616,73.868089,2026-09-18 20:11:00
DEV172,18.527735,73.866129,2026-09-18 20:11:00
DEV940,18.543119,73.889994,2026-09-18 20:11:00
DEV329,18.45451,73.935933,2026-09-18 20:11:00
DEV096,18.630867,73.829394,2026-09-18 20:11:00
DEV122,18.486049,73.837132,2026-09-18 20:12:00
DEV367,18.53337,73.905125,2026-09-18 20:12:00
DEV188,18.459465,73.82816,2026-09-18 20:12:00
DEV137,18.642148,73.909524,2026-09-18 20:12:00
DEV921,18.596952,73.862098,2026-09-18 20:12:00
DEV268,18.570601,73.946126,2026-09-18 20:12:00
DEV501,18.536778,73.750625,2026-09-18 20:12:00
DEV494,18.631563,73.902589,2026-09-18 20:12:00
DEV916,18.621118,73.826422,2026-09-18 20:12:00
DEV848,18.522588,73.906992,2026-09-18 20:13:00
DEV093,18.451217,73.755141,2026-09-18 20:13:00
DEV031,18.489358,73.76425,2026-09-18 20:13:00
DEV949,18.538636,73.794246,2026-09-18 20:13:00
DEV895,18.558624,73.8987,2026-09-18 20:13:00
DEV395,18.480292,73.829011,2026-09-18 20:13:00
DEV215,18.591243,73.928772,2026-09-18 20:13:00
DEV659,18.580744,73.896023,2026-09-18 20:13:00
DEV778,18.459209,73.929528,2026-09-18 20:14:00
DEV725,18.530462,73.812267,2026-09-18 20:14:00
DEV519,18.541122,73.87605,2026-09-18 20:14:00
DEV493,18.521944,73.834556,2026-09-18 20:14:00
DEV582,18.475016,73.802632,2026-09-18 20:14:00
DEV573,18.629129,73.789302,2026-09-18 20:14:00
DEV346,18.535729,73.893756,2026-09-18 20:14:00
DEV575,18.639074,73.788393,2026-09-18 20:14:00
DEV947,18.627777,73.847254,2026-09-18 20:14:00
DEV973,18.582318,73.882895,2026-09-18 20:14:00
DEV807,18.5284,73.868205,2026-09-18 20:14:00
DEV663,18.475054,73.822289,2026-09-18 20:15:00
DEV349,18.646209,73.835083,2026-09-18 20:15:00
DEV207,18.481565,73.881888,2026-09-18 20:15:00
DEV361,18.517068,73.790606,2026-09-18 20:15:00
DEV834,18.554938,73.788407,2026-09-18 20:15:00
DEV187,18.567472,73.8929,2026-09-18 20:16:00
DEV487,18.461801,73.908734,2026-09-18 20:16:00
DEV957,18.610162,73.822326,2026-09-18 20:16:00
DEV623,18.60999,73.836274,2026-09-18 20:16:00
DEV001,18.467942,73.820795,2026-09-18 20:17:00
DEV946,18.491884,73.79819,2026-09-18 20:17:00
DEV598,18.489072,73.927734,2026-09-18 20:17:00
DEV388,18.644201,73.913652,2026-09-18 20:17:00
DEV343,18.621321,73.776122,2026-09-18 20:17:00
DEV450,18.451884,73.859274,2026-09-18 20:17:00
DEV666,18.472535,73.83898,2026-09-18 20:17:00
DEV514,18.624483,73.79612,2026-09-18 20:18:00
DEV698,18.584472,73.775002,2026-09-18 20:18:00
DEV977,18.571125,73.867516,2026-09-18 20:18:00
DEV223,18.612382,73.797456,2026-09-18 20:18:00
DEV814,18.50372,73.895146,2026-09-18 20:18:00
DEV758,18.619213,73.836926,2026-09-18 20:18:00
DEV302,18.576539,73.780248,2026-09-18 20:18:00
DEV114,18.547979,73.763951,2026-09-18 20:18:00
DEV471,18.56158,73.949671,2026-09-18 20:18:00
DEV467,18.560341,73.905541,2026-09-18 20:19:00
DEV692,18.487082,73.866893,2026-09-18 20:19:00
DEV898,18.53874,73.940721,2026-09-18 20:19:00
DEV376,18.624632,73.786651,2026-09-18 20:19:00
DEV653,18.492607,73.89507,2026-09-18 20:19:00
DEV830,18.618004,73.901092,2026-09-18 20:19:00
DEV645,18.504602,73.786165,2026-09-18 20:19:00
DEV716,18.628522,73.7513,2026-09-18 20:19:00
DEV293,18.50867,73.941509,2026-09-18 20:19:00
DEV897,18.570449,73.916157,2026-09-18 20:19:00
DEV768,18.643872,73.788156,2026-09-18 20:20:00
DEV776,18.500131,73.908987,2026-09-18 20:20:00
DEV251,18.453664,73.820672,2026-09-18 20:20:00
DEV645,18.505573,73.833307,2026-09-18 20:20:00
DEV438,18.483581,73.916188,2026-09-18 20:20:00
DEV473,18.575681,73.912931,2026-09-18 20:20:00
DEV331,18.588314,73.894497,2026-09-18 20:20:00
DEV856,18.52849,73.849524,2026-09-18 20:20:00
DEV288,18.587965,73.888849,2026-09-18 20:20:00
DEV278,18.580816,73.78288,2026-09-18 20:20:00
DEV383,18.499512,73.871164,2026-09-18 20:20:00
DEV441,18.638893,73.790983,2026-09-18 20:20:00
DEV844,18.492643,73.770825,2026-09-18 20:20:00
DEV644,18.543126,73.841247,2026-09-18 20:20:00
DEV973,18.504333,73.884748,2026-09-18 20:21:00
DEV306,18.508409,73.888382,2026-09-18 20:21:00
DEV376,18.480183,73.848615,2026-09-18 20:21:00
DEV560,18.575726,73.840266,2026-09-18 20:21:00
DEV945,18.45434,73.827586,2026-09-18 20:21:00
DEV677,18.526788,73.843239,2026-09-18 20:21:00
DEV884,18.487071,73.814195,2026-09-18 20:21:00
DEV738,18.580373,73.929599,2026-09-18 20:21:00
DEV657,18.601377,73.753341,2026-09-18 20:21:00
DEV683,18.534658,73.934349,2026-09-18 20:22:00
DEV125,18.539852,73.758891,2026-09-18 20:22:00
DEV218,18.5218,73.902911,2026-09-18 20:22:00
DEV235,18.503771,73.754899,2026-09-18 20:22:00
DEV460,18.646746,73.789228,2026-09-18 20:22:00
DEV215,18.618492,73.771424,2026-09-18 20:22:00
DEV499,18.489055,73.818236,2026-09-18 20:22:00
DEV825,18.619481,73.777681,2026-09-18 20:22:00
DEV696,18.475459,73.940677,2026-09-18 20:22:00
DEV504,18.560919,73.896344,2026-09-18 20:22:00
DEV978,18.599251,73.889235,2026-09-18 20:22:00
DEV018,18.576826,73.932644,2026-09-18 20:22:00
DEV682,18.510589,73.777109,2026-09-18 20:22:00
DEV155,18.529386,73.772017,2026-09-18 20:23:00
DEV787,18.517136,73.936239,2026-09-18 20:23:00
DEV474,18.600722,73.845907,2026-09-18 20:23:00
DEV085,18.516513,73.886317,2026-09-18 20:23:00
DEV848,18.607977,73.840574,2026-09-18 20:23:00
DEV320,18.53125,73.820985,2026-09-18 20:23:00
DEV455,18.495476,73.947439,2026-09-18 20:24:00
DEV844,18.500486,73.771991,2026-09-18 20:24:00
DEV342,18.611538,73.760096,2026-09-18 20:24:00
DEV001,18.625986,73.934854,2026-09-18 20:24:00
DEV093,18.490996,73.813657,2026-09-18 20:24:00
DEV996,18.465971,73.842789,2026-09-18 20:24:00
DEV217,18.630565,73.949339,2026-09-18 20:24:00
DEV689,18.57767,73.887163,2026-09-18 20:24:00
DEV934,18.570716,73.944213,2026-09-18 20:24:00
DEV893,18.568046,73.776754,2026-09-18 20:24:00
DEV920,18.581949,73.924096,2026-09-18 20:24:00
DEV407,18.569944,73.803654,2026-09-18 20:24:00
DEV079,18.606663,73.930881,2026-09-18 20:24:00
DEV167,18.629625,73.909911,2026-09-18 20:25:00
DEV539,18.504342,73.751909,2026-09-18 20:25:00
DEV089,18.621322,73.842196,2026-09-18 20:25:00
DEV832,18.5328,73.948505,2026-09-18 20:25:00
DEV072,18.530607,73.874853,2026-09-18 20:25:00
DEV455,18.597337,73.907289,2026-09-18 20:25:00
DEV523,18.582711,73.918828,2026-09-18 20:25:00
DEV151,18.596568,73.863363,2026-09-18 20:25:00
DEV257,18.63117,73.861133,2026-09-18 20:26:00
DEV218,18.586112,73.819394,2026-09-18 20:26:00
DEV355,18.631765,73.807192,2026-09-18 20:26:00
DEV386,18.540022,73.778885,2026-09-18 20:26:00
DEV610,18.598484,73.803246,2026-09-18 20:26:00
DEV465,18.503665,73.847591,2026-09-18 20:26:00
DEV655,18.516062,73.837809,2026-09-18 20:26:00
DEV735,18.496785,73.82856,2026-09-18 20:26:00
DEV703,18.561365,73.874375,2026-09-18 20:26:00
DEV213,18.502127,73.922811,2026-09-18 20:26:00
DEV662,18.475123,73.824651,2026-09-18 20:26:00
DEV439,18.598676,73.783811,2026-09-18 20:27:00
DEV803,18.604208,73.788503,2026-09-18 20:27:00
DEV039,18.514689,73.900249,2026-09-18 20:27:00
DEV442,18.45987,73.823745,2026-09-18 20:27:00
DEV767,18.47968,73.837946,2026-09-18 20:27:00
DEV246,18.474974,73.783113,2026-09-18 20:27:00
DEV803,18.545212,73.865744,2026-09-18 20:28:00
DEV473,18.510098,73.812139,2026-09-18 20:28:00
DEV953,18.487207,73.808971,2026-09-18 20:28:00
DEV623,18.487316,73.801022,2026-09-18 20:28:00
DEV981,18.477938,73.891246,2026-09-18 20:28:00
DEV406,18.555445,73.91428,2026-09-18 20:28:00
DEV173,18.465526,73.929495,2026-09-18 20:29:00
DEV239,18.488151,73.842582,2026-09-18 20:29:00
DEV093,18.515044,73.884879,2026-09-18 20:29:00
DEV264,18.579846,73.762194,2026-09-18 20:29:00
DEV274,18.534537,73.855694,2026-09-18 20:29:00
DEV239,18.554477,73.801338,2026-09-18 20:29:00
DEV021,18.495961,73.861159,2026-09-18 20:29:00
DEV913,18.560755,73.834617,2026-09-18 20:29:00
DEV739,18.464509,73.886435,2026-09-18 20:29:00
DEV724,18.484837,73.825982,2026-09-18 20:30:00
DEV636,18.560406,73.875487,2026-09-18 20:30:00
DEV831,18.45537,73.767911,2026-09-18 20:30:00
DEV591,18.547827,73.919588,2026-09-18 20:30:00
DEV661,18.455068,73.948582,2026-09-18 20:30:00
DEV731,18.517835,73.926007,2026-09-18 20:30:00
DEV177,18.541302,73.87516,2026-09-18 20:30:00
DEV479,18.618321,73.871911,2026-09-18 20:30:00
DEV736,18.627802,73.785531,2026-09-18 20:30:00
DEV634,18.462489,73.889174,2026-09-18 20:31:00
DEV848,18.578557,73.846619,2026-09-18 20:31:00
DEV085,18.595985,73.782279,2026-09-18 20:31:00
DEV081,18.566243,73.847571,2026-09-18 20:31:00
DEV589,18.491381,73.838415,2026-09-18 20:31:00
DEV092,18.576258,73.914423,2026-09-18 20:31:00
DEV808,18.561628,73.771957,2026-09-18 20:31:00
DEV305,18.564198,73.857921,2026-09-18 20:31:00
DEV057,18.490166,73.86982,2026-09-18 20:31:00
DEV902,18.48954,73.764245,2026-09-18 20:32:00
DEV716,18.594257,73.830111,2026-09-18 20:32:00
DEV497,18.57522,73.808381,2026-09-18 20:32:00
DEV774,18.586877,73.885863,2026-09-18 20:32:00
DEV922,18.549665,73.88436,2026-09-18 20:32:00
DEV729,18.54264,73.856035,2026-09-18 20:32:00
DEV415,18.648589,73.855311,2026-09-18 20:33:00
DEV877,18.45761,73.79989,2026-09-18 20:33:00
DEV194,18.570121,73.781233,2026-09-18 20:33:00
DEV172,18.469932,73.806058,2026-09-18 20:33:00
DEV732,18.540406,73.794837,2026-09-18 20:33:00
DEV444,18.504397,73.827285,2026-09-18 20:33:00
DEV382,18.48118,73.766894,2026-09-18 20:33:00
DEV970,18.506694,73.902772,2026-09-18 20:33:00
DEV273,18.614307,73.855564,2026-09-18 20:33:00
DEV751,18.460939,73.864196,2026-09-18 20:33:00
DEV867,18.492713,73.936336,2026-09-18 20:34:00
DEV547,18.487797,73.863997,2026-09-18 20:34:00
DEV172,18.554037,73.867178,2026-09-18 20:34:00
DEV1000,18.631453,73.752285,2026-09-18 20:34:00
DEV429,18.610789,73.769146,2026-09-18 20:34:00
DEV465,18.476243,73.817709,2026-09-18 20:34:00
DEV896,18.645474,73.806485,2026-09-18 20:34:00
DEV247,18.545432,73.902479,2026-09-18 20:34:00
DEV569,18.463797,73.846117,2026-09-18 20:34:00
DEV593,18.473965,73.807161,2026-09-18 20:34:00
DEV853,18.600331,73.764237,2026-09-18 20:35:00
DEV236,18.599447,73.86635,2026-09-18 20:35:00
DEV633,18.49832,73.753524,2026-09-18 20:35:00
DEV357,18.459239,73.828657,2026-09-18 20:35:00
DEV580,18.639966,73.849195,2026-09-18 20:35:00
DEV145,18.59362,73.755031,2026-09-18 20:35:00
DEV556,18.514406,73.785447,2026-09-18 20:35:00
DEV042,18.464957,73.839192,2026-09-18 20:35:00
DEV380,18.591981,73.802248,2026-09-18 20:35:00
DEV711,18.623245,73.795624,2026-09-18 20:35:00
DEV942,18.617769,73.80449,2026-09-18 20:35:00
DEV947,18.63252,73.751318,2026-09-18 20:35:00
DEV569,18.623357,73.763325,2026-09-18 20:36:00
DEV553,18.537995,73.917328,2026-09-18 20:36:00
DEV966,18.453171,73.788761,2026-09-18 20:36:00
DEV730,18.6281,73.842321,2026-09-18 20:37:00
DEV945,18.568286,73.781569,2026-09-18 20:37:00
DEV225,18.552161,73.79924,2026-09-18 20:37:00
DEV749,18.55764,73.790686,2026-09-18 20:37:00
DEV571,18.642333,73.818349,2026-09-18 20:37:00
DEV928,18.596554,73.827389,2026-09-18 20:37:00
DEV571,18.504309,73.886833,2026-09-18 20:37:00
DEV358,18.469008,73.84788,2026-09-18 20:37:00
DEV606,18.627845,73.876989,2026-09-18 20:37:00
DEV551,18.483035,73.833811,2026-09-18 20:37:00
DEV149,18.469115,73.901811,2026-09-18 20:37:00
DEV115,18.470721,73.815802,2026-09-18 20:37:00
DEV872,18.520377,73.897759,2026-09-18 20:37:00
DEV358,18.534214,73.833412,2026-09-18 20:37:00
DEV833,18.563489,73.814566,2026-09-18 20:38:00
DEV609,18.494602,73.940871,2026-09-18 20:38:00
DEV173,18.588221,73.906533,2026-09-18 20:38:00
DEV304,18.592198,73.910907,2026-09-18 20:38:00
DEV145,18.594554,73.858333,2026-09-18 20:38:00
DEV502,18.459925,73.803272,2026-09-18 20:38:00
DEV929,18.636299,73.820481,2026-09-18 20:38:00
DEV454,18.536671,73.890106,2026-09-18 20:38:00
DEV905,18.457241,73.916846,2026-09-18 20:38:00
DEV276,18.564092,73.752796,2026-09-18 20:38:00
DEV722,18.450723,73.841783,2026-09-18 20:38:00
DEV957,18.542023,73.757039,2026-09-18 20:38:00
DEV776,18.498968,73.946991,2026-09-18 20:38:00
DEV833,18.532054,73.931003,2026-09-18 20:38:00
DEV355,18.557456,73.832956,2026-09-18 20:38:00
DEV904,18.583791,73.836341,2026-09-18 20:39:00
DEV206,18.517479,73.810062,2026-09-18 20:39:00
DEV804,18.463835,73.893272,2026-09-18 20:39:00
DEV253,18.513083,73.839363,2026-09-18 20:39:00
DEV535,18.559035,73.886402,2026-09-18 20:39:00
DEV986,18.490524,73.900131,2026-09-18 20:39:00
DEV637,18.50008,73.784353,2026-09-18 20:39:00
DEV123,18.517629,73.875777,2026-09-18 20:39:00
DEV936,18.463902,73.879367,2026-09-18 20:39:00
DEV467,18.596137,73.90935,2026-09-18 20:39:00
DEV471,18.552137,73.909311,2026-09-18 20:39:00
DEV375,18.470117,73.787567,2026-09-18 20:39:00
DEV698,18.509254,73.811932,2026-09-18 20:39:00
DEV312,18.600472,73.765553,2026-09-18 20:39:00
DEV730,18.617739,73.873186,2026-09-18 20:39:00
DEV765,18.493813,73.85901,2026-09-18 20:39:00
DEV185,18.62715,73.792801,2026-09-18 20:39:00
DEV302,18.535223,73.905458,2026-09-18 20:39:00
DEV118,18.491383,73.824722,2026-09-18 20:39:00
DEV610,18.603345,73.863348,2026-09-18 20:40:00
DEV441,18.579502,73.791288,2026-09-18 20:40:00
DEV620,18.614747,73.758001,2026-09-18 20:40:00
DEV838,18.630301,73.785189,2026-09-18 20:40:00
DEV835,18.450263,73.88317,2026-09-18 20:40:00
DEV921,18.575648,73.842025,2026-09-18 20:40:00
DEV208,18.508113,73.797855,2026-09-18 20:40:00
DEV956,18.525478,73.930679,2026-09-18 20:40:00
DEV481,18.624429,73.761283,2026-09-18 20:40:00
DEV112,18.645323,73.941933,2026-09-18 20:40:00
DEV278,18.55543,73.850916,2026-09-18 20:40:00
DEV286,18.573254,73.862954,2026-09-18 20:40:00
DEV586,18.587582,73.778228,2026-09-18 20:41:00
DEV749,18.573914,73.837565,2026-09-18 20:41:00
DEV596,18.58794,73.76696,2026-09-18 20:41:00
DEV903,18.622953,73.818768,2026-09-18 20:41:00
DEV105,18.561284,73.91414,2026-09-18 20:41:00
DEV967,18.470884,73.922763,2026-09-18 20:41:00
DEV947,18.527382,73.797755,2026-09-18 20:41:00
DEV597,18.500884,73.931987,2026-09-18 20:42:00
DEV868,18.623226,73.942979,2026-09-18 20:42:00
DEV726,18.533099,73.817039,2026-09-18 20:42:00
DEV704,18.502482,73.80619,2026-09-18 20:42:00
DEV104,18.602851,73.856923,2026-09-18 20:42:00
DEV383,18.643859,73.936582,2026-09-18 20:42:00
DEV532,18.647947,73.760471,2026-09-18 20:42:00
DEV933,18.579152,73.795543,2026-09-18 20:42:00
DEV802,18.641596,73.901132,2026-09-18 20:42:00
DEV278,18.64476,73.892525,2026-09-18 20:42:00
DEV981,18.529295,73.870489,2026-09-18 20:42:00
DEV696,18.540551,73.936446,2026-09-18 20:42:00
DEV945,18.500512,73.944876,2026-09-18 20:42:00
DEV657,18.543812,73.756869,2026-09-18 20:43:00
DEV837,18.630921,73.848927,2026-09-18 20:43:00
DEV542,18.637624,73.816301,2026-09-18 20:43:00
DEV317,18.597508,73.804711,2026-09-18 20:43:00
DEV972,18.515714,73.869449,2026-09-18 20:43:00
DEV168,18.601682,73.756433,2026-09-18 20:43:00
DEV049,18.480684,73.927532,2026-09-18 20:43:00
DEV732,18.619881,73.948826,2026-09-18 20:43:00
DEV385,18.484605,73.821246,2026-09-18 20:43:00
DEV704,18.496801,73.811004,2026-09-18 20:43:00
DEV187,18.579386,73.912001,2026-09-18 20:44:00
DEV598,18.643604,73.841321,2026-09-18 20:44:00
DEV018,18.487726,73.895054,2026-09-18 20:44:00
DEV244,18.460357,73.781709,2026-09-18 20:44:00
DEV598,18.582344,73.826623,2026-09-18 20:44:00
DEV168,18.640168,73.757524,2026-09-18 20:44:00
DEV253,18.592991,73.846648,2026-09-18 20:44:00
DEV984,18.516554,73.921953,2026-09-18 20:44:00
DEV579,18.485922,73.93221,2026-09-18 20:44:00
DEV460,18.489616,73.864391,2026-09-18 20:45:00
DEV224,18.509773,73.839395,2026-09-18 20:45:00
DEV494,18.600596,73.777748,2026-09-18 20:45:00
DEV708,18.648566,73.932277,2026-09-18 20:45:00
DEV430,18.544261,73.84948,2026-09-18 20:45:00
DEV527,18.501046,73.752595,2026-09-18 20:45:00
DEV296,18.47048,73.938963,2026-09-18 20:45:00
DEV119,18.555614,73.942608,2026-09-18 20:45:00
DEV314,18.533339,73.841969,2026-09-18 20:45:00
DEV187,18.637565,73.866086,2026-09-18 20:45:00
DEV087,18.628358,73.817159,2026-09-18 20:45:00
DEV283,18.48494,73.7522,2026-09-18 20:45:00
DEV160,18.547986,73.922436,2026-09-18 20:46:00
DEV397,18.575479,73.937343,2026-09-18 20:46:00
DEV265,18.613164,73.786212,2026-09-18 20:46:00
DEV749,18.454808,73.79645,2026-09-18 20:46:00
DEV754,18.609287,73.78833,2026-09-18 20:46:00
DEV227,18.611807,73.752986,2026-09-18 20:46:00
DEV390,18.641722,73.864036,2026-09-18 20:46:00
DEV934,18.559854,73.838265,2026-09-18 20:46:00
DEV840,18.594338,73.78074,2026-09-18 20:46:00
DEV815,18.614055,73.821315,2026-09-18 20:46:00
DEV912,18.643794,73.904064,2026-09-18 20:46:00
DEV709,18.625496,73.833252,2026-09-18 20:46:00
DEV919,18.558197,73.882402,2026-09-18 20:46:00
DEV757,18.552517,73.934308,2026-09-18 20:46:00
DEV893,18.462372,73.902393,2026-09-18 20:46:00
DEV106,18.490303,73.820098,2026-09-18 20:46:00
DEV241,18.644235,73.769347,2026-09-18 20:46:00
DEV229,18.486985,73.79706,2026-09-18 20:46:00
DEV273,18.588556,73.883999,2026-09-18 20:46:00
DEV318,18.607,73.894739,2026-09-18 20:47:00
DEV064,18.565787,73.86821,2026-09-18 20:47:00
DEV090,18.532297,73.798227,2026-09-18 20:47:00
DEV057,18.63723,73.775041,2026-09-18 20:47:00
DEV397,18.584698,73.914644,2026-09-18 20:47:00
DEV313,18.58573,73.946768,2026-09-18 20:47:00
DEV917,18.601214,73.877916,2026-09-18 20:47:00
DEV691,18.47822,73.78946,2026-09-18 20:47:00
DEV720,18.638993,73.949427,2026-09-18 20:47:00
DEV364,18.636204,73.766141,2026-09-18 20:48:00
DEV726,18.463258,73.793172,2026-09-18 20:48:00
DEV104,18.541015,73.821275,2026-09-18 20:48:00
DEV383,18.510038,73.893676,2026-09-18 20:48:00
DEV802,18.647595,73.84319,2026-09-18 20:48:00
DEV065,18.491665,73.823305,2026-09-18 20:48:00
DEV986,18.553728,73.815838,2026-09-18 20:48:00
DEV815,18.554235,73.784061,2026-09-18 20:48:00
DEV519,18.604333,73.816868,2026-09-18 20:48:00
DEV341,18.480659,73.80295,2026-09-18 20:48:00
DEV971,18.460171,73.824661,2026-09-18 20:48:00
DEV631,18.456709,73.781549,2026-09-18 20:48:00
DEV343,18.565956,73.874286,2026-09-18 20:49:00
DEV150,18.596877,73.918921,2026-09-18 20:49:00
DEV058,18.591057,73.803386,2026-09-18 20:49:00
DEV390,18.615283,73.841955,2026-09-18 20:49:00
DEV920,18.615689,73.824754,2026-09-18 20:49:00
DEV776,18.595454,73.91899,2026-09-18 20:49:00
DEV899,18.550116,73.855804,2026-09-18 20:49:00
DEV715,18.516242,73.930159,2026-09-18 20:49:00
DEV065,18.634843,73.780532,2026-09-18 20:50:00
DEV665,18.536398,73.855397,2026-09-18 20:50:00
DEV820,18.500836,73.831914,2026-09-18 20:50:00
DEV260,18.550716,73.929405,2026-09-18 20:50:00
DEV044,18.603118,73.856245,2026-09-18 20:50:00
DEV154,18.581565,73.917865,2026-09-18 20:50:00
DEV735,18.516159,73.854751,2026-09-18 20:50:00
DEV813,18.498847,73.840043,2026-09-18 20:50:00
DEV247,18.613421,73.78063,2026-09-18 20:50:00
DEV946,18.470659,73.847495,2026-09-18 20:50:00
DEV526,18.496738,73.886754,2026-09-18 20:50:00
DEV106,18.526754,73.91533,2026-09-18 20:50:00
DEV059,18.554141,73.756302,2026-09-18 20:50:00
DEV955,18.631778,73.860293,2026-09-18 20:50:00
DEV548,18.523993,73.759595,2026-09-18 20:50:00
DEV572,18.575297,73.908111,2026-09-18 20:51:00
DEV582,18.540487,73.914072,2026-09-18 20:51:00
DEV824,18.602914,73.880582,2026-09-18 20:51:00
DEV807,18.482711,73.75577,2026-09-18 20:51:00
DEV245,18.546308,73.755082,2026-09-18 20:51:00
DEV971,18.482019,73.911596,2026-09-18 20:51:00
DEV669,18.521497,73.904526,2026-09-18 20:51:00
DEV092,18.646983,73.842204,2026-09-18 20:51:00
DEV036,18.509302,73.89016,2026-09-18 20:51:00
DEV895,18.508318,73.792963,2026-09-18 20:51:00
DEV146,18.642755,73.767849,2026-09-18 20:52:00
DEV899,18.616477,73.84861,2026-09-18 20:52:00
DEV649,18.497396,73.940209,2026-09-18 20:52:00
DEV653,18.618837,73.893326,2026-09-18 20:52:00
DEV128,18.627081,73.923102,2026-09-18 20:52:00
DEV442,18.465921,73.756516,2026-09-18 20:52:00
DEV975,18.472559,73.864511,2026-09-18 20:53:00
DEV492,18.483643,73.926309,2026-09-18 20:53:00
DEV742,18.568965,73.776959,2026-09-18 20:53:00
DEV306,18.501366,73.916667,2026-09-18 20:53:00
DEV918,18.58819,73.9385,2026-09-18 20:53:00
DEV624,18.594941,73.922228,2026-09-18 20:53:00
DEV369,18.636812,73.780923,2026-09-18 20:53:00
DEV927,18.506577,73.793635,2026-09-18 20:53:00
DEV902,18.56644,73.850284,2026-09-18 20:54:00
DEV620,18.609141,73.771221,2026-09-18 20:54:00
DEV069,18.472369,73.762572,2026-09-18 20:54:00
DEV908,18.616039,73.766365,2026-09-18 20:54:00
DEV595,18.596243,73.909127,2026-09-18 20:54:00
DEV745,18.586769,73.902988,2026-09-18 20:54:00
DEV395,18.494756,73.839655,2026-09-18 20:54:00
DEV571,18.554831,73.753452,2026-09-18 20:54:00
DEV321,18.627848,73.932983,2026-09-18 20:54:00
DEV288,18.563552,73.8018,2026-09-18 20:54:00
DEV448,18.509056,73.829425,2026-09-18 20:54:00
DEV089,18.455179,73.895136,2026-09-18 20:54:00
DEV010,18.63642,73.810594,2026-09-18 20:55:00
DEV219,18.493389,73.797364,2026-09-18 20:55:00
DEV179,18.478569,73.835843,2026-09-18 20:55:00
DEV161,18.517157,73.827388,2026-09-18 20:55:00
DEV780,18.490281,73.906162,2026-09-18 20:55:00
DEV400,18.628606,73.789246,2026-09-18 20:55:00
DEV626,18.57621,73.935358,2026-09-18 20:55:00
DEV692,18.452929,73.947161,2026-09-18 20:55:00
DEV247,18.547011,73.925791,2026-09-18 20:55:00
DEV141,18.470442,73.851779,2026-09-18 20:55:00
DEV338,18.503558,73.900119,2026-09-18 20:55:00
DEV217,18.626031,73.808116,2026-09-18 20:55:00
DEV316,18.539055,73.792057,2026-09-18 20:55:00
DEV734,18.464738,73.781363,2026-09-18 20:56:00
DEV680,18.49161,73.778404,2026-09-18 20:56:00
DEV366,18.552487,73.882797,2026-09-18 20:56:00
DEV244,18.595902,73.935168,2026-09-18 20:56:00
DEV521,18.464396,73.809074,2026-09-18 20:56:00
DEV690,18.59858,73.888788,2026-09-18 20:56:00
DEV739,18.577182,73.879644,2026-09-18 20:56:00
DEV320,18.562527,73.910534,2026-09-18 20:56:00
DEV248,18.531433,73.946177,2026-09-18 20:57:00
DEV491,18.511947,73.901425,2026-09-18 20:57:00
DEV451,18.634536,73.884427,2026-09-18 20:57:00
DEV837,18.513415,73.904435,2026-09-18 20:57:00
DEV293,18.560199,73.925516,2026-09-18 20:57:00
DEV601,18.614841,73.925276,2026-09-18 20:57:00
DEV190,18.596134,73.910567,2026-09-18 20:57:00
DEV640,18.513851,73.927293,2026-09-18 20:57:00
DEV427,18.615898,73.795233,2026-09-18 20:57:00
DEV255,18.513546,73.891857,2026-09-18 20:57:00
DEV725,18.634765,73.800262,2026-09-18 20:57:00
DEV781,18.596801,73.785543,2026-09-18 20:58:00
DEV738,18.642044,73.810529,2026-09-18 20:58:00
DEV510,18.565313,73.897241,2026-09-18 20:58:00
DEV905,18.521092,73.940038,2026-09-18 20:58:00
DEV073,18.452703,73.772582,2026-09-18 20:58:00
DEV409,18.461514,73.938098,2026-09-18 20:58:00
DEV312,18.571332,73.945582,2026-09-18 20:58:00
DEV474,18.540473,73.921417,2026-09-18 20:58:00
DEV474,18.468879,73.870233,2026-09-18 20:58:00
DEV059,18.520008,73.756753,2026-09-18 20:58:00
DEV562,18.500641,73.813061,2026-09-18 20:59:00
DEV699,18.569345,73.856824,2026-09-18 20:59:00
DEV860,18.647534,73.758802,2026-09-18 20:59:00
DEV849,18.570717,73.911833,2026-09-18 20:59:00
DEV192,18.553246,73.901038,2026-09-18 20:59:00
DEV337,18.485125,73.754087,2026-09-18 20:59:00
DEV439,18.562305,73.766103,2026-09-18 20:59:00
DEV658,18.472692,73.812804,2026-09-18 20:59:00
DEV942,18.614836,73.896075,2026-09-18 21:00:00
DEV309,18.538763,73.778489,2026-09-18 21:00:00
DEV727,18.461655,73.820549,2026-09-18 21:00:00
DEV366,18.558023,73.889874,2026-09-18 21:00:00
DEV695,18.48374,73.756459,2026-09-18 21:00:00
DEV862,18.456722,73.809483,2026-09-18 21:00:00
DEV478,18.546375,73.898414,2026-09-18 21:00:00
DEV481,18.643863,73.875273,2026-09-18 21:00:00
DEV816,18.594443,73.810708,2026-09-18 21:00:00
DEV983,18.589635,73.946705,2026-09-18 21:00:00
DEV913,18.576617,73.766834,2026-09-18 21:00:00
DEV693,18.57124,73.898253,2026-09-18 21:01:00
DEV314,18.590661,73.827052,2026-09-18 21:01:00
DEV154,18.630401,73.842652,2026-09-18 21:01:00
DEV988,18.501281,73.937217,2026-09-18 21:01:00
DEV509,18.472199,73.881569,2026-09-18 21:01:00
DEV383,18.462594,73.859869,2026-09-18 21:01:00
DEV352,18.566373,73.844065,2026-09-18 21:01:00
DEV119,18.474901,73.818988,2026-09-18 21:02:00
DEV959,18.608663,73.851532,2026-09-18 21:02:00
DEV798,18.568703,73.821611,2026-09-18 21:02:00
DEV937,18.602255,73.838823,2026-09-18 21:02:00
DEV154,18.49355,73.840846,2026-09-18 21:02:00
DEV164,18.53027,73.794691,2026-09-18 21:02:00
DEV855,18.630871,73.788686,2026-09-18 21:02:00
DEV794,18.583535,73.805842,2026-09-18 21:02:00
DEV260,18.524704,73.831801,2026-09-18 21:02:00
DEV091,18.501281,73.913071,2026-09-18 21:02:00
DEV039,18.521278,73.830122,2026-09-18 21:02:00
DEV028,18.585941,73.756254,2026-09-18 21:02:00
DEV421,18.531054,73.863607,2026-09-18 21:02:00
DEV339,18.521063,73.877841,2026-09-18 21:03:00
DEV534,18.644938,73.885253,2026-09-18 21:03:00
DEV995,18.458895,73.89216,2026-09-18 21:03:00
DEV947,18.634284,73.804029,2026-09-18 21:03:00
DEV350,18.530267,73.875079,2026-09-18 21:03:00
DEV805,18.460496,73.828812,2026-09-18 21:04:00
DEV958,18.590091,73.816519,2026-09-18 21:04:00
DEV507,18.512426,73.842163,2026-09-18 21:04:00
DEV886,18.577388,73.934039,2026-09-18 21:04:00
DEV392,18.525655,73.902791,2026-09-18 21:04:00
DEV526,18.456794,73.92956,2026-09-18 21:04:00
DEV262,18.499835,73.920845,2026-09-18 21:04:00
DEV822,18.643219,73.764099,2026-09-18 21:04:00
DEV570,18.574245,73.790251,2026-09-18 21:05:00
DEV445,18.456809,73.779033,2026-09-18 21:05:00
DEV830,18.604286,73.760057,2026-09-18 21:05:00
DEV327,18.574632,73.851282,2026-09-18 21:05:00
DEV538,18.546397,73.941233,2026-09-18 21:05:00
DEV887,18.562559,73.8801,2026-09-18 21:05:00
DEV877,18.585769,73.84625,2026-09-18 21:05:00
DEV259,18.57765,73.87109,2026-09-18 21:05:00
DEV559,18.482393,73.754397,2026-09-18 21:06:00
DEV243,18.615092,73.898029,2026-09-18 21:06:00
DEV662,18.571862,73.867541,2026-09-18 21:06:00
DEV689,18.640582,73.92169,2026-09-18 21:06:00
DEV286,18.635972,73.902857,2026-09-18 21:06:00
DEV393,18.514936,73.937114,2026-09-18 21:06:00
DEV056,18.466018,73.89758,2026-09-18 21:06:00
DEV376,18.625561,73.885292,2026-09-18 21:06:00
DEV884,18.644013,73.862495,2026-09-18 21:07:00
DEV001,18.495442,73.852848,2026-09-18 21:07:00
DEV102,18.567831,73.804566,2026-09-18 21:07:00
DEV164,18.626295,73.861102,2026-09-18 21:07:00
DEV521,18.587824,73.813386,2026-09-18 21:07:00
DEV972,18.595999,73.864599,2026-09-18 21:07:00
DEV436,18.612004,73.812005,2026-09-18 21:07:00
DEV797,18.564846,73.810592,2026-09-18 21:07:00
DEV438,18.571305,73.796699,2026-09-18 21:07:00
DEV004,18.506662,73.821188,2026-09-18 21:07:00
DEV099,18.505034,73.87176,2026-09-18 21:07:00
DEV263,18.462359,73.919352,2026-09-18 21:07:00
DEV189,18.647968,73.9028,2026-09-18 21:07:00
DEV693,18.638363,73.791391,2026-09-18 21:07:00
DEV397,18.634287,73.794646,2026-09-18 21:07:00
DEV528,18.645716,73.872929,2026-09-18 21:07:00
DEV713,18.573218,73.776166,2026-09-18 21:08:00
DEV322,18.512233,73.779013,2026-09-18 21:08:00
DEV146,18.575215,73.842509,2026-09-18 21:08:00
DEV483,18.564655,73.7749,2026-09-18 21:08:00
DEV621,18.602292,73.779406,2026-09-18 21:08:00
DEV562,18.471274,73.788265,2026-09-18 21:08:00
DEV214,18.636509,73.880296,2026-09-18 21:08:00
DEV087,18.590788,73.776538,2026-09-18 21:08:00
DEV613,18.628171,73.821407,2026-09-18 21:08:00
DEV435,18.586357,73.868638,2026-09-18 21:08:00
DEV888,18.646427,73.793618,2026-09-18 21:08:00
DEV938,18.609331,73.887442,2026-09-18 21:09:00
DEV559,18.559413,73.78374,2026-09-18 21:09:00
DEV982,18.500197,73.804148,2026-09-18 21:09:00
DEV824,18.475445,73.843384,2026-09-18 21:09:00
DEV514,18.629409,73.829012,2026-09-18 21:09:00
DEV422,18.606531,73.807214,2026-09-18 21:09:00
DEV877,18.608057,73.810925,2026-09-18 21:09:00
DEV074,18.489809,73.861421,2026-09-18 21:10:00
DEV302,18.467923,73.855665,2026-09-18 21:10:00
DEV146,18.563025,73.755629,2026-09-18 21:10:00
DEV419,18.563568,73.797173,2026-09-18 21:10:00
DEV258,18.579534,73.827648,2026-09-18 21:10:00
DEV557,18.496708,73.934349,2026-09-18 21:10:00
DEV192,18.631395,73.811028,2026-09-18 21:10:00
DEV946,18.576614,73.908613,2026-09-18 21:10:00
DEV781,18.538026,73.816703,2026-09-18 21:10:00
DEV987,18.564974,73.937314,2026-09-18 21:10:00
DEV090,18.578744,73.817833,2026-09-18 21:10:00
DEV140,18.640533,73.805025,2026-09-18 21:10:00
DEV658,18.517335,73.859341,2026-09-18 21:11:00
DEV933,18.617216,73.847395,2026-09-18 21:11:00
DEV035,18.589444,73.89705,2026-09-18 21:11:00
DEV825,18.596461,73.820168,2026-09-18 21:11:00
DEV455,18.586461,73.917597,2026-09-18 21:11:00
DEV350,18.5112,73.755942,2026-09-18 21:11:00
DEV438,18.45888,73.767205,2026-09-18 21:11:00
DEV419,18.616676,73.887405,2026-09-18 21:11:00
DEV693,18.505467,73.824563,2026-09-18 21:11:00
DEV362,18.452138,73.77742,2026-09-18 21:11:00
DEV428,18.587391,73.813154,2026-09-18 21:11:00
DEV088,18.523106,73.912917,2026-09-18 21:12:00
DEV917,18.497167,73.937425,2026-09-18 21:12:00
DEV077,18.59718,73.766877,2026-09-18 21:12:00
DEV524,18.554091,73.911249,2026-09-18 21:12:00
DEV447,18.627409,73.833344,2026-09-18 21:12:00
DEV232,18.536099,73.822765,2026-09-18 21:12:00
DEV073,18.553536,73.855353,2026-09-18 21:12:00
DEV173,18.466676,73.852481,2026-09-18 21:12:00
DEV216,18.591557,73.938361,2026-09-18 21:12:00
DEV231,18.50751,73.855191,2026-09-18 21:12:00
DEV912,18.597096,73.773597,2026-09-18 21:12:00
DEV509,18.518671,73.842672,2026-09-18 21:12:00
DEV443,18.529642,73.815003,2026-09-18 21:12:00
DEV099,18.565644,73.916057,2026-09-18 21:12:00
DEV968,18.539234,73.907358,2026-09-18 21:13:00
DEV304,18.489747,73.76339,2026-09-18 21:13:00
DEV845,18.630575,73.801129,2026-09-18 21:13:00
DEV177,18.623593,73.929573,2026-09-18 21:13:00
DEV947,18.484371,73.785881,2026-09-18 21:13:00
DEV899,18.649426,73.766726,2026-09-18 21:13:00
DEV651,18.525422,73.805119,2026-09-18 21:13:00
DEV549,18.552406,73.910638,2026-09-18 21:13:00
DEV741,18.534696,73.857547,2026-09-18 21:14:00
DEV324,18.624079,73.824666,2026-09-18 21:14:00
DEV141,18.601247,73.821313,2026-09-18 21:14:00
DEV663,18.49665,73.898799,2026-09-18 21:14:00
DEV882,18.485116,73.79856,2026-09-18 21:14:00
DEV032,18.569777,73.785746,2026-09-18 21:15:00
DEV321,18.601848,73.944077,2026-09-18 21:15:00
DEV574,18.519438,73.836371,2026-09-18 21:15:00
DEV828,18.621165,73.867201,2026-09-18 21:15:00
DEV023,18.52403,73.919027,2026-09-18 21:15:00
DEV802,18.605536,73.84975,2026-09-18 21:15:00
DEV700,18.566259,73.892322,2026-09-18 21:15:00
DEV364,18.562563,73.919468,2026-09-18 21:15:00
DEV989,18.506974,73.786278,2026-09-18 21:15:00
DEV600,18.617415,73.776912,2026-09-18 21:15:00
DEV132,18.636904,73.890239,2026-09-18 21:15:00
DEV693,18.591744,73.944343,2026-09-18 21:16:00
DEV206,18.567611,73.933729,2026-09-18 21:16:00
DEV450,18.572779,73.835789,2026-09-18 21:16:00
DEV721,18.578124,73.787242,2026-09-18 21:16:00
DEV794,18.570028,73.763767,2026-09-18 21:16:00
DEV592,18.611149,73.865979,2026-09-18 21:16:00
DEV122,18.587917,73.860534,2026-09-18 21:16:00
DEV888,18.593939,73.928315,2026-09-18 21:17:00
DEV618,18.632358,73.76424,2026-09-18 21:17:00
DEV270,18.602121,73.887239,2026-09-18 21:17:00
DEV143,18.564318,73.759992,2026-09-18 21:17:00
DEV631,18.620711,73.83942,2026-09-18 21:17:00
DEV530,18.541567,73.886126,2026-09-18 21:17:00
DEV095,18.616207,73.770494,2026-09-18 21:17:00
DEV694,18.517106,73.79402,2026-09-18 21:17:00
DEV714,18.475116,73.876233,2026-09-18 21:17:00
DEV369,18.518135,73.852348,2026-09-18 21:18:00
DEV803,18.642902,73.87004,2026-09-18 21:18:00
DEV850,18.63754,73.755873,2026-09-18 21:18:00
DEV452,18.584196,73.878733,2026-09-18 21:18:00
DEV139,18.532862,73.852749,2026-09-18 21:18:00
DEV054,18.507768,73.81198,2026-09-18 21:18:00
DEV764,18.451299,73.76872,2026-09-18 21:18:00
DEV481,18.570775,73.83719,2026-09-18 21:18:00
DEV426,18.451629,73.848367,2026-09-18 21:18:00
DEV814,18.559905,73.845672,2026-09-18 21:18:00
DEV817,18.592406,73.876468,2026-09-18 21:18:00
DEV283,18.601037,73.768703,2026-09-18 21:18:00
DEV975,18.476529,73.887236,2026-09-18 21:18:00
DEV420,18.526497,73.807789,2026-09-18 21:19:00
DEV829,18.598919,73.913416,2026-09-18 21:19:00
DEV002,18.569919,73.849797,2026-09-18 21:19:00
DEV128,18.524437,73.813924,2026-09-18 21:19:00
DEV350,18.518437,73.880028,2026-09-18 21:19:00
DEV128,18.601012,73.76424,2026-09-18 21:19:00
DEV303,18.451186,73.868962,2026-09-18 21:19:00
DEV017,18.542228,73.817918,2026-09-18 21:19:00
DEV446,18.64619,73.811184,2026-09-18 21:19:00
DEV702,18.482355,73.791536,2026-09-18 21:19:00
DEV441,18.618652,73.894569,2026-09-18 21:19:00
DEV807,18.501036,73.862371,2026-09-18 21:19:00
DEV665,18.604662,73.845261,2026-09-18 21:19:00
DEV027,18.508483,73.799273,2026-09-18 21:20:00
DEV848,18.628877,73.888086,2026-09-18 21:20:00
DEV505,18.50561,73.797705,2026-09-18 21:20:00
DEV192,18.520344,73.924673,2026-09-18 21:20:00
DEV243,18.500429,73.917279,2026-09-18 21:20:00
DEV655,18.545298,73.794471,2026-09-18 21:20:00
DEV800,18.513301,73.796461,2026-09-18 21:20:00
DEV482,18.561971,73.89829,2026-09-18 21:20:00
DEV116,18.596738,73.93968,2026-09-18 21:20:00
DEV098,18.62605,73.885658,2026-09-18 21:20:00
DEV159,18.556721,73.92628,2026-09-18 21:21:00
DEV130,18.493161,73.881247,2026-09-18 21:21:00
DEV936,18.489333,73.939981,2026-09-18 21:21:00
DEV573,18.484026,73.787642,2026-09-18 21:21:00
DEV750,18.618958,73.94061,2026-09-18 21:21:00
DEV058,18.528716,73.763719,2026-09-18 21:21:00
DEV883,18.512239,73.769532,2026-09-18 21:21:00
DEV296,18.563002,73.787226,2026-09-18 21:21:00
DEV878,18.561174,73.846692,2026-09-18 21:21:00
DEV210,18.511151,73.854541,2026-09-18 21:21:00
DEV317,18.629497,73.904685,2026-09-18 21:22:00
DEV364,18.476694,73.889356,2026-09-18 21:22:00
DEV874,18.515815,73.949471,2026-09-18 21:22:00
DEV398,18.567007,73.780337,2026-09-18 21:22:00
DEV952,18.587855,73.80045,2026-09-18 21:22:00
DEV489,18.585178,73.817434,2026-09-18 21:22:00
DEV313,18.600602,73.912043,2026-09-18 21:22:00
DEV649,18.618828,73.8694,2026-09-18 21:22:00
DEV062,18.581974,73.822333,2026-09-18 21:22:00
DEV996,18.523871,73.831176,2026-09-18 21:22:00
DEV946,18.473979,73.901905,2026-09-18 21:22:00
DEV689,18.4629,73.837833,2026-09-18 21:23:00
DEV517,18.562502,73.898677,2026-09-18 21:23:00
DEV470,18.589835,73.873942,2026-09-18 21:23:00
DEV264,18.564786,73.803847,2026-09-18 21:23:00
DEV538,18.621785,73.941367,2026-09-18 21:23:00
DEV683,18.501594,73.867937,2026-09-18 21:23:00
DEV991,18.576606,73.790711,2026-09-18 21:23:00
DEV956,18.50496,73.911467,2026-09-18 21:23:00
DEV977,18.536339,73.842299,2026-09-18 21:23:00
DEV732,18.620117,73.927051,2026-09-18 21:23:00
DEV781,18.552864,73.879061,2026-09-18 21:23:00
DEV537,18.514248,73.791004,2026-09-18 21:24:00
DEV736,18.46344,73.800915,2026-09-18 21:24:00
DEV314,18.642844,73.773022,2026-09-18 21:24:00
DEV250,18.50316,73.806702,2026-09-18 21:24:00
DEV594,18.545904,73.870473,2026-09-18 21:24:00
DEV914,18.619726,73.778373,2026-09-18 21:24:00
DEV376,18.575463,73.75746,2026-09-18 21:24:00
DEV007,18.482121,73.853627,2026-09-18 21:24:00
DEV952,18.464074,73.913082,2026-09-18 21:24:00
DEV747,18.527726,73.888615,2026-09-18 21:24:00
DEV815,18.597636,73.887299,2026-09-18 21:24:00
DEV099,18.502142,73.841959,2026-09-18 21:24:00
DEV075,18.499925,73.949254,2026-09-18 21:24:00
DEV865,18.642326,73.871777,2026-09-18 21:25:00
DEV544,18.5986,73.811396,2026-09-18 21:25:00
DEV874,18.551788,73.84947,2026-09-18 21:25:00
DEV548,18.556427,73.922908,2026-09-18 21:25:00
DEV256,18.488893,73.788225,2026-09-18 21:25:00
DEV375,18.614228,73.937759,2026-09-18 21:25:00
DEV811,18.629301,73.934767,2026-09-18 21:25:00
DEV718,18.574726,73.916915,2026-09-18 21:25:00
DEV822,18.591364,73.775708,2026-09-18 21:25:00
DEV816,18.552845,73.941938,2026-09-18 21:25:00
DEV328,18.584089,73.790456,2026-09-18 21:25:00
DEV761,18.474984,73.912234,2026-09-18 21:26:00
DEV126,18.580652,73.949381,2026-09-18 21:26:00
DEV871,18.540846,73.857644,2026-09-18 21:26:00
DEV906,18.60896,73.897417,2026-09-18 21:26:00
DEV895,18.5114,73.929318,2026-09-18 21:26:00
DEV301,18.478304,73.753543,2026-09-18 21:26:00
DEV054,18.515156,73.917227,2026-09-18 21:26:00
DEV096,18.504369,73.924144,2026-09-18 21:27:00
DEV522,18.618341,73.869571,2026-09-18 21:27:00
DEV656,18.56758,73.825217,2026-09-18 21:27:00
DEV712,18.649218,73.886765,2026-09-18 21:27:00
DEV877,18.582276,73.76486,2026-09-18 21:27:00
DEV776,18.560768,73.777338,2026-09-18 21:27:00
DEV378,18.484073,73.902551,2026-09-18 21:27:00
DEV686,18.608155,73.91057,2026-09-18 21:27:00
DEV693,18.461928,73.948653,2026-09-18 21:27:00
DEV673,18.544576,73.753613,2026-09-18 21:27:00
DEV751,18.630508,73.822482,2026-09-18 21:27:00
DEV462,18.509479,73.917803,2026-09-18 21:27:00
DEV285,18.640567,73.889767,2026-09-18 21:27:00
DEV838,18.574988,73.912077,2026-09-18 21:27:00
DEV948,18.499546,73.842082,2026-09-18 21:28:00
DEV361,18.636884,73.808335,2026-09-18 21:28:00
DEV840,18.465796,73.912651,2026-09-18 21:28:00
DEV540,18.498669,73.802101,2026-09-18 21:28:00
DEV982,18.645014,73.765048,2026-09-18 21:28:00
DEV579,18.537529,73.769342,2026-09-18 21:28:00
DEV925,18.506473,73.780116,2026-09-18 21:28:00
DEV786,18.451357,73.821406,2026-09-18 21:28:00
DEV641,18.593038,73.823078,2026-09-18 21:28:00
DEV587,18.476066,73.759314,2026-09-18 21:28:00
DEV082,18.476429,73.87393,2026-09-18 21:29:00
DEV576,18.451557,73.949604,2026-09-18 21:29:00
DEV229,18.607001,73.768211,2026-09-18 21:29:00
DEV998,18.619173,73.806664,2026-09-18 21:29:00
DEV156,18.64412,73.884628,2026-09-18 21:29:00
DEV605,18.539935,73.758277,2026-09-18 21:29:00
DEV727,18.513976,73.797041,2026-09-18 21:29:00
DEV010,18.481069,73.792644,2026-09-18 21:29:00
DEV691,18.484181,73.885556,2026-09-18 21:30:00
DEV410,18.590465,73.921152,2026-09-18 21:30:00
DEV336,18.612765,73.907576,2026-09-18 21:30:00
DEV399,18.519328,73.770873,2026-09-18 21:30:00
DEV153,18.624601,73.865191,2026-09-18 21:30:00
DEV485,18.549642,73.946435,2026-09-18 21:30:00
DEV278,18.631523,73.817719,2026-09-18 21:30:00
DEV338,18.500361,73.908011,2026-09-18 21:30:00
DEV506,18.59974,73.840133,2026-09-18 21:30:00
DEV112,18.553012,73.921896,2026-09-18 21:30:00
DEV109,18.583006,73.753895,2026-09-18 21:31:00
DEV347,18.532591,73.839731,2026-09-18 21:31:00
DEV772,18.541996,73.810032,2026-09-18 21:31:00
DEV117,18.498728,73.831647,2026-09-18 21:31:00
DEV490,18.474657,73.918588,2026-09-18 21:31:00
DEV179,18.633674,73.917251,2026-09-18 21:31:00
DEV029,18.642378,73.911896,2026-09-18 21:32:00
DEV276,18.559303,73.927922,2026-09-18 21:32:00
DEV024,18.553289,73.891791,2026-09-18 21:32:00
DEV200,18.487597,73.842699,2026-09-18 21:32:00
DEV568,18.495018,73.877081,2026-09-18 21:32:00
DEV909,18.514195,73.755101,2026-09-18 21:32:00
DEV078,18.602489,73.903034,2026-09-18 21:32:00
DEV805,18.516964,73.863097,2026-09-18 21:33:00
DEV754,18.639769,73.876295,2026-09-18 21:33:00
DEV910,18.612913,73.946107,2026-09-18 21:33:00
DEV261,18.54668,73.873818,2026-09-18 21:33:00
DEV646,18.459408,73.760303,2026-09-18 21:33:00
DEV871,18.520674,73.895217,2026-09-18 21:33:00
DEV340,18.588134,73.764105,2026-09-18 21:33:00
DEV940,18.536594,73.811665,2026-09-18 21:33:00
DEV645,18.50912,73.771061,2026-09-18 21:33:00
DEV801,18.468454,73.936453,2026-09-18 21:33:00
DEV690,18.530838,73.873869,2026-09-18 21:34:00
DEV782,18.488242,73.800671,2026-09-18 21:34:00
DEV850,18.630131,73.781305,2026-09-18 21:34:00
DEV817,18.63716,73.753281,2026-09-18 21:34:00
DEV922,18.522832,73.933356,2026-09-18 21:34:00
DEV271,18.469128,73.831682,2026-09-18 21:34:00
DEV379,18.592438,73.919559,2026-09-18 21:34:00
DEV023,18.567112,73.873262,2026-09-18 21:34:00
DEV759,18.486175,73.831327,2026-09-18 21:34:00
DEV984,18.593689,73.828589,2026-09-18 21:34:00
DEV041,18.573013,73.831875,2026-09-18 21:34:00
DEV699,18.536885,73.770025,2026-09-18 21:34:00
DEV277,18.456858,73.772537,2026-09-18 21:35:00
DEV564,18.521324,73.803099,2026-09-18 21:35:00
DEV756,18.56006,73.752673,2026-09-18 21:35:00
DEV203,18.573493,73.932321,2026-09-18 21:35:00
DEV124,18.498846,73.92418,2026-09-18 21:35:00
DEV147,18.526338,73.831693,2026-09-18 21:35:00
DEV315,18.559982,73.891149,2026-09-18 21:35:00
DEV504,18.503429,73.80746,2026-09-18 21:35:00
DEV709,18.648716,73.857104,2026-09-18 21:35:00
DEV425,18.612087,73.755917,2026-09-18 21:35:00
DEV349,18.594672,73.908583,2026-09-18 21:35:00
DEV053,18.641505,73.765648,2026-09-18 21:35:00
DEV885,18.578082,73.891215,2026-09-18 21:35:00
DEV838,18.582224,73.760166,2026-09-18 21:36:00
DEV063,18.456083,73.937151,2026-09-18 21:36:00
DEV923,18.628165,73.832782,2026-09-18 21:36:00
DEV959,18.502299,73.913283,2026-09-18 21:36:00
DEV311,18.60937,73.767964,2026-09-18 21:36:00
DEV256,18.550326,73.76429,2026-09-18 21:36:00
DEV527,18.525328,73.759672,2026-09-18 21:36:00
DEV511,18.594482,73.783284,2026-09-18 21:36:00
DEV241,18.615361,73.921653,2026-09-18 21:37:00
DEV238,18.584805,73.860735,2026-09-18 21:37:00
DEV588,18.646052,73.784617,2026-09-18 21:37:00
DEV974,18.633186,73.905306,2026-09-18 21:37:00
DEV274,18.63254,73.850612,2026-09-18 21:37:00
DEV588,18.457687,73.874219,2026-09-18 21:37:00
DEV380,18.571372,73.906426,2026-09-18 21:37:00
DEV652,18.56662,73.875498,2026-09-18 21:37:00
DEV525,18.615152,73.868573,2026-09-18 21:37:00
DEV976,18.540055,73.816053,2026-09-18 21:37:00
DEV118,18.588958,73.792538,2026-09-18 21:37:00
DEV123,18.507763,73.949498,2026-09-18 21:37:00
DEV701,18.628653,73.807268,2026-09-18 21:37:00
DEV758,18.451409,73.818214,2026-09-18 21:38:00
DEV534,18.5006,73.878264,2026-09-18 21:38:00
DEV552,18.634749,73.796198,2026-09-18 21:38:00
DEV538,18.493137,73.914883,2026-09-18 21:38:00
DEV494,18.596875,73.907393,2026-09-18 21:38:00
DEV531,18.581745,73.914711,2026-09-18 21:38:00
DEV720,18.59302,73.927338,2026-09-18 21:38:00
DEV093,18.547918,73.943954,2026-09-18 21:38:00
DEV009,18.472942,73.762587,2026-09-18 21:38:00
DEV211,18.616452,73.771331,2026-09-18 21:38:00
DEV763,18.568598,73.823672,2026-09-18 21:39:00
DEV325,18.49236,73.85603,2026-09-18 21:39:00
DEV958,18.461548,73.852586,2026-09-18 21:39:00
DEV229,18.525842,73.913605,2026-09-18 21:39:00
DEV228,18.622999,73.816026,2026-09-18 21:39:00
DEV424,18.45343,73.879284,2026-09-18 21:39:00
DEV101,18.477347,73.912085,2026-09-18 21:39:00
DEV701,18.634642,73.842743,2026-09-18 21:39:00
DEV467,18.505693,73.756407,2026-09-18 21:39:00
DEV086,18.637822,73.842822,2026-09-18 21:39:00
DEV644,18.568774,73.817863,2026-09-18 21:40:00
DEV537,18.50261,73.777785,2026-09-18 21:40:00
DEV839,18.601386,73.866524,2026-09-18 21:40:00
DEV648,18.47957,73.83054,2026-09-18 21:40:00
DEV537,18.625133,73.937255,2026-09-18 21:40:00
DEV926,18.540088,73.905532,2026-09-18 21:40:00
DEV214,18.476536,73.832191,2026-09-18 21:40:00
DEV184,18.458932,73.817372,2026-09-18 21:40:00
DEV581,18.468175,73.841888,2026-09-18 21:40:00
DEV582,18.541123,73.814228,2026-09-18 21:40:00
DEV406,18.584141,73.763963,2026-09-18 21:40:00
DEV412,18.553017,73.79159,2026-09-18 21:40:00
DEV191,18.60491,73.775262,2026-09-18 21:40:00
DEV741,18.599621,73.780335,2026-09-18 21:40:00
DEV968,18.570272,73.89331,2026-09-18 21:41:00
DEV384,18.483638,73.75527,2026-09-18 21:41:00
DEV671,18.48415,73.898561,2026-09-18 21:41:00
DEV991,18.517207,73.849233,2026-09-18 21:42:00
DEV607,18.589907,73.881343,2026-09-18 21:42:00
DEV866,18.563007,73.846715,2026-09-18 21:42:00
DEV518,18.501595,73.896019,2026-09-18 21:42:00
DEV556,18.631005,73.937439,2026-09-18 21:42:00
DEV858,18.539615,73.937488,2026-09-18 21:42:00
DEV152,18.62063,73.916705,2026-09-18 21:42:00
DEV093,18.6346,73.859816,2026-09-18 21:42:00
DEV277,18.625074,73.768996,2026-09-18 21:42:00
DEV797,18.486646,73.776463,2026-09-18 21:42:00
DEV524,18.593798,73.786538,2026-09-18 21:42:00
DEV218,18.519055,73.925585,2026-09-18 21:42:00
DEV100,18.465359,73.925836,2026-09-18 21:42:00
DEV728,18.608687,73.872233,2026-09-18 21:42:00
DEV663,18.514685,73.933405,2026-09-18 21:42:00
DEV724,18.649216,73.927132,2026-09-18 21:42:00
DEV855,18.506577,73.765083,2026-09-18 21:42:00
DEV208,18.514452,73.912117,2026-09-18 21:42:00
DEV920,18.485577,73.931448,2026-09-18 21:42:00
DEV086,18.455251,73.859225,2026-09-18 21:42:00
DEV021,18.530606,73.86252,2026-09-18 21:42:00
DEV401,18.617671,73.879021,2026-09-18 21:43:00
DEV558,18.55339,73.922883,2026-09-18 21:43:00
DEV542,18.471205,73.86948,2026-09-18 21:43:00
DEV136,18.541003,73.813814,2026-09-18 21:43:00
DEV284,18.618099,73.796061,2026-09-18 21:43:00
DEV606,18.550188,73.874595,2026-09-18 21:43:00
DEV373,18.611093,73.784911,2026-09-18 21:43:00
DEV183,18.608434,73.776804,2026-09-18 21:43:00
DEV129,18.489671,73.874229,2026-09-18 21:43:00
DEV022,18.544046,73.938351,2026-09-18 21:43:00
DEV977,18.469009,73.880507,2026-09-18 21:44:00
DEV693,18.51028,73.943157,2026-09-18 21:44:00
DEV528,18.620142,73.818795,2026-09-18 21:44:00
DEV271,18.572263,73.895969,2026-09-18 21:44:00
DEV270,18.592912,73.828719,2026-09-18 21:44:00
DEV612,18.637548,73.885249,2026-09-18 21:44:00
DEV524,18.539595,73.882425,2026-09-18 21:44:00
DEV803,18.635527,73.93601,2026-09-18 21:44:00
DEV493,18.542085,73.911833,2026-09-18 21:44:00
DEV260,18.530904,73.937023,2026-09-18 21:45:00
DEV404,18.569559,73.798632,2026-09-18 21:45:00
DEV082,18.628974,73.909595,2026-09-18 21:45:00
DEV667,18.552934,73.756029,2026-09-18 21:45:00
DEV438,18.626778,73.83809,2026-09-18 21:45:00
DEV963,18.593459,73.88611,2026-09-18 21:45:00
DEV506,18.627757,73.797725,2026-09-18 21:45:00
DEV427,18.508461,73.931942,2026-09-18 21:45:00
DEV307,18.62767,73.752043,2026-09-18 21:45:00
DEV863,18.556696,73.897166,2026-09-18 21:45:00
DEV119,18.527726,73.781187,2026-09-18 21:45:00
DEV311,18.472627,73.885011,2026-09-18 21:45:00
DEV044,18.49894,73.851655,2026-09-18 21:46:00
DEV889,18.584763,73.758373,2026-09-18 21:46:00
DEV467,18.588737,73.768411,2026-09-18 21:46:00
DEV303,18.505248,73.912426,2026-09-18 21:46:00
DEV031,18.522553,73.773561,2026-09-18 21:46:00
DEV917,18.590152,73.905977,2026-09-18 21:46:00
DEV887,18.595096,73.924765,2026-09-18 21:46:00
DEV696,18.645114,73.810484,2026-09-18 21:46:00
DEV831,18.563,73.822132,2026-09-18 21:46:00
DEV607,18.528059,73.928375,2026-09-18 21:47:00
DEV921,18.576084,73.845436,2026-09-18 21:47:00
DEV956,18.45649,73.906998,2026-09-18 21:47:00
DEV224,18.479382,73.766162,2026-09-18 21:47:00
DEV656,18.547756,73.877179,2026-09-18 21:47:00
DEV921,18.577456,73.944549,2026-09-18 21:47:00
DEV368,18.560566,73.903994,2026-09-18 21:47:00
DEV445,18.471927,73.837165,2026-09-18 21:47:00
DEV014,18.462311,73.812582,2026-09-18 21:47:00
DEV868,18.507133,73.914735,2026-09-18 21:47:00
DEV612,18.547209,73.929699,2026-09-18 21:47:00
DEV262,18.626345,73.829141,2026-09-18 21:47:00
DEV728,18.450869,73.839432,2026-09-18 21:47:00
DEV943,18.473953,73.898079,2026-09-18 21:47:00
DEV992,18.54991,73.896351,2026-09-18 21:47:00
DEV572,18.646781,73.768893,2026-09-18 21:47:00
DEV598,18.520184,73.819547,2026-09-18 21:47:00
DEV277,18.599284,73.768728,2026-09-18 21:48:00
DEV364,18.584081,73.786729,2026-09-18 21:48:00
DEV295,18.561999,73.779738,2026-09-18 21:48:00
DEV034,18.491318,73.829471,2026-09-18 21:48:00
DEV776,18.53932,73.873445,2026-09-18 21:48:00
DEV583,18.494852,73.788008,2026-09-18 21:48:00
DEV407,18.533052,73.775211,2026-09-18 21:48:00
DEV577,18.600569,73.912565,2026-09-18 21:48:00
DEV916,18.62363,73.867059,2026-09-18 21:48:00
DEV363,18.625481,73.816196,2026-09-18 21:48:00
DEV720,18.592935,73.787336,2026-09-18 21:49:00
DEV302,18.563895,73.870663,2026-09-18 21:49:00
DEV542,18.454102,73.848857,2026-09-18 21:49:00
DEV615,18.533903,73.881812,2026-09-18 21:49:00
DEV975,18.51974,73.882716,2026-09-18 21:49:00
DEV120,18.570488,73.916383,2026-09-18 21:49:00
DEV517,18.47272,73.766723,2026-09-18 21:49:00
DEV665,18.499694,73.758745,2026-09-18 21:49:00
DEV845,18.577691,73.776789,2026-09-18 21:49:00
DEV202,18.452516,73.935358,2026-09-18 21:49:00
DEV510,18.624504,73.85445,2026-09-18 21:50:00
DEV493,18.639099,73.94907,2026-09-18 21:50:00
DEV649,18.565408,73.823374,2026-09-18 21:50:00
DEV434,18.619316,73.908352,2026-09-18 21:50:00
DEV784,18.628762,73.778275,2026-09-18 21:51:00
DEV944,18.482322,73.814576,2026-09-18 21:51:00
DEV323,18.600229,73.77109,2026-09-18 21:51:00
DEV701,18.620042,73.7961,2026-09-18 21:51:00
DEV319,18.559278,73.939904,2026-09-18 21:51:00
DEV249,18.459585,73.784589,2026-09-18 21:51:00
DEV344,18.45938,73.930278,2026-09-18 21:51:00
DEV879,18.526267,73.906728,2026-09-18 21:51:00
DEV789,18.524221,73.797034,2026-09-18 21:51:00
DEV050,18.626677,73.795587,2026-09-18 21:51:00
DEV212,18.56267,73.905506,2026-09-18 21:51:00
DEV471,18.586335,73.925765,2026-09-18 21:51:00
DEV510,18.629949,73.807713,2026-09-18 21:52:00
DEV853,18.599173,73.783028,2026-09-18 21:52:00
DEV613,18.527754,73.7966,2026-09-18 21:52:00
DEV748,18.64629,73.789407,2026-09-18 21:52:00
DEV971,18.633555,73.837107,2026-09-18 21:52:00
DEV739,18.551357,73.910028,2026-09-18 21:53:00
DEV146,18.523342,73.813339,2026-09-18 21:53:00
DEV340,18.463957,73.846758,2026-09-18 21:53:00
DEV760,18.48819,73.886199,2026-09-18 21:53:00
DEV434,18.619933,73.75812,2026-09-18 21:53:00
DEV447,18.595783,73.86203,2026-09-18 21:53:00
DEV129,18.646732,73.837236,2026-09-18 21:53:00
DEV862,18.494953,73.836611,2026-09-18 21:53:00
DEV434,18.513659,73.888925,2026-09-18 21:53:00
DEV302,18.463116,73.84047,2026-09-18 21:53:00
DEV550,18.542902,73.873541,2026-09-18 21:53:00
DEV846,18.624316,73.760376,2026-09-18 21:53:00
DEV112,18.51036,73.855607,2026-09-18 21:54:00
DEV611,18.50493,73.89826,2026-09-18 21:54:00
DEV121,18.612312,73.901412,2026-09-18 21:54:00
DEV582,18.50138,73.787904,2026-09-18 21:54:00
DEV233,18.575197,73.945332,2026-09-18 21:54:00
DEV354,18.537931,73.931109,2026-09-18 21:54:00
DEV975,18.536635,73.878392,2026-09-18 21:54:00
DEV959,18.563042,73.856477,2026-09-18 21:54:00
DEV112,18.461487,73.912421,2026-09-18 21:54:00
DEV210,18.622883,73.898433,2026-09-18 21:54:00
DEV291,18.520487,73.883161,2026-09-18 21:54:00
DEV586,18.643199,73.927043,2026-09-18 21:54:00
DEV669,18.562429,73.809056,2026-09-18 21:55:00
DEV737,18.534999,73.816262,2026-09-18 21:55:00
DEV842,18.461896,73.874967,2026-09-18 21:55:00
DEV130,18.588076,73.915911,2026-09-18 21:55:00
DEV580,18.481235,73.799397,2026-09-18 21:55:00
DEV977,18.465948,73.948259,2026-09-18 21:55:00
DEV015,18.491812,73.908662,2026-09-18 21:55:00
DEV117,18.59367,73.937596,2026-09-18 21:55:00
DEV194,18.498655,73.817751,2026-09-18 21:55:00
DEV358,18.604634,73.814944,2026-09-18 21:55:00
DEV337,18.463439,73.940635,2026-09-18 21:55:00
DEV609,18.622098,73.816228,2026-09-18 21:55:00
DEV723,18.592691,73.934049,2026-09-18 21:56:00
DEV852,18.510849,73.890122,2026-09-18 21:56:00
DEV666,18.6453,73.834293,2026-09-18 21:56:00
DEV513,18.589668,73.930689,2026-09-18 21:56:00
DEV194,18.530076,73.911108,2026-09-18 21:56:00
DEV586,18.606104,73.827634,2026-09-18 21:56:00
DEV401,18.578205,73.782742,2026-09-18 21:56:00
DEV924,18.575187,73.922838,2026-09-18 21:56:00
DEV164,18.533869,73.801555,2026-09-18 21:56:00
DEV037,18.491569,73.904082,2026-09-18 21:57:00
DEV504,18.630834,73.759938,2026-09-18 21:57:00
DEV260,18.475801,73.888468,2026-09-18 21:57:00
DEV112,18.521276,73.750321,2026-09-18 21:57:00
DEV699,18.464867,73.877776,2026-09-18 21:57:00
DEV790,18.627024,73.835241,2026-09-18 21:57:00
DEV891,18.611548,73.828146,2026-09-18 21:57:00
DEV611,18.579021,73.81298,2026-09-18 21:57:00
DEV520,18.62303,73.944201,2026-09-18 21:57:00
DEV295,18.561344,73.808894,2026-09-18 21:57:00
DEV442,18.530486,73.840596,2026-09-18 21:57:00
DEV001,18.495682,73.917045,2026-09-18 21:58:00
DEV426,18.473374,73.837694,2026-09-18 21:58:00
DEV304,18.577533,73.910755,2026-09-18 21:58:00
DEV344,18.615566,73.884574,2026-09-18 21:58:00
DEV309,18.489149,73.888806,2026-09-18 21:58:00
DEV604,18.561385,73.884919,2026-09-18 21:58:00
DEV374,18.646197,73.85389,2026-09-18 21:58:00
DEV962,18.597786,73.847264,2026-09-18 21:58:00
DEV655,18.614216,73.821351,2026-09-18 21:58:00
DEV045,18.590877,73.849041,2026-09-18 21:58:00
DEV757,18.610727,73.831348,2026-09-18 21:58:00
DEV782,18.552211,73.891184,2026-09-18 21:58:00
DEV093,18.515452,73.757844,2026-09-18 21:58:00
DEV536,18.481342,73.830251,2026-09-18 21:58:00
DEV179,18.469932,73.766105,2026-09-18 21:58:00
DEV535,18.500197,73.768299,2026-09-18 21:58:00
DEV956,18.5193,73.785865,2026-09-18 21:59:00
DEV397,18.558837,73.868033,2026-09-18 21:59:00
DEV265,18.480207,73.897482,2026-09-18 21:59:00
DEV439,18.568971,73.949603,2026-09-18 21:59:00
DEV883,18.56383,73.77708,2026-09-18 21:59:00
DEV542,18.618303,73.879883,2026-09-18 21:59:00
DEV223,18.565056,73.798336,2026-09-18 21:59:00
DEV537,18.457031,73.934243,2026-09-18 22:00:00
DEV828,18.471053,73.82372,2026-09-18 22:00:00
DEV813,18.471658,73.861078,2026-09-18 22:00:00
DEV016,18.513159,73.839178,2026-09-18 22:00:00
DEV359,18.580417,73.803245,2026-09-18 22:00:00
DEV052,18.542854,73.925612,2026-09-18 22:00:00
DEV071,18.629885,73.868388,2026-09-18 22:00:00
DEV821,18.491054,73.840272,2026-09-18 22:00:00
DEV198,18.599334,73.902433,2026-09-18 22:01:00
DEV588,18.45364,73.769211,2026-09-18 22:01:00
DEV628,18.498014,73.770423,2026-09-18 22:01:00
DEV676,18.54173,73.855779,2026-09-18 22:01:00
DEV929,18.56437,73.791721,2026-09-18 22:01:00
DEV197,18.618185,73.911177,2026-09-18 22:01:00
DEV039,18.56338,73.79224,2026-09-18 22:01:00
DEV111,18.491258,73.859948,2026-09-18 22:02:00
DEV469,18.624566,73.926043,2026-09-18 22:02:00
DEV942,18.522813,73.840335,2026-09-18 22:02:00
DEV184,18.463653,73.809993,2026-09-18 22:02:00
DEV655,18.456651,73.818258,2026-09-18 22:02:00
DEV589,18.56139,73.752179,2026-09-18 22:02:00
DEV188,18.616537,73.865053,2026-09-18 22:02:00
DEV181,18.600274,73.884624,2026-09-18 22:02:00
DEV656,18.60463,73.92456,2026-09-18 22:02:00
DEV659,18.562296,73.767834,2026-09-18 22:03:00
DEV728,18.646083,73.816349,2026-09-18 22:03:00
DEV365,18.464236,73.832033,2026-09-18 22:03:00
DEV467,18.628836,73.924053,2026-09-18 22:03:00
DEV497,18.54001,73.752113,2026-09-18 22:03:00
DEV229,18.5419,73.83165,2026-09-18 22:03:00
DEV649,18.643245,73.775651,2026-09-18 22:04:00
DEV930,18.517098,73.896829,2026-09-18 22:04:00
DEV578,18.499274,73.850748,2026-09-18 22:04:00
DEV371,18.503433,73.824768,2026-09-18 22:04:00
DEV758,18.606223,73.813128,2026-09-18 22:04:00
DEV118,18.620394,73.924953,2026-09-18 22:04:00
DEV214,18.479771,73.769837,2026-09-18 22:04:00
DEV864,18.517621,73.860507,2026-09-18 22:04:00
DEV676,18.588467,73.800027,2026-09-18 22:04:00
DEV056,18.527274,73.861598,2026-09-18 22:04:00
DEV327,18.615808,73.832083,2026-09-18 22:05:00
DEV101,18.618661,73.884139,2026-09-18 22:05:00
DEV929,18.601086,73.801164,2026-09-18 22:05:00
DEV225,18.626523,73.945835,2026-09-18 22:05:00
DEV472,18.497199,73.93449,2026-09-18 22:05:00
DEV137,18.641957,73.804914,2026-09-18 22:05:00
DEV967,18.543041,73.895216,2026-09-18 22:05:00
DEV877,18.556542,73.757975,2026-09-18 22:05:00
DEV677,18.597901,73.933172,2026-09-18 22:05:00
DEV949,18.616365,73.917921,2026-09-18 22:05:00
DEV499,18.636498,73.870881,2026-09-18 22:05:00
DEV662,18.482709,73.859107,2026-09-18 22:05:00
DEV660,18.494018,73.941866,2026-09-18 22:05:00
DEV327,18.610197,73.794065,2026-09-18 22:05:00
DEV070,18.553487,73.939263,2026-09-18 22:06:00
DEV282,18.505864,73.92003,2026-09-18 22:06:00
DEV533,18.610536,73.80435,2026-09-18 22:06:00
DEV491,18.48479,73.92778,2026-09-18 22:06:00
DEV942,18.493445,73.934975,2026-09-18 22:06:00
DEV087,18.601728,73.770577,2026-09-18 22:06:00
DEV045,18.570285,73.939065,2026-09-18 22:06:00
DEV366,18.45839,73.790323,2026-09-18 22:06:00
DEV533,18.504213,73.870945,2026-09-18 22:06:00
DEV670,18.458505,73.873152,2026-09-18 22:06:00
DEV770,18.52701,73.904386,2026-09-18 22:06:00
DEV211,18.619935,73.929512,2026-09-18 22:06:00
DEV532,18.493936,73.830065,2026-09-18 22:06:00
DEV304,18.590628,73.915568,2026-09-18 22:06:00
DEV253,18.452384,73.857166,2026-09-18 22:07:00
DEV633,18.619002,73.856628,2026-09-18 22:07:00
DEV770,18.472184,73.881777,2026-09-18 22:07:00
DEV542,18.547686,73.934402,2026-09-18 22:07:00
DEV414,18.562651,73.88869,2026-09-18 22:07:00
DEV145,18.45317,73.815364,2026-09-18 22:07:00
DEV941,18.557402,73.854801,2026-09-18 22:07:00
DEV374,18.624883,73.857955,2026-09-18 22:07:00
DEV368,18.628063,73.838303,2026-09-18 22:07:00
DEV325,18.474657,73.759637,2026-09-18 22:07:00
DEV310,18.461802,73.86978,2026-09-18 22:07:00
DEV954,18.554539,73.904229,2026-09-18 22:07:00
DEV106,18.637651,73.932568,2026-09-18 22:08:00
DEV303,18.458244,73.778398,2026-09-18 22:08:00
DEV235,18.616961,73.939651,2026-09-18 22:08:00
DEV081,18.611122,73.89534,2026-09-18 22:08:00
DEV026,18.506092,73.847983,2026-09-18 22:08:00
DEV899,18.574365,73.895833,2026-09-18 22:08:00
DEV456,18.48693,73.817785,2026-09-18 22:08:00
DEV296,18.457717,73.825032,2026-09-18 22:08:00
DEV211,18.495542,73.897769,2026-09-18 22:08:00
DEV893,18.614967,73.847356,2026-09-18 22:09:00
DEV977,18.530725,73.781588,2026-09-18 22:09:00
DEV944,18.638327,73.896991,2026-09-18 22:09:00
DEV887,18.637615,73.811946,2026-09-18 22:09:00
DEV414,18.537702,73.875459,2026-09-18 22:10:00
DEV943,18.475603,73.937276,2026-09-18 22:10:00
DEV413,18.620376,73.911893,2026-09-18 22:10:00
DEV502,18.527753,73.938916,2026-09-18 22:10:00
DEV942,18.551448,73.77942,2026-09-18 22:10:00
DEV359,18.468112,73.915173,2026-09-18 22:10:00
DEV777,18.469846,73.903774,2026-09-18 22:10:00
DEV331,18.597087,73.868975,2026-09-18 22:10:00
DEV087,18.503045,73.863217,2026-09-18 22:10:00
DEV834,18.548451,73.90077,2026-09-18 22:10:00
DEV805,18.568597,73.944563,2026-09-18 22:10:00
DEV849,18.583967,73.842493,2026-09-18 22:10:00
DEV583,18.522446,73.808902,2026-09-18 22:10:00
DEV006,18.610619,73.824025,2026-09-18 22:10:00
DEV492,18.612363,73.88135,2026-09-18 22:10:00
DEV261,18.601944,73.854591,2026-09-18 22:11:00
DEV650,18.491068,73.751302,2026-09-18 22:11:00
DEV587,18.594016,73.80795,2026-09-18 22:11:00
DEV849,18.52495,73.949904,2026-09-18 22:11:00
DEV348,18.564336,73.947372,2026-09-18 22:11:00
DEV478,18.631813,73.826489,2026-09-18 22:11:00
DEV477,18.621666,73.850764,2026-09-18 22:11:00
DEV157,18.593473,73.911939,2026-09-18 22:11:00
DEV968,18.472959,73.852128,2026-09-18 22:11:00
DEV350,18.48449,73.945988,2026-09-18 22:11:00
DEV794,18.522573,73.88644,2026-09-18 22:12:00
DEV339,18.51322,73.766906,2026-09-18 22:12:00
DEV726,18.503452,73.935235,2026-09-18 22:12:00
DEV182,18.628508,73.877261,2026-09-18 22:12:00
DEV462,18.545805,73.786742,2026-09-18 22:12:00
DEV056,18.635077,73.923132,2026-09-18 22:12:00
DEV712,18.627021,73.806709,2026-09-18 22:12:00
DEV259,18.528505,73.822865,2026-09-18 22:12:00
DEV025,18.471996,73.918274,2026-09-18 22:12:00
DEV974,18.528542,73.764022,2026-09-18 22:12:00
DEV749,18.5918,73.792627,2026-09-18 22:12:00
DEV406,18.519605,73.879194,2026-09-18 22:13:00
DEV729,18.620034,73.849528,2026-09-18 22:13:00
DEV309,18.635229,73.860657,2026-09-18 22:13:00
DEV682,18.649664,73.882639,2026-09-18 22:13:00
DEV001,18.597005,73.832464,2026-09-18 22:13:00
DEV602,18.455232,73.765549,2026-09-18 22:13:00
DEV048,18.512913,73.849133,2026-09-18 22:13:00
DEV495,18.45371,73.866197,2026-09-18 22:13:00
DEV111,18.454007,73.882207,2026-09-18 22:13:00
DEV209,18.488426,73.812904,2026-09-18 22:13:00
DEV905,18.597582,73.823786,2026-09-18 22:13:00
DEV755,18.564551,73.853835,2026-09-18 22:13:00
DEV118,18.542105,73.777143,2026-09-18 22:14:00
DEV400,18.527499,73.88173,2026-09-18 22:14:00
DEV811,18.468099,73.874022,2026-09-18 22:14:00
DEV039,18.471898,73.929871,2026-09-18 22:14:00
DEV050,18.626623,73.767161,2026-09-18 22:14:00
DEV032,18.604507,73.800128,2026-09-18 22:14:00
DEV685,18.613364,73.8129,2026-09-18 22:14:00
DEV618,18.586987,73.907913,2026-09-18 22:14:00
DEV020,18.624253,73.76103,2026-09-18 22:15:00
DEV846,18.452206,73.798566,2026-09-18 22:15:00
DEV668,18.531763,73.837287,2026-09-18 22:15:00
DEV476,18.554023,73.907554,2026-09-18 22:15:00
DEV640,18.593321,73.931835,2026-09-18 22:15:00
DEV061,18.559727,73.802558,2026-09-18 22:16:00
DEV202,18.469109,73.787376,2026-09-18 22:16:00
DEV214,18.599148,73.788631,2026-09-18 22:16:00
DEV128,18.508785,73.770974,2026-09-18 22:16:00
DEV107,18.473672,73.875811,2026-09-18 22:16:00
DEV797,18.536601,73.936633,2026-09-18 22:17:00
DEV100,18.611216,73.854063,2026-09-18 22:17:00
DEV781,18.476407,73.863966,2026-09-18 22:17:00
DEV745,18.470751,73.864389,2026-09-18 22:17:00
DEV815,18.517563,73.865574,2026-09-18 22:17:00
DEV697,18.476949,73.886049,2026-09-18 22:17:00
DEV391,18.535377,73.928874,2026-09-18 22:17:00
DEV924,18.553569,73.868395,2026-09-18 22:17:00
DEV220,18.530555,73.772884,2026-09-18 22:17:00
DEV650,18.573737,73.795192,2026-09-18 22:18:00
DEV318,18.465406,73.918338,2026-09-18 22:18:00
DEV284,18.640196,73.803705,2026-09-18 22:18:00
DEV450,18.529051,73.892087,2026-09-18 22:18:00
DEV869,18.590141,73.85904,2026-09-18 22:19:00
DEV826,18.518676,73.777752,2026-09-18 22:19:00
DEV894,18.575974,73.820794,2026-09-18 22:19:00
DEV965,18.560692,73.83716,2026-09-18 22:19:00
DEV337,18.545794,73.874068,2026-09-18 22:19:00
DEV778,18.458634,73.856364,2026-09-18 22:19:00
DEV420,18.531845,73.847152,2026-09-18 22:19:00
DEV721,18.514706,73.768026,2026-09-18 22:19:00
DEV374,18.509383,73.80642,2026-09-18 22:19:00
DEV813,18.637775,73.822493,2026-09-18 22:19:00
DEV584,18.521277,73.767761,2026-09-18 22:19:00
DEV577,18.476305,73.786483,2026-09-18 22:19:00
DEV486,18.540437,73.833557,2026-09-18 22:19:00
DEV111,18.483794,73.800306,2026-09-18 22:20:00
DEV772,18.570823,73.769296,2026-09-18 22:20:00
DEV427,18.465764,73.905067,2026-09-18 22:20:00
DEV174,18.55226,73.836237,2026-09-18 22:20:00
DEV854,18.517108,73.934651,2026-09-18 22:20:00
DEV653,18.54944,73.851615,2026-09-18 22:20:00
DEV895,18.525777,73.783893,2026-09-18 22:20:00
DEV278,18.576532,73.918136,2026-09-18 22:21:00
DEV493,18.566864,73.823303,2026-09-18 22:21:00
DEV979,18.471838,73.835735,2026-09-18 22:21:00
DEV414,18.60418,73.917982,2026-09-18 22:21:00
DEV058,18.602507,73.766217,2026-09-18 22:21:00
DEV876,18.647161,73.819968,2026-09-18 22:22:00
DEV070,18.476932,73.786281,2026-09-18 22:22:00
DEV887,18.497888,73.866549,2026-09-18 22:22:00
DEV180,18.575325,73.891225,2026-09-18 22:22:00
DEV084,18.51332,73.785561,2026-09-18 22:22:00
DEV021,18.637611,73.934143,2026-09-18 22:22:00
DEV386,18.482119,73.887684,2026-09-18 22:22:00
DEV444,18.451481,73.824813,2026-09-18 22:22:00
DEV582,18.610321,73.91766,2026-09-18 22:22:00
DEV285,18.619552,73.823344,2026-09-18 22:22:00
DEV866,18.5064,73.875721,2026-09-18 22:23:00
DEV946,18.642204,73.871101,2026-09-18 22:23:00
DEV111,18.470895,73.886695,2026-09-18 22:23:00
DEV998,18.459919,73.826809,2026-09-18 22:23:00
DEV612,18.479887,73.848026,2026-09-18 22:23:00
DEV391,18.517939,73.843262,2026-09-18 22:23:00
DEV161,18.555235,73.929091,2026-09-18 22:23:00
DEV237,18.51835,73.885781,2026-09-18 22:23:00
DEV816,18.593344,73.875914,2026-09-18 22:24:00
DEV118,18.574475,73.8395,2026-09-18 22:24:00
DEV006,18.624834,73.794002,2026-09-18 22:24:00
DEV710,18.534324,73.883364,2026-09-18 22:24:00
DEV630,18.523197,73.943714,2026-09-18 22:24:00
DEV782,18.521273,73.920901,2026-09-18 22:24:00
DEV613,18.517707,73.941171,2026-09-18 22:24:00
DEV705,18.458056,73.784692,2026-09-18 22:24:00
DEV269,18.572737,73.937598,2026-09-18 22:24:00
DEV931,18.544074,73.849857,2026-09-18 22:24:00
DEV825,18.543702,73.859942,2026-09-18 22:24:00
DEV273,18.596106,73.759751,2026-09-18 22:24:00
DEV553,18.480515,73.782428,2026-09-18 22:25:00
DEV062,18.549105,73.949573,2026-09-18 22:25:00
DEV950,18.544047,73.782644,2026-09-18 22:25:00
DEV331,18.488709,73.908096,2026-09-18 22:25:00
DEV846,18.622404,73.810344,2026-09-18 22:25:00
DEV538,18.630876,73.927881,2026-09-18 22:25:00
DEV987,18.587317,73.919355,2026-09-18 22:26:00
DEV663,18.616681,73.829967,2026-09-18 22:26:00
DEV719,18.624298,73.890751,2026-09-18 22:26:00
DEV037,18.517646,73.750721,2026-09-18 22:26:00
DEV634,18.455397,73.917783,2026-09-18 22:26:00
DEV574,18.541346,73.87306,2026-09-18 22:26:00
DEV327,18.643646,73.849653,2026-09-18 22:26:00
DEV889,18.588436,73.938166,2026-09-18 22:26:00
DEV193,18.450593,73.941931,2026-09-18 22:26:00
DEV645,18.595294,73.901132,2026-09-18 22:26:00
DEV454,18.530534,73.773383,2026-09-18 22:26:00
DEV489,18.646078,73.94436,2026-09-18 22:26:00
DEV088,18.45526,73.89141,2026-09-18 22:26:00
DEV450,18.475717,73.834852,2026-09-18 22:26:00
DEV226,18.51449,73.796583,2026-09-18 22:26:00
DEV658,18.574393,73.868849,2026-09-18 22:26:00
DEV428,18.459252,73.779797,2026-09-18 22:26:00
DEV166,18.583156,73.820799,2026-09-18 22:27:00
DEV540,18.62611,73.80064,2026-09-18 22:27:00
DEV861,18.534571,73.915006,2026-09-18 22:27:00
DEV554,18.609237,73.888977,2026-09-18 22:27:00
DEV206,18.566104,73.777927,2026-09-18 22:27:00
DEV666,18.638846,73.768784,2026-09-18 22:27:00
DEV343,18.57529,73.75438,2026-09-18 22:27:00
DEV664,18.62043,73.921729,2026-09-18 22:27:00
DEV027,18.636616,73.839711,2026-09-18 22:27:00
DEV685,18.508503,73.757986,2026-09-18 22:27:00
DEV813,18.538026,73.846184,2026-09-18 22:27:00
DEV268,18.587754,73.809726,2026-09-18 22:27:00
DEV706,18.533721,73.862151,2026-09-18 22:27:00
DEV789,18.540787,73.86721,2026-09-18 22:28:00
DEV416,18.639704,73.776073,2026-09-18 22:28:00
DEV005,18.591224,73.863405,2026-09-18 22:28:00
DEV013,18.648286,73.897762,2026-09-18 22:28:00
DEV463,18.481861,73.932946,2026-09-18 22:28:00
DEV115,18.593015,73.750952,2026-09-18 22:28:00
DEV272,18.589055,73.836374,2026-09-18 22:28:00
DEV397,18.538798,73.923389,2026-09-18 22:28:00
DEV425,18.538729,73.931719,2026-09-18 22:29:00
DEV195,18.582071,73.781041,2026-09-18 22:29:00
DEV877,18.640819,73.812909,2026-09-18 22:29:00
DEV314,18.480218,73.924327,2026-09-18 22:29:00
DEV078,18.585706,73.84272,2026-09-18 22:29:00
DEV717,18.547621,73.89558,2026-09-18 22:29:00
DEV423,18.566832,73.82407,2026-09-18 22:29:00
DEV195,18.599345,73.876706,2026-09-18 22:29:00
DEV886,18.632364,73.847323,2026-09-18 22:29:00
DEV358,18.565658,73.793734,2026-09-18 22:29:00
DEV273,18.577478,73.860355,2026-09-18 22:29:00
DEV613,18.546458,73.789097,2026-09-18 22:29:00
DEV147,18.451478,73.928867,2026-09-18 22:29:00
DEV822,18.504798,73.925668,2026-09-18 22:29:00
DEV439,18.536289,73.797341,2026-09-18 22:30:00
DEV767,18.457685,73.880637,2026-09-18 22:30:00
DEV271,18.611511,73.782377,2026-09-18 22:30:00
DEV624,18.506983,73.937238,2026-09-18 22:30:00
DEV737,18.537093,73.854713,2026-09-18 22:31:00
DEV442,18.613826,73.780515,2026-09-18 22:31:00
DEV216,18.466468,73.826304,2026-09-18 22:31:00
DEV823,18.490126,73.927283,2026-09-18 22:31:00
DEV612,18.637667,73.804247,2026-09-18 22:31:00
DEV195,18.610324,73.823608,2026-09-18 22:31:00
DEV926,18.526823,73.800584,2026-09-18 22:31:00
DEV041,18.557231,73.763158,2026-09-18 22:31:00
DEV981,18.632247,73.80139,2026-09-18 22:31:00
DEV117,18.506807,73.863386,2026-09-18 22:32:00
DEV535,18.519553,73.750914,2026-09-18 22:32:00
DEV229,18.495289,73.782209,2026-09-18 22:32:00
DEV603,18.592962,73.788037,2026-09-18 22:32:00
DEV965,18.639434,73.891504,2026-09-18 22:32:00
DEV273,18.503874,73.836203,2026-09-18 22:32:00
DEV440,18.640535,73.85385,2026-09-18 22:32:00
DEV205,18.530921,73.829269,2026-09-18 22:32:00
DEV035,18.580065,73.763276,2026-09-18 22:32:00
DEV883,18.458869,73.824471,2026-09-18 22:32:00
DEV010,18.620949,73.773213,2026-09-18 22:33:00
DEV971,18.507353,73.858963,2026-09-18 22:33:00
DEV595,18.626766,73.894646,2026-09-18 22:33:00
DEV751,18.546772,73.904018,2026-09-18 22:33:00
DEV419,18.634634,73.860574,2026-09-18 22:33:00
DEV017,18.513471,73.802803,2026-09-18 22:33:00
DEV685,18.453382,73.790135,2026-09-18 22:34:00
DEV165,18.645665,73.932397,2026-09-18 22:34:00
DEV712,18.638854,73.792596,2026-09-18 22:34:00
DEV558,18.507363,73.862764,2026-09-18 22:34:00
DEV936,18.544423,73.871487,2026-09-18 22:34:00
DEV553,18.646181,73.785391,2026-09-18 22:34:00
DEV416,18.547608,73.82912,2026-09-18 22:35:00
DEV144,18.555052,73.934865,2026-09-18 22:35:00
DEV047,18.597902,73.777803,2026-09-18 22:35:00
DEV285,18.504535,73.933049,2026-09-18 22:35:00
DEV843,18.61311,73.800591,2026-09-18 22:35:00
DEV063,18.468283,73.932227,2026-09-18 22:35:00
DEV608,18.60012,73.891459,2026-09-18 22:35:00
DEV114,18.495687,73.808149,2026-09-18 22:35:00
DEV830,18.509946,73.904633,2026-09-18 22:35:00
DEV324,18.450521,73.828076,2026-09-18 22:35:00
DEV378,18.54221,73.90444,2026-09-18 22:36:00
DEV165,18.641425,73.874227,2026-09-18 22:36:00
DEV690,18.455947,73.824454,2026-09-18 22:36:00
DEV211,18.639408,73.899513,2026-09-18 22:36:00
DEV485,18.475701,73.828083,2026-09-18 22:36:00
DEV204,18.55246,73.934565,2026-09-18 22:36:00
DEV657,18.558598,73.853543,2026-09-18 22:36:00
DEV318,18.48156,73.76534,2026-09-18 22:36:00
DEV398,18.562387,73.813686,2026-09-18 22:36:00
DEV592,18.634899,73.800836,2026-09-18 22:36:00
DEV939,18.614445,73.868063,2026-09-18 22:36:00
DEV110,18.584455,73.939106,2026-09-18 22:36:00
DEV117,18.596729,73.804189,2026-09-18 22:37:00
DEV802,18.581091,73.859558,2026-09-18 22:37:00
DEV040,18.465107,73.868191,2026-09-18 22:37:00
DEV163,18.585081,73.834922,2026-09-18 22:37:00
DEV162,18.647904,73.758486,2026-09-18 22:37:00
DEV396,18.642898,73.860053,2026-09-18 22:37:00
DEV164,18.613392,73.930576,2026-09-18 22:37:00
DEV073,18.50188,73.810545,2026-09-18 22:37:00
DEV213,18.480435,73.789008,2026-09-18 22:37:00
DEV748,18.644365,73.823933,2026-09-18 22:37:00
DEV927,18.499303,73.751658,2026-09-18 22:37:00
DEV847,18.462496,73.934088,2026-09-18 22:38:00
DEV520,18.482209,73.781475,2026-09-18 22:38:00
DEV573,18.466874,73.752564,2026-09-18 22:38:00
DEV637,18.593113,73.891738,2026-09-18 22:38:00
DEV356,18.458329,73.907043,2026-09-18 22:38:00
DEV489,18.457595,73.914342,2026-09-18 22:38:00
DEV151,18.577126,73.880545,2026-09-18 22:38:00
DEV267,18.599029,73.884858,2026-09-18 22:38:00
DEV113,18.474884,73.773381,2026-09-18 22:38:00
DEV992,18.619255,73.772733,2026-09-18 22:39:00
DEV455,18.620626,73.842355,2026-09-18 22:39:00
DEV728,18.503777,73.818504,2026-09-18 22:39:00
DEV787,18.518335,73.85412,2026-09-18 22:39:00
DEV721,18.644111,73.946004,2026-09-18 22:39:00
DEV161,18.489362,73.894973,2026-09-18 22:39:00
DEV335,18.548656,73.942903,2026-09-18 22:39:00
DEV502,18.547856,73.913556,2026-09-18 22:39:00
DEV375,18.481752,73.944465,2026-09-18 22:39:00
DEV980,18.62895,73.903342,2026-09-18 22:39:00
DEV090,18.566306,73.814283,2026-09-18 22:39:00
DEV708,18.458275,73.797099,2026-09-18 22:39:00
DEV961,18.501877,73.85825,2026-09-18 22:39:00
DEV729,18.600109,73.909413,2026-09-18 22:39:00
DEV039,18.453598,73.902007,2026-09-18 22:40:00
DEV415,18.569872,73.854358,2026-09-18 22:40:00
DEV156,18.565042,73.867128,2026-09-18 22:40:00
DEV542,18.543858,73.919867,2026-09-18 22:40:00
DEV305,18.504401,73.809114,2026-09-18 22:40:00
DEV928,18.561486,73.892301,2026-09-18 22:40:00
DEV900,18.614797,73.78944,2026-09-18 22:40:00
DEV189,18.594529,73.75405,2026-09-18 22:40:00
DEV492,18.586375,73.89825,2026-09-18 22:40:00
DEV972,18.456475,73.941276,2026-09-18 22:40:00
DEV619,18.451969,73.897421,2026-09-18 22:40:00
DEV646,18.575043,73.817642,2026-09-18 22:40:00
DEV664,18.586846,73.922354,2026-09-18 22:40:00
DEV252,18.558719,73.83117,2026-09-18 22:40:00
DEV448,18.52125,73.87794,2026-09-18 22:40:00
DEV998,18.581876,73.773795,2026-09-18 22:41:00
DEV886,18.476944,73.753092,2026-09-18 22:41:00
DEV412,18.536837,73.889084,2026-09-18 22:41:00
DEV682,18.589159,73.886281,2026-09-18 22:41:00
DEV375,18.528394,73.847482,2026-09-18 22:41:00
DEV388,18.645393,73.854267,2026-09-18 22:41:00
DEV691,18.533147,73.786039,2026-09-18 22:42:00
DEV129,18.512822,73.814847,2026-09-18 22:42:00
DEV429,18.57691,73.834724,2026-09-18 22:42:00
DEV917,18.509128,73.795024,2026-09-18 22:42:00
DEV479,18.6026,73.783506,2026-09-18 22:42:00
DEV127,18.474293,73.765026,2026-09-18 22:42:00
DEV438,18.478387,73.836859,2026-09-18 22:42:00
DEV906,18.466793,73.88817,2026-09-18 22:42:00
DEV555,18.623322,73.797823,2026-09-18 22:43:00
DEV266,18.522711,73.817687,2026-09-18 22:43:00
DEV673,18.54848,73.780005,2026-09-18 22:43:00
DEV891,18.64093,73.918698,2026-09-18 22:43:00
DEV813,18.506428,73.898985,2026-09-18 22:43:00
DEV239,18.633178,73.8283,2026-09-18 22:43:00
DEV993,18.636528,73.828914,2026-09-18 22:43:00
DEV469,18.46647,73.781103,2026-09-18 22:43:00
DEV640,18.587668,73.875651,2026-09-18 22:44:00
DEV666,18.556053,73.890475,2026-09-18 22:44:00
DEV458,18.635148,73.881505,2026-09-18 22:44:00
DEV466,18.616828,73.761855,2026-09-18 22:44:00
DEV990,18.605543,73.786836,2026-09-18 22:44:00
DEV828,18.554425,73.754813,2026-09-18 22:44:00
DEV206,18.57241,73.811529,2026-09-18 22:44:00
DEV098,18.480272,73.935416,2026-09-18 22:45:00
DEV140,18.579142,73.81239,2026-09-18 22:45:00
DEV795,18.58447,73.903645,2026-09-18 22:45:00
DEV454,18.514932,73.80715,2026-09-18 22:45:00
DEV320,18.621674,73.926822,2026-09-18 22:45:00
DEV089,18.627512,73.911567,2026-09-18 22:45:00
DEV638,18.638594,73.786898,2026-09-18 22:46:00
DEV883,18.64815,73.899767,2026-09-18 22:46:00
DEV415,18.609372,73.895001,2026-09-18 22:46:00
DEV206,18.633704,73.753419,2026-09-18 22:46:00
DEV107,18.483825,73.927088,2026-09-18 22:46:00
DEV185,18.499304,73.773353,2026-09-18 22:46:00
DEV494,18.620075,73.903616,2026-09-18 22:46:00
DEV806,18.632889,73.792588,2026-09-18 22:46:00
DEV436,18.508717,73.765892,2026-09-18 22:46:00
DEV386,18.559937,73.909903,2026-09-18 22:47:00
DEV726,18.648738,73.791449,2026-09-18 22:47:00
DEV596,18.555916,73.820735,2026-09-18 22:47:00
DEV195,18.473169,73.770883,2026-09-18 22:47:00
DEV810,18.641944,73.789055,2026-09-18 22:47:00
DEV341,18.642878,73.850345,2026-09-18 22:47:00
DEV976,18.490404,73.866001,2026-09-18 22:47:00
DEV435,18.492298,73.751871,2026-09-18 22:48:00
DEV742,18.482555,73.898519,2026-09-18 22:48:00
DEV462,18.543764,73.811166,2026-09-18 22:48:00
DEV339,18.564415,73.792439,2026-09-18 22:48:00
DEV008,18.45751,73.904971,2026-09-18 22:48:00
DEV492,18.474321,73.939171,2026-09-18 22:48:00
DEV522,18.498222,73.922173,2026-09-18 22:48:00
DEV294,18.531022,73.882799,2026-09-18 22:48:00
DEV059,18.491054,73.903733,2026-09-18 22:48:00
DEV602,18.586566,73.926595,2026-09-18 22:48:00
DEV345,18.494282,73.830827,2026-09-18 22:48:00
DEV842,18.458364,73.859361,2026-09-18 22:48:00
DEV608,18.640174,73.786482,2026-09-18 22:48:00
DEV054,18.456881,73.779818,2026-09-18 22:48:00
DEV006,18.453774,73.863005,2026-09-18 22:48:00
DEV347,18.528798,73.760666,2026-09-18 22:48:00
DEV412,18.588041,73.873453,2026-09-18 22:48:00
DEV676,18.473397,73.897261,2026-09-18 22:49:00
DEV220,18.570826,73.940664,2026-09-18 22:49:00
DEV480,18.456433,73.790429,2026-09-18 22:49:00
DEV630,18.547688,73.909953,2026-09-18 22:49:00
DEV572,18.473101,73.876859,2026-09-18 22:49:00
DEV796,18.5054,73.799733,2026-09-18 22:50:00
DEV733,18.469997,73.853119,2026-09-18 22:50:00
DEV664,18.540218,73.810918,2026-09-18 22:50:00
DEV999,18.455834,73.886495,2026-09-18 22:50:00
DEV550,18.560138,73.758944,2026-09-18 22:50:00
DEV830,18.589101,73.920038,2026-09-18 22:50:00
DEV925,18.625787,73.864019,2026-09-18 22:50:00
DEV265,18.54366,73.941395,2026-09-18 22:50:00
DEV832,18.516069,73.91357,2026-09-18 22:50:00
DEV162,18.569523,73.891822,2026-09-18 22:50:00
DEV922,18.5066,73.855074,2026-09-18 22:50:00
DEV962,18.644934,73.75584,2026-09-18 22:51:00
DEV971,18.568488,73.901078,2026-09-18 22:51:00
DEV105,18.49522,73.919512,2026-09-18 22:51:00
DEV523,18.471256,73.88087,2026-09-18 22:51:00
DEV264,18.562968,73.860362,2026-09-18 22:51:00
DEV072,18.528175,73.860293,2026-09-18 22:51:00
DEV224,18.500482,73.928235,2026-09-18 22:51:00
DEV246,18.481032,73.772031,2026-09-18 22:51:00
DEV111,18.508767,73.806177,2026-09-18 22:51:00
DEV546,18.548604,73.755271,2026-09-18 22:51:00
DEV247,18.453926,73.835427,2026-09-18 22:52:00
DEV266,18.462907,73.758067,2026-09-18 22:52:00
DEV645,18.503031,73.792758,2026-09-18 22:52:00
DEV268,18.481833,73.891056,2026-09-18 22:52:00
DEV521,18.609815,73.932536,2026-09-18 22:52:00
DEV179,18.595885,73.941987,2026-09-18 22:52:00
DEV382,18.555013,73.793075,2026-09-18 22:52:00
DEV775,18.502461,73.788961,2026-09-18 22:52:00
DEV388,18.575775,73.949019,2026-09-18 22:52:00
DEV421,18.548089,73.907995,2026-09-18 22:52:00
DEV642,18.479045,73.785786,2026-09-18 22:52:00
DEV147,18.579152,73.786196,2026-09-18 22:53:00
DEV465,18.637418,73.927518,2026-09-18 22:53:00
DEV403,18.60379,73.865078,2026-09-18 22:53:00
DEV584,18.629131,73.811053,2026-09-18 22:53:00
DEV905,18.572271,73.807039,2026-09-18 22:53:00
DEV336,18.490751,73.889927,2026-09-18 22:53:00
DEV494,18.581953,73.767959,2026-09-18 22:53:00
DEV806,18.619529,73.892542,2026-09-18 22:53:00
DEV936,18.577709,73.916092,2026-09-18 22:54:00
DEV610,18.646835,73.904972,2026-09-18 22:54:00
DEV520,18.47913,73.920325,2026-09-18 22:54:00
DEV284,18.479007,73.948926,2026-09-18 22:54:00
DEV883,18.643888,73.768118,2026-09-18 22:54:00
DEV837,18.552679,73.935997,2026-09-18 22:54:00
DEV049,18.508018,73.8378,2026-09-18 22:54:00
DEV523,18.608602,73.889696,2026-09-18 22:54:00
DEV426,18.487356,73.933751,2026-09-18 22:54:00
DEV779,18.599321,73.872195,2026-09-18 22:54:00
DEV002,18.58578,73.794511,2026-09-18 22:54:00
DEV586,18.458987,73.801838,2026-09-18 22:55:00
DEV650,18.520147,73.843915,2026-09-18 22:55:00
DEV544,18.605047,73.789239,2026-09-18 22:55:00
DEV540,18.487464,73.7775,2026-09-18 22:55:00
DEV449,18.576661,73.867378,2026-09-18 22:55:00
DEV295,18.642551,73.794939,2026-09-18 22:55:00
DEV975,18.583701,73.86348,2026-09-18 22:55:00
DEV497,18.568967,73.891469,2026-09-18 22:55:00
DEV513,18.488061,73.944851,2026-09-18 22:55:00
DEV731,18.517979,73.907235,2026-09-18 22:55:00
DEV641,18.504526,73.919458,2026-09-18 22:56:00
DEV104,18.487889,73.788874,2026-09-18 22:56:00
DEV934,18.517589,73.897592,2026-09-18 22:56:00
DEV140,18.471483,73.924486,2026-09-18 22:56:00
DEV020,18.459713,73.762962,2026-09-18 22:56:00
DEV707,18.492545,73.826058,2026-09-18 22:56:00
DEV023,18.520249,73.914554,2026-09-18 22:56:00
DEV676,18.590558,73.773162,2026-09-18 22:56:00
DEV060,18.527003,73.946797,2026-09-18 22:57:00
DEV443,18.451783,73.81376,2026-09-18 22:57:00
DEV973,18.556229,73.89837,2026-09-18 22:57:00
DEV111,18.551671,73.860669,2026-09-18 22:57:00
DEV832,18.579902,73.799573,2026-09-18 22:57:00
DEV964,18.615291,73.890724,2026-09-18 22:57:00
DEV988,18.482447,73.864523,2026-09-18 22:57:00
DEV021,18.579121,73.806165,2026-09-18 22:57:00
DEV256,18.593763,73.825743,2026-09-18 22:57:00
DEV366,18.531471,73.813164,2026-09-18 22:57:00
DEV237,18.475714,73.773751,2026-09-18 22:57:00
DEV573,18.50063,73.755812,2026-09-18 22:57:00
DEV804,18.580753,73.782727,2026-09-18 22:58:00
DEV773,18.49634,73.750383,2026-09-18 22:58:00
DEV711,18.461297,73.848922,2026-09-18 22:58:00
DEV916,18.646888,73.877939,2026-09-18 22:58:00
DEV215,18.596381,73.93587,2026-09-18 22:58:00
DEV143,18.475749,73.759818,2026-09-18 22:58:00
DEV223,18.545729,73.767636,2026-09-18 22:58:00
DEV075,18.504937,73.822291,2026-09-18 22:58:00
DEV259,18.503701,73.897553,2026-09-18 22:58:00
DEV039,18.601799,73.926422,2026-09-18 22:59:00
DEV231,18.622247,73.828425,2026-09-18 22:59:00
DEV731,18.554298,73.814532,2026-09-18 22:59:00
DEV334,18.55006,73.78476,2026-09-18 22:59:00
DEV752,18.586665,73.855575,2026-09-18 22:59:00
DEV957,18.514922,73.82867,2026-09-18 22:59:00
DEV289,18.645961,73.772547,2026-09-18 22:59:00
DEV481,18.624228,73.777265,2026-09-18 23:00:00
DEV791,18.589008,73.836744,2026-09-18 23:00:00
DEV311,18.547941,73.817501,2026-09-18 23:00:00
DEV190,18.594241,73.903149,2026-09-18 23:00:00
DEV210,18.592644,73.899965,2026-09-18 23:00:00
DEV416,18.459668,73.877098,2026-09-18 23:00:00
DEV934,18.608114,73.875386,2026-09-18 23:00:00
DEV519,18.534405,73.810723,2026-09-18 23:00:00
